OrderID,Customer_Age,Membership_Years,Items_In_Cart,Discount_Pct,Delivery_Distance_KM,Product_Category,Payment_Method,Is_Premium_Member,Season,Day_Of_Week,Transaction_Amount
ORD303467,51.0,2.9,2,26.0,21.0,Home & Kitchen,upi,no,Monsoon,Sat,59.5
ORD301538,52.0,2.2,9,14.3,10.0,Electronics,upi,no,Spring,Fri,387.02
ORD300078,36.0,2.8,9,20.299269776876265,11.2,Books,upi,yes,Winter,Wed,5.0
ORD304642,19.0,0.5,9,31.2,4.2,Home & Kitchen,debit card,yes,Summer,Wed,126.66
ORD300960,42.0,7.3,6,20.4,9.4,Beauty,debit card,no,Spring,Wed,85.65
ORD302842,19.0,4.8,3,30.1,0.9,Electronics,debit card,no,Spring,Fri,195.32
ORD303131,43.26208443809912,8.7,6,7.8,7.5,Clothing,credit card,no,Winter,Mon,82.6
ORD300449,42.0,2.7,6,29.8,11.3,Clothing,debit card,yes,Spring,Sat,96.33
ORD301334,63.0,2.6,8,7.4,0.8,Home & Kitchen,upi,yes,Monsoon,Mon,147.8
ORD304393,61.0,4.2,13,7.7,3.9,Sports,credit card,no,Monsoon,Mon,155.12
ORD300909,55.0,8.5,9,16.1,33.3,Clothing,credit card,no,Spring,Fri,56.53
ORD303487,31.0,11.2,8,4.8,1.4,Electronics,upi,no,Spring,Fri,445.82
ORD303157,18.0,8.2,10,7.4,7.2,Electronics,upi,no,Spring,Mon,488.77
ORD300427,18.0,2.0,10,6.4,10.8,Toys,debit card,no,Summer,Fri,40.11
ORD303524,24.0,1.8,13,38.5,1.1,Books,debit card,no,Winter,Tue,38.62
ORD303616,44.0,2.9,7,34.2,73.0,Clothing,upi,no,Spring,Wed,61.15
ORD302209,36.0,5.6,7,22.5,3.3,Home & Kitchen,credit card,yes,Monsoon,Sat,111.47
ORD301708,59.0,3.9,7,2.0,19.8,Sports,credit card,no,Summer,Thu,84.72
ORD302616,54.0,8.6,6,16.2,20.9,Electronics,upi,no,Monsoon,Mon,319.89
ORD304373,48.0,7.6,2,10.4,15.7,Sports,credit card,no,Monsoon,Sun,67.67
ORD301524,18.0,8.7,11,38.1,6.9,Clothing,upi,no,Monsoon,Sun,89.23
ORD304813,50.0,8.8,1,29.5,34.2,Electronics,debit card,yes,Spring,Sun,212.17
ORD302559,62.0,2.9,7,5.2,11.4,Electronics,upi,yes,Winter,Fri,403.57
ORD300602,42.0,1.9,7,25.8,4.8,Beauty,upi,no,Spring,Tue,46.42
ORD301227,44.0,7.3,2,22.6,15.0,Books,wallet,no,Winter,Sat,12.37
ORD304873,66.0,0.6,4,28.9,3.1,Electronics,credit card,no,Winter,Sun,214.58
ORD300446,43.0,9.0,7,1.5,3.1,Electronics,credit card,no,Summer,Sat,439.46
ORD302978,54.0,10.6,11,16.4,1.1,Home & Kitchen,credit card,no,Winter,Fri,170.52
ORD302299,68.0,9.0,13,8.4,1.4,Clothing,credit card,no,Winter,Sat,114.96
ORD301648,27.0,10.7,8,2.8,1.6,Books,credit card,no,Winter,Tue,47.19
ORD302345,23.0,4.2,7,35.1,8.3,Beauty,credit card,no,Winter,Wed,5.0
ORD304466,43.0,8.8,2,2.5,1.4,Books,upi,no,Summer,Fri,22.98
ORD304794,38.0,0.5,13,0.3,1.1,Electronics,wallet,no,Monsoon,Mon,559.74
ORD304115,42.0,7.5,13,19.0,7.8,Electronics,credit card,yes,Winter,Fri,484.84
ORD304698,58.0,5.2,1,1.9,1.9,Electronics,upi,yes,Spring,Mon,283.86
ORD300172,39.0,1.8,2,16.8,7.7,Clothing,upi,no,Monsoon,Sun,56.46
ORD301807,56.0,4.0,6,3.8,6.2,Sports,credit card,yes,Summer,Tue,98.48
ORD301953,33.0,10.5,7,30.6,3.5,Toys,debit card,yes,Summer,Mon,104.24
ORD303414,59.0,10.1,1,3.7,4.2,Home & Kitchen,upi,yes,Spring,Thu,123.43
ORD301012,45.0,5.8,2,24.5,9.7,Home & Kitchen,wallet,no,Spring,Fri,130.61
ORD302132,63.0,11.4,9,15.9,13.9,Books,credit card,no,Summer,Wed,50.74
ORD302682,18.0,10.4,1,8.4,16.8,Clothing,credit card,no,Spring,Fri,74.16
ORD301893,56.0,12.0,12,11.4,8.0,Clothing,upi,no,Spring,Fri,116.71
ORD300195,39.0,0.5,9,9.2,0.0,Electronics,credit card,yes,Winter,Wed,411.61
ORD301592,25.0,10.5,7,37.0,10.055118434603502,Books,credit card,no,Winter,Tue,37.06
ORD301632,39.0,1.1,6,34.0,10.0,Home & Kitchen,wallet,yes,Winter,Sun,78.7
ORD302838,39.0,9.9,9,26.2,11.1,Books,wallet,yes,Winter,Wed,87.64
ORD300325,24.0,10.6,11,20.299269776876265,0.6,Home & Kitchen,upi,no,Monsoon,Fri,178.53
ORD301876,21.0,2.8,7,35.3,4.6,Home & Kitchen,upi,yes,Summer,Sun,130.4
ORD304184,19.0,5.1,1,17.1,6.7,Books,debit card,no,Winter,Sun,60.0
ORD302103,58.0,3.5,6,16.9,10.4,Clothing,wallet,no,Monsoon,Sun,75.56
ORD304586,45.0,4.6,3,19.6,1.8,Clothing,credit card,no,Winter,Fri,86.73
ORD304605,42.0,3.3,4,11.2,10.4,Electronics,credit card,yes,Winter,Thu,298.68
ORD300664,43.0,10.8,1,21.1,8.4,Home & Kitchen,upi,no,Winter,Fri,93.71
ORD300766,41.0,7.9,12,3.5,0.1,Clothing,debit card,yes,Spring,Tue,153.69
ORD303620,37.0,6.1,9,8.8,16.3,Sports,credit card,yes,Summer,Thu,112.96
ORD302323,45.0,8.9,12,4.7,0.4,Beauty,credit card,no,Monsoon,Wed,125.29
ORD303826,36.0,10.5,13,24.9,2.5,Clothing,upi,yes,Winter,Sat,97.73
ORD300594,47.0,6.2,10,38.4,34.4,Toys,wallet,yes,Winter,Wed,37.82
ORD302544,22.0,6.0,12,9.1,1.6,Electronics,debit card,yes,Summer,Mon,527.61
ORD303309,42.0,2.1,8,8.6,21.2,Clothing,wallet,no,Winter,Tue,89.77
ORD300213,54.0,5.8,14,23.4,16.2,Clothing,debit card,yes,Spring,Thu,104.71
ORD303752,31.0,11.0,1,29.4,2.1,Clothing,upi,no,Winter,Mon,74.32
ORD302343,48.0,7.4,1,20.5,0.7,Electronics,credit card,yes,Spring,Fri,252.42
ORD303853,48.0,1.6,12,15.2,0.0,Sports,debit card,no,Monsoon,Wed,116.31
ORD303121,19.0,0.0,9,15.6,20.8,Toys,credit card,yes,Monsoon,Sun,43.93
ORD304267,18.0,5.4,8,4.1,10.055118434603502,Toys,credit card,yes,Winter,Mon,99.37
ORD300194,34.0,0.4,6,28.1,22.1,Books,upi,yes,Summer,Thu,5.0
ORD303224,60.0,9.0,5,19.3,7.4,Clothing,credit card,yes,Winter,Thu,103.43
ORD303447,28.0,6.2,8,15.7,12.8,Clothing,upi,yes,Winter,Sat,101.59
ORD301715,61.0,11.5,14,15.1,1.1,Beauty,debit card,no,Winter,Wed,78.06
ORD302248,67.0,7.0,7,29.9,47.6,Home & Kitchen,debit card,no,Summer,Fri,98.65
ORD304559,20.0,2.6,9,16.2,10.055118434603502,Electronics,credit card,no,Summer,Sun,404.69
ORD301868,22.0,0.5,9,0.4,3.9,Clothing,credit card,no,Winter,Tue,80.78
ORD303918,19.0,10.9,7,4.6,16.6,Sports,credit card,yes,Monsoon,Thu,136.53
ORD302644,42.0,3.4,6,35.2,13.8,Electronics,upi,no,Monsoon,Sun,223.48
ORD302685,60.0,0.7,13,35.4,5.6,Sports,debit card,no,Summer,Mon,80.24
ORD303001,46.0,1.0,2,20.299269776876265,3.1,Electronics,debit card,no,Winter,Fri,189.72
ORD300917,69.0,7.3,14,37.6,5.6,Home & Kitchen,credit card,no,Spring,Mon,163.87
ORD304075,27.0,0.8,9,24.0,1.3,Toys,credit card,no,Winter,Mon,48.16
ORD301195,51.0,3.8,8,19.4,9.4,Electronics,credit card,yes,Monsoon,Sun,391.99
ORD303639,29.0,9.5,6,4.6,10.5,Books,credit card,no,Spring,Thu,18.04
ORD304224,65.0,3.4,11,1.7,0.8,Electronics,wallet,no,Winter,Wed,509.1
ORD303679,61.0,11.9,6,11.0,14.7,Home & Kitchen,debit card,no,Spring,Thu,128.72
ORD302318,29.0,0.3,4,18.1,0.9,Home & Kitchen,debit card,no,Spring,Sun,74.15
ORD303604,28.0,0.0,7,20.299269776876265,22.0,Home & Kitchen,wallet,no,Winter,Thu,129.06
ORD300981,26.0,7.6,4,31.4,10.1,Books,wallet,no,Summer,Sat,46.34
ORD300453,69.0,6.0,9,5.2,9.2,Toys,wallet,no,Summer,Sat,69.23
ORD304062,26.0,9.4,10,5.0,15.4,Electronics,wallet,yes,Summer,Wed,469.74
ORD304354,59.0,1.4,8,19.9,4.8,Toys,credit card,no,Summer,Mon,43.09
ORD303130,20.0,4.2,12,9.2,5.1,Home & Kitchen,credit card,no,Winter,Sat,186.33
ORD301930,63.0,3.0,9,11.1,1.9,Electronics,upi,no,Spring,Thu,5349.12
ORD303112,30.0,8.6,13,21.4,15.1,Electronics,upi,yes,Winter,Thu,464.06
ORD301662,61.0,5.933483606557377,4,34.5,8.9,Electronics,credit card,no,Spring,Sat,204.47
ORD301640,68.0,10.2,10,19.7,10.055118434603502,Beauty,debit card,no,Summer,Mon,81.62
ORD302358,29.0,7.0,14,12.2,5.1,Sports,debit card,yes,Spring,Sat,182.74
ORD303047,38.0,1.4,6,3.8,3.6,Electronics,debit card,no,Summer,Wed,381.28
ORD304209,53.0,11.9,1,9.8,9.4,Beauty,upi,no,Monsoon,Tue,60.43
ORD301447,55.0,4.4,9,23.3,14.3,Electronics,upi,no,Summer,Tue,344.45
ORD303439,64.0,7.4,10,20.299269776876265,15.6,Toys,wallet,no,Summer,Tue,59.39
ORD301442,46.0,7.9,3,32.4,3.0,Electronics,upi,no,Monsoon,Thu,215.12
ORD304812,40.0,1.9,3,26.2,25.7,Clothing,debit card,no,Spring,Thu,62.47
ORD304323,39.0,0.2,7,29.4,12.4,Electronics,upi,yes,Summer,Sat,309.13
ORD301678,41.0,10.6,14,18.6,2.5,Sports,upi,yes,Winter,Wed,203.09
ORD304004,50.0,1.5,12,14.6,10.0,Home & Kitchen,debit card,yes,Summer,Wed,150.78
ORD300596,31.0,7.9,2,11.9,3.8,Clothing,wallet,no,Summer,Thu,97.57
ORD304399,39.0,8.6,5,17.3,47.7,Sports,debit card,no,Spring,Sun,84.48
ORD301355,68.0,5.933483606557377,2,6.4,7.4,Electronics,credit card,no,Spring,Sat,209.62
ORD300718,27.0,10.9,11,23.3,42.3,Books,wallet,no,Monsoon,Thu,39.99
ORD300161,49.0,7.4,2,34.3,10.8,Clothing,credit card,yes,Spring,Sun,105.58
ORD304236,65.0,4.4,13,37.8,5.9,Home & Kitchen,credit card,no,Monsoon,Mon,131.65
ORD301229,29.0,11.3,4,32.2,0.3,Home & Kitchen,debit card,no,Winter,Thu,115.81
ORD301257,21.0,0.3,3,4.4,8.2,Electronics,wallet,no,Summer,Sun,281.49
ORD302807,21.0,10.8,7,15.1,12.2,Home & Kitchen,credit card,no,Monsoon,Sun,165.01
ORD303564,50.0,2.8,11,24.2,3.4,Sports,upi,no,Spring,Thu,83.64
ORD304547,31.0,7.2,6,38.2,4.4,Toys,credit card,no,Monsoon,Mon,52.21
ORD301859,37.0,8.6,10,20.299269776876265,12.3,Sports,credit card,no,Summer,Wed,156.17
ORD301985,33.0,10.1,3,29.2,10.055118434603502,Sports,credit card,no,Monsoon,Fri,75.36
ORD300786,48.0,8.7,6,20.299269776876265,0.9,Sports,upi,no,Summer,Fri,62.22
ORD302019,42.0,3.8,3,2.5,21.8,Toys,wallet,no,Winter,Mon,44.59
ORD304604,53.0,5.933483606557377,10,24.9,10.9,Home & Kitchen,credit card,yes,Spring,Tue,163.55
ORD304013,38.0,11.2,1,1.7,4.8,Toys,debit card,yes,Winter,Sat,79.9
ORD302055,43.26208443809912,5.933483606557377,14,2.5,21.9,Electronics,debit card,no,Summer,Tue,610.81
ORD304526,29.0,7.7,1,12.8,1.4,Home & Kitchen,credit card,yes,Summer,Sat,121.23
ORD300860,58.0,4.7,10,35.4,3.5,Home & Kitchen,upi,no,Summer,Fri,128.48
ORD304151,56.0,11.6,2,28.2,2.5,Clothing,debit card,yes,Monsoon,Mon,64.88
ORD302811,30.0,0.2,7,38.8,2.4,Clothing,debit card,no,Summer,Tue,62.05
ORD301561,55.0,5.5,3,8.3,10.055118434603502,Electronics,upi,no,Winter,Sun,308.65
ORD304961,42.0,11.0,1,34.4,3.4,Clothing,debit card,yes,Spring,Tue,56.45
ORD300145,20.0,4.8,14,5.5,41.2,Toys,credit card,no,Winter,Fri,75.51
ORD300561,28.0,1.3,2,35.4,1.5,Electronics,credit card,no,Monsoon,Fri,192.0
ORD301547,56.0,0.3,11,9.3,20.0,Books,wallet,yes,Summer,Sun,44.0
ORD302623,41.0,0.1,5,23.7,2.5,Home & Kitchen,debit card,no,Spring,Tue,83.99
ORD303396,67.0,5.2,5,9.9,12.7,Beauty,wallet,no,Summer,Sat,81.07
ORD301170,50.0,4.6,5,2.6,7.4,Books,credit card,no,Spring,Fri,50.14
ORD301143,66.0,2.6,11,0.5,29.3,Electronics,upi,no,Winter,Sat,505.06
ORD304992,29.0,5.8,13,10.7,0.5,Home & Kitchen,upi,no,Winter,Fri,224.49
ORD301124,47.0,11.0,4,2.7,4.1,Clothing,credit card,yes,Spring,Tue,117.49
ORD303468,27.0,4.5,12,30.1,10.3,Electronics,credit card,no,Winter,Fri,387.99
ORD303610,31.0,6.9,1,40.0,7.2,Beauty,debit card,yes,Winter,Sun,32.66
ORD303712,56.0,2.3,4,10.4,0.4,Books,wallet,no,Monsoon,Tue,11.66
ORD302000,68.0,10.4,13,35.5,6.4,Books,upi,no,Summer,Thu,28.61
ORD301128,33.0,9.5,3,27.3,2.9,Books,credit card,no,Winter,Fri,43.08
ORD301398,31.0,4.9,9,15.8,8.4,Home & Kitchen,credit card,yes,Monsoon,Mon,158.1
ORD300695,19.0,2.6,11,18.6,0.7,Books,wallet,no,Monsoon,Tue,55.48
ORD301916,33.0,11.8,14,16.4,11.6,Electronics,credit card,yes,Winter,Sat,511.32
ORD302835,34.0,1.5,5,11.5,3.6,Electronics,credit card,no,Monsoon,Sun,301.83
ORD303630,69.0,0.3,3,20.2,12.9,Home & Kitchen,debit card,no,Spring,Sun,55.2
ORD301767,35.0,10.9,5,30.2,10.055118434603502,Sports,credit card,no,Spring,Tue,80.63
ORD300004,58.0,7.4,8,31.8,3.7,Clothing,upi,no,Monsoon,Thu,89.42
ORD304312,56.0,1.1,3,1.2,13.1,Clothing,credit card,yes,Monsoon,Thu,69.66
ORD301209,41.0,7.6,5,18.8,1.6,Home & Kitchen,credit card,yes,Winter,Sun,138.89
ORD302352,50.0,7.8,8,0.9,4.2,Electronics,upi,yes,Summer,Tue,456.56
ORD302470,63.0,1.2,1,32.7,1.0,Home & Kitchen,wallet,no,Winter,Wed,89.27
ORD303612,40.0,6.2,5,10.2,0.4,Clothing,credit card,no,Summer,Sun,102.03
ORD300275,56.0,6.9,6,4.8,28.4,Sports,debit card,yes,Monsoon,Tue,123.1
ORD304542,69.0,0.1,6,9.3,0.4,Clothing,upi,yes,Spring,Thu,87.89
ORD301422,24.0,0.2,5,32.8,1.7,Books,credit card,no,Spring,Sun,5.0
ORD304597,53.0,7.6,12,20.9,0.9,Beauty,debit card,no,Summer,Fri,66.71
ORD301544,38.0,4.1,13,13.3,4.8,Electronics,wallet,no,Monsoon,Mon,501.17
ORD303821,67.0,2.0,4,34.2,10.055118434603502,Clothing,credit card,no,Winter,Fri,25.12
ORD300083,47.0,1.6,8,5.0,42.7,Electronics,credit card,no,Summer,Thu,384.48
ORD302420,21.0,8.0,5,14.5,18.0,Sports,upi,no,Monsoon,Mon,105.78
ORD301263,49.0,7.6,11,32.0,1.8,Beauty,credit card,yes,Winter,Sat,121.77
ORD303805,41.0,6.5,9,26.0,0.6,Clothing,upi,no,Monsoon,Thu,79.83
ORD301499,56.0,4.7,1,1.4,10.055118434603502,Beauty,debit card,yes,Summer,Fri,17.09
ORD301955,56.0,9.8,11,13.2,2.6,Electronics,credit card,yes,Summer,Sun,458.52
ORD304137,63.0,7.0,4,8.0,1.5,Clothing,upi,no,Monsoon,Sun,77.84
ORD300631,25.0,10.1,4,22.5,37.1,Beauty,upi,yes,Winter,Mon,86.61
ORD301320,45.0,11.5,8,31.7,9.8,Beauty,credit card,no,Winter,Sat,88.61
ORD300328,42.0,9.2,11,20.9,19.6,Clothing,upi,no,Summer,Wed,106.63
ORD301801,64.0,5.7,3,30.7,4.4,Electronics,upi,no,Winter,Wed,254.6
ORD300905,58.0,8.4,14,35.3,33.3,Clothing,debit card,yes,Winter,Fri,107.56
ORD301057,44.0,7.6,5,36.7,9.6,Clothing,credit card,no,Spring,Sun,56.0
ORD302755,50.0,11.6,3,15.5,6.6,Sports,credit card,no,Winter,Fri,1299.12
ORD303416,65.0,10.2,9,9.2,6.0,Clothing,debit card,no,Monsoon,Sat,146.92
ORD301381,19.0,5.4,14,10.5,0.1,Clothing,upi,yes,Spring,Wed,127.42
ORD303025,29.0,9.5,14,4.6,20.7,Beauty,upi,no,Summer,Sat,133.33
ORD304979,31.0,11.5,13,14.4,29.7,Sports,credit card,yes,Summer,Thu,131.05
ORD301344,34.0,11.2,3,25.2,34.0,Clothing,debit card,yes,Summer,Sun,88.96
ORD304469,26.0,1.7,12,27.1,40.4,Clothing,upi,no,Monsoon,Tue,58.81
ORD302937,55.0,2.6,13,30.2,0.6,Sports,debit card,no,Spring,Mon,134.92
ORD300651,48.0,1.6,7,22.7,4.1,Sports,upi,yes,Winter,Mon,106.68
ORD302388,64.0,2.3,10,16.7,2.3,Sports,wallet,no,Summer,Fri,74.74
ORD300739,39.0,10.7,12,34.8,27.0,Clothing,upi,no,Winter,Mon,72.91
ORD300588,39.0,5.9,6,10.1,16.6,Sports,credit card,yes,Spring,Thu,128.15
ORD304594,33.0,1.4,12,18.5,17.7,Books,wallet,yes,Monsoon,Fri,25.01
ORD304485,23.0,9.6,13,27.4,25.5,Beauty,wallet,no,Spring,Fri,95.67
ORD304640,66.0,6.8,4,20.299269776876265,0.9,Electronics,upi,yes,Summer,Wed,343.95
ORD302478,57.0,4.1,12,35.5,2.5,Electronics,credit card,yes,Winter,Mon,371.43
ORD302585,56.0,10.5,11,27.4,18.9,Toys,debit card,yes,Monsoon,Tue,86.36
ORD302610,44.0,10.5,2,35.1,2.7,Sports,credit card,yes,Summer,Tue,96.09
ORD301814,54.0,8.4,3,7.9,5.5,Toys,upi,yes,Winter,Mon,69.87
ORD300433,34.0,10.5,9,36.4,0.8,Clothing,debit card,no,Monsoon,Tue,92.81
ORD302810,33.0,11.7,8,30.4,7.2,Sports,upi,no,Summer,Sun,84.61
ORD301208,54.0,2.2,8,33.4,14.0,Books,wallet,no,Summer,Mon,20.8
ORD300831,57.0,3.0,10,16.2,12.3,Home & Kitchen,debit card,no,Summer,Sat,134.89
ORD303070,67.0,6.2,4,21.1,13.2,Electronics,credit card,no,Summer,Fri,255.9
ORD303782,51.0,7.7,6,38.8,31.3,Electronics,wallet,no,Monsoon,Mon,221.9
ORD302659,23.0,6.8,12,32.4,7.7,Beauty,upi,yes,Summer,Thu,119.67
ORD303936,36.0,4.3,10,9.1,9.1,Clothing,credit card,no,Summer,Tue,89.04
ORD304912,34.0,6.6,14,13.3,5.2,Toys,debit card,no,Summer,Thu,81.43
ORD304561,68.0,11.1,3,3.0,1.7,Clothing,credit card,no,Monsoon,Wed,99.86
ORD301420,34.0,10.9,4,34.7,0.8,Toys,debit card,no,Spring,Wed,41.18
ORD304394,27.0,4.2,8,30.6,0.7,Clothing,upi,no,Spring,Fri,78.32
ORD304442,38.0,1.8,9,23.1,6.4,Clothing,credit card,yes,Spring,Sat,92.12
ORD302700,61.0,1.4,14,38.0,3.9,Books,wallet,no,Winter,Thu,20.02
ORD303982,54.0,0.1,12,15.9,6.4,Sports,credit card,no,Monsoon,Thu,108.05
ORD304858,67.0,0.3,14,36.3,10.055118434603502,Home & Kitchen,wallet,yes,Winter,Fri,144.26
ORD301060,60.0,2.0,13,4.2,3.6,Electronics,debit card,no,Summer,Tue,531.34
ORD304862,46.0,1.4,5,34.1,2.0,Electronics,debit card,yes,Winter,Thu,239.84
ORD302731,41.0,5.5,1,14.1,18.7,Books,upi,yes,Monsoon,Wed,25.25
ORD301527,63.0,10.2,10,7.4,9.7,Home & Kitchen,debit card,no,Winter,Fri,150.25
ORD300892,43.26208443809912,0.4,13,36.6,3.2,Clothing,credit card,no,Monsoon,Thu,56.28
ORD300735,59.0,4.0,10,11.2,3.5,Books,wallet,yes,Monsoon,Fri,83.64
ORD304263,65.0,4.9,12,4.6,7.0,Home & Kitchen,credit card,no,Winter,Mon,183.12
ORD304117,26.0,6.9,12,12.5,25.5,Clothing,wallet,no,Summer,Wed,107.03
ORD302956,65.0,5.1,11,33.7,5.3,Clothing,debit card,no,Monsoon,Tue,82.09
ORD304360,61.0,10.1,10,36.5,5.4,Home & Kitchen,debit card,no,Winter,Sun,141.17
ORD300358,56.0,5.933483606557377,2,6.1,15.8,Home & Kitchen,upi,yes,Spring,Mon,88.45
ORD302691,52.0,3.0,11,30.3,1.5,Sports,upi,no,Monsoon,Thu,84.21
ORD301163,24.0,5.3,2,9.0,12.9,Clothing,debit card,no,Summer,Mon,60.45
ORD301046,38.0,2.5,9,38.3,0.7,Toys,credit card,no,Winter,Sat,29.24
ORD302930,46.0,10.6,10,16.3,1.0,Clothing,credit card,no,Winter,Sat,81.35
ORD300419,26.0,8.8,14,14.4,32.0,Electronics,wallet,no,Summer,Thu,523.32
ORD301434,19.0,11.4,5,11.0,5.3,Clothing,credit card,no,Summer,Sun,110.23
ORD304887,28.0,7.5,9,20.4,6.8,Sports,debit card,yes,Spring,Sun,136.28
ORD302467,66.0,6.5,2,12.8,9.5,Home & Kitchen,debit card,yes,Monsoon,Thu,136.81
ORD301141,50.0,2.1,10,27.2,2.3,Clothing,upi,no,Spring,Sun,78.82
ORD301402,53.0,9.4,9,3.8,12.0,Electronics,debit card,yes,Spring,Tue,465.55
ORD300741,43.0,6.2,6,39.6,3.5,Home & Kitchen,upi,yes,Monsoon,Mon,140.12
ORD304049,36.0,3.5,14,21.2,2.0,Sports,credit card,no,Monsoon,Fri,115.15
ORD300500,54.0,2.3,3,0.5,35.6,Clothing,debit card,yes,Spring,Wed,70.82
ORD301268,62.0,9.4,13,24.8,9.5,Beauty,debit card,yes,Spring,Sun,1316.52
ORD304198,45.0,3.5,8,16.8,9.1,Electronics,upi,no,Spring,Wed,356.49
ORD302950,61.0,7.5,5,35.2,9.5,Clothing,debit card,no,Winter,Fri,73.71
ORD304359,52.0,6.3,14,16.4,10.4,Home & Kitchen,credit card,no,Monsoon,Wed,192.05
ORD304335,62.0,2.7,14,29.1,0.9,Clothing,upi,no,Summer,Thu,90.56
ORD301003,24.0,7.5,10,22.0,2.6,Toys,debit card,yes,Monsoon,Fri,91.17
ORD304894,32.0,5.0,10,9.7,6.3,Electronics,debit card,no,Spring,Sat,441.74
ORD304447,33.0,11.7,7,10.8,10.0,Toys,debit card,no,Monsoon,Thu,87.05
ORD302801,41.0,7.1,6,21.5,24.5,Toys,wallet,no,Summer,Tue,67.14
ORD303586,64.0,11.5,7,28.6,5.8,Beauty,upi,yes,Spring,Thu,88.94
ORD304713,23.0,2.2,6,32.3,6.0,Home & Kitchen,wallet,no,Summer,Sun,114.32
ORD304512,54.0,3.5,6,15.9,0.3,Home & Kitchen,credit card,yes,Monsoon,Thu,1664.4
ORD302226,25.0,3.0,11,26.7,1.0,Books,upi,yes,Winter,Mon,70.24
ORD302027,59.0,1.2,1,38.2,1.1,Electronics,upi,no,Winter,Sun,148.83
ORD303860,59.0,6.2,10,16.6,15.8,Beauty,upi,no,Summer,Fri,70.59
ORD303529,60.0,4.1,10,22.4,19.1,Toys,debit card,yes,Monsoon,Tue,102.81
ORD301493,33.0,1.3,10,24.6,13.4,Clothing,upi,yes,Monsoon,Sun,88.15
ORD300138,62.0,1.7,14,4.1,19.0,Clothing,upi,yes,Spring,Wed,146.73
ORD302014,34.0,5.8,10,35.4,4.9,Toys,wallet,no,Summer,Thu,84.05
ORD303517,31.0,9.8,8,4.2,20.5,Electronics,credit card,no,Spring,Sat,435.65
ORD303690,28.0,8.3,1,30.4,5.7,Clothing,credit card,no,Summer,Thu,38.21
ORD300798,30.0,6.2,12,10.6,11.9,Beauty,credit card,yes,Spring,Sat,82.17
ORD302661,40.0,7.7,14,11.3,43.2,Home & Kitchen,credit card,no,Winter,Mon,191.87
ORD301625,64.0,0.2,2,0.8,36.4,Electronics,wallet,no,Monsoon,Mon,280.71
ORD300868,21.0,1.4,4,15.4,7.3,Toys,credit card,yes,Monsoon,Tue,50.82
ORD302284,53.0,6.0,14,17.1,0.1,Home & Kitchen,debit card,no,Summer,Mon,192.03
ORD303375,20.0,9.4,14,6.9,3.9,Electronics,wallet,no,Winter,Wed,573.97
ORD304643,39.0,9.3,10,23.4,4.9,Books,credit card,no,Spring,Mon,61.36
ORD300638,49.0,8.1,2,34.9,3.8,Electronics,upi,yes,Winter,Wed,206.07
ORD303511,68.0,0.6,12,3.4,4.9,Beauty,wallet,yes,Monsoon,Mon,108.54
ORD304709,28.0,10.1,11,30.5,17.3,Clothing,debit card,no,Winter,Sat,63.11
ORD301440,29.0,6.3,3,21.4,5.5,Electronics,wallet,no,Winter,Tue,245.51
ORD303746,22.0,0.2,6,7.6,3.8,Electronics,debit card,no,Summer,Sun,355.75
ORD301729,30.0,9.3,9,39.8,9.0,Books,upi,no,Spring,Sat,14.42
ORD304055,18.0,5.5,14,35.9,2.5,Sports,upi,yes,Summer,Tue,146.65
ORD303339,33.0,5.0,4,4.1,2.6,Sports,wallet,no,Spring,Wed,68.15
ORD300757,52.0,5.933483606557377,5,27.6,0.5,Home & Kitchen,credit card,yes,Spring,Sat,116.97
ORD300622,27.0,5.4,8,7.5,15.3,Home & Kitchen,credit card,yes,Summer,Sat,161.49
ORD303484,56.0,10.9,11,24.7,2.9,Electronics,upi,yes,Spring,Fri,407.74
ORD300207,34.0,11.1,5,33.7,1.3,Electronics,credit card,no,Spring,Thu,250.64
ORD300876,43.26208443809912,5.5,11,26.2,1.9,Books,credit card,yes,Spring,Wed,68.36
ORD301086,58.0,3.2,13,20.8,3.2,Clothing,upi,no,Spring,Sat,83.16
ORD300562,43.0,2.1,3,20.4,14.6,Clothing,credit card,no,Monsoon,Tue,26.7
ORD303003,37.0,10.5,14,8.8,13.7,Beauty,credit card,yes,Winter,Tue,145.77
ORD303641,43.26208443809912,8.5,9,38.0,61.9,Electronics,upi,yes,Monsoon,Sun,308.74
ORD301514,22.0,7.1,3,8.2,10.055118434603502,Books,credit card,yes,Winter,Sun,57.58
ORD301095,65.0,11.7,13,27.8,13.3,Home & Kitchen,wallet,no,Spring,Fri,173.55
ORD304950,39.0,7.6,12,32.5,5.4,Home & Kitchen,credit card,yes,Summer,Wed,119.8
ORD302163,20.0,10.2,5,8.2,13.8,Sports,wallet,no,Winter,Tue,87.28
ORD301382,30.0,7.1,4,22.2,4.3,Books,debit card,no,Monsoon,Fri,54.7
ORD301971,32.0,4.9,8,22.7,3.1,Clothing,credit card,no,Summer,Mon,96.81
ORD300800,60.0,7.3,1,21.4,6.0,Sports,debit card,yes,Winter,Tue,105.09
ORD301175,23.0,8.7,8,22.6,21.1,Home & Kitchen,debit card,no,Winter,Tue,121.05
ORD302670,66.0,6.3,7,9.6,10.055118434603502,Home & Kitchen,wallet,yes,Monsoon,Tue,176.54
ORD304318,26.0,3.0,2,34.0,1.0,Electronics,debit card,no,Winter,Wed,172.5
ORD300188,68.0,1.7,6,34.2,4.3,Beauty,upi,yes,Monsoon,Sun,50.8
ORD303079,37.0,9.6,5,0.6,1.6,Clothing,wallet,no,Summer,Sat,120.44
ORD301137,44.0,1.1,8,24.6,9.1,Toys,credit card,no,Summer,Tue,67.35
ORD303865,52.0,7.8,3,16.7,7.5,Home & Kitchen,upi,no,Monsoon,Sun,131.66
ORD302022,47.0,4.4,3,29.8,1.3,Electronics,credit card,no,Summer,Tue,279.51
ORD300372,37.0,1.0,12,7.1,6.7,Home & Kitchen,upi,no,Winter,Mon,193.59
ORD301925,24.0,4.5,13,29.9,7.6,Clothing,upi,no,Spring,Sun,71.01
ORD300889,68.0,8.4,2,19.4,2.5,Books,wallet,no,Spring,Tue,30.45
ORD304911,42.0,1.3,12,12.9,15.2,Electronics,credit card,yes,Summer,Mon,461.77
ORD303940,38.0,1.0,11,30.1,36.9,Electronics,upi,no,Winter,Mon,373.95
ORD300318,59.0,2.3,7,27.6,22.8,Electronics,upi,yes,Spring,Fri,325.88
ORD304006,27.0,5.9,8,1.4,7.0,Beauty,wallet,no,Winter,Sat,70.99
ORD301096,43.0,7.9,8,21.5,22.6,Home & Kitchen,wallet,yes,Summer,Mon,127.27
ORD300974,59.0,9.8,7,33.9,1.4,Books,upi,no,Summer,Fri,15.62
ORD302220,22.0,4.6,4,32.5,4.1,Electronics,credit card,yes,Winter,Tue,252.04
ORD304409,36.0,5.1,1,20.3,10.1,Electronics,wallet,yes,Winter,Sat,240.51
ORD300625,59.0,0.8,10,28.4,6.8,Home & Kitchen,credit card,no,Summer,Thu,126.26
ORD302518,27.0,0.3,14,37.2,17.0,Sports,credit card,yes,Summer,Fri,99.62
ORD301774,31.0,1.5,11,24.5,13.2,Home & Kitchen,upi,yes,Summer,Tue,137.67
ORD303823,45.0,0.9,9,5.2,1.1,Books,upi,no,Spring,Wed,49.16
ORD301406,36.0,11.5,14,21.5,13.7,Beauty,credit card,no,Monsoon,Fri,76.32
ORD304103,37.0,8.8,10,19.1,0.8,Electronics,wallet,yes,Spring,Wed,421.09
ORD302626,68.0,7.7,7,13.2,1.8,Electronics,credit card,no,Spring,Fri,362.96
ORD303050,24.0,7.5,7,5.5,12.8,Sports,upi,no,Monsoon,Sat,110.8
ORD301690,43.26208443809912,11.6,12,9.6,6.5,Clothing,upi,no,Summer,Sat,138.31
ORD300054,67.0,6.9,7,11.2,7.3,Home & Kitchen,debit card,no,Winter,Sun,163.88
ORD302843,58.0,6.6,4,1.1,5.7,Clothing,credit card,no,Summer,Tue,67.35
ORD300470,53.0,1.3,13,14.4,17.8,Sports,credit card,yes,Summer,Sat,155.65
ORD303404,68.0,1.8,13,33.2,43.7,Clothing,upi,no,Monsoon,Sat,93.87
ORD302556,45.0,1.8,2,7.1,7.1,Home & Kitchen,debit card,no,Summer,Sat,105.46
ORD303197,67.0,10.6,5,36.3,10.055118434603502,Electronics,upi,yes,Summer,Fri,282.02
ORD302888,33.0,0.0,7,35.2,30.2,Electronics,credit card,no,Monsoon,Fri,271.39
ORD304563,54.0,5.1,10,30.0,19.6,Home & Kitchen,credit card,no,Spring,Sat,134.8
ORD302063,35.0,1.7,10,31.7,2.5,Clothing,upi,no,Spring,Sat,101.19
ORD303028,54.0,7.3,8,26.1,7.8,Electronics,upi,no,Winter,Fri,336.6
ORD300486,63.0,9.1,13,30.4,39.2,Electronics,wallet,yes,Winter,Mon,431.08
ORD304600,20.0,6.3,5,13.8,2.1,Beauty,upi,yes,Monsoon,Sun,68.05
ORD301806,33.0,7.8,10,16.5,23.4,Books,debit card,no,Spring,Tue,41.26
ORD300387,29.0,6.8,8,18.7,3.3,Home & Kitchen,debit card,no,Monsoon,Sun,119.31
ORD300402,22.0,5.0,1,29.7,1.7,Books,credit card,no,Spring,Tue,28.74
ORD300210,18.0,5.2,1,36.3,4.8,Clothing,debit card,no,Monsoon,Sat,81.66
ORD300615,43.26208443809912,2.3,12,12.4,9.1,Home & Kitchen,credit card,yes,Summer,Sun,201.12
ORD303502,42.0,3.7,3,24.1,4.1,Beauty,wallet,no,Winter,Wed,24.01
ORD303255,49.0,0.5,1,37.7,15.6,Sports,debit card,no,Spring,Mon,32.56
ORD303210,32.0,5.3,3,2.9,1.7,Sports,debit card,yes,Summer,Thu,87.32
ORD301745,29.0,7.8,11,1.5,13.5,Beauty,upi,yes,Spring,Sat,123.43
ORD304941,55.0,8.0,12,20.5,29.5,Sports,credit card,no,Winter,Fri,158.95
ORD301701,44.0,11.7,7,33.2,4.4,Beauty,upi,no,Monsoon,Fri,98.75
ORD304033,69.0,11.5,4,2.5,7.8,Beauty,debit card,no,Spring,Thu,99.83
ORD304061,57.0,2.5,3,39.7,2.9,Electronics,credit card,no,Spring,Wed,175.35
ORD302410,35.0,9.6,3,5.0,5.5,Home & Kitchen,credit card,no,Winter,Sun,110.51
ORD303457,46.0,1.7,8,9.8,13.9,Home & Kitchen,debit card,yes,Spring,Tue,155.64
ORD301015,53.0,3.7,5,13.1,13.9,Clothing,credit card,no,Spring,Mon,86.97
ORD302378,39.0,6.0,6,21.5,11.0,Sports,wallet,no,Spring,Mon,85.25
ORD300770,34.0,8.4,12,26.7,8.3,Beauty,credit card,no,Winter,Sat,114.61
ORD304679,57.0,2.0,1,28.0,8.6,Clothing,wallet,yes,Summer,Wed,60.32
ORD302883,63.0,3.0,10,20.7,4.5,Electronics,wallet,no,Monsoon,Sat,391.2
ORD302154,22.0,5.9,7,11.5,3.7,Books,debit card,no,Spring,Sun,5.0
ORD303506,66.0,4.8,10,19.5,18.0,Books,upi,no,Winter,Mon,15.89
ORD304921,27.0,2.1,6,3.5,24.4,Books,upi,yes,Monsoon,Fri,35.36
ORD302962,18.0,9.3,14,17.2,29.0,Home & Kitchen,credit card,yes,Spring,Tue,217.97
ORD304652,68.0,4.6,14,32.8,18.5,Clothing,credit card,no,Monsoon,Tue,105.6
ORD304247,22.0,2.9,11,16.2,18.0,Sports,debit card,no,Monsoon,Sat,112.13
ORD302993,53.0,0.6,6,6.2,2.3,Beauty,credit card,no,Winter,Sun,835.44
ORD303804,32.0,0.1,8,28.2,7.8,Beauty,credit card,no,Spring,Mon,60.16
ORD304671,51.0,9.8,2,39.7,4.7,Home & Kitchen,credit card,yes,Summer,Wed,95.65
ORD302461,43.26208443809912,11.6,9,27.4,1.2,Toys,credit card,no,Summer,Tue,110.21
ORD302653,41.0,5.1,1,24.2,10.5,Electronics,debit card,no,Spring,Fri,189.57
ORD302523,62.0,3.6,1,22.0,7.5,Sports,credit card,yes,Spring,Tue,42.73
ORD303126,48.0,11.8,10,36.1,10.2,Clothing,debit card,no,Winter,Mon,100.75
ORD304493,20.0,10.1,8,21.1,15.6,Sports,debit card,no,Winter,Mon,124.51
ORD301145,47.0,0.4,5,17.9,60.0,Home & Kitchen,debit card,yes,Spring,Sun,93.26
ORD301781,22.0,9.6,11,25.6,2.3,Clothing,credit card,no,Winter,Tue,74.34
ORD304353,44.0,3.0,2,20.299269776876265,15.2,Clothing,wallet,no,Monsoon,Mon,80.67
ORD304993,32.0,10.4,13,7.4,1.0,Books,credit card,no,Summer,Fri,84.53
ORD304136,68.0,1.7,8,1.2,17.2,Clothing,wallet,no,Summer,Sun,70.53
ORD300187,22.0,5.3,2,6.1,8.0,Home & Kitchen,credit card,no,Winter,Sun,119.82
ORD301136,29.0,1.3,5,34.2,9.8,Home & Kitchen,debit card,no,Monsoon,Tue,84.46
ORD302129,59.0,7.8,8,1.1,0.4,Home & Kitchen,credit card,yes,Monsoon,Sat,211.34
ORD301127,35.0,7.6,6,31.6,1.1,Electronics,credit card,no,Spring,Fri,317.05
ORD300221,18.0,8.8,11,20.2,10.6,Clothing,debit card,yes,Summer,Tue,141.44
ORD304474,44.0,5.9,4,4.0,9.5,Beauty,upi,no,Monsoon,Wed,70.25
ORD300305,35.0,2.7,14,27.5,13.1,Electronics,debit card,yes,Monsoon,Sat,451.89
ORD300370,45.0,0.4,13,31.3,26.1,Sports,upi,no,Spring,Mon,70.12
ORD300979,42.0,2.1,12,32.9,2.9,Beauty,debit card,no,Summer,Thu,104.11
ORD300567,20.0,11.3,1,37.0,2.7,Electronics,upi,yes,Winter,Sat,189.23
ORD302416,36.0,6.5,12,21.6,5.6,Electronics,upi,no,Winter,Mon,434.31
ORD304034,23.0,10.1,7,32.0,7.8,Electronics,upi,no,Summer,Fri,294.83
ORD301598,37.0,3.7,4,21.7,2.4,Electronics,debit card,no,Winter,Sat,261.86
ORD300742,64.0,8.7,3,14.8,2.4,Clothing,upi,no,Winter,Tue,63.15
ORD302450,66.0,1.9,7,28.2,8.1,Electronics,credit card,no,Summer,Sat,307.56
ORD300708,51.0,11.7,14,36.5,33.9,Books,credit card,no,Spring,Sun,37.71
ORD300531,31.0,4.3,8,22.5,13.5,Beauty,credit card,no,Monsoon,Thu,49.57
ORD300640,64.0,11.7,4,11.0,1.8,Toys,credit card,yes,Spring,Fri,66.89
ORD301310,55.0,5.1,8,37.4,7.0,Home & Kitchen,credit card,no,Summer,Tue,120.98
ORD300474,24.0,0.7,8,35.7,1.8,Home & Kitchen,upi,no,Summer,Mon,91.61
ORD301343,19.0,10.0,8,37.8,0.5,Beauty,credit card,no,Summer,Mon,86.57
ORD303738,62.0,9.8,1,10.2,9.6,Clothing,upi,no,Winter,Sun,75.87
ORD301444,21.0,6.3,11,37.7,42.1,Electronics,credit card,yes,Winter,Sun,320.8
ORD303355,25.0,1.5,4,20.299269776876265,8.4,Electronics,credit card,no,Spring,Fri,234.2
ORD304211,43.26208443809912,11.5,5,16.8,3.7,Home & Kitchen,wallet,yes,Spring,Mon,178.13
ORD304214,34.0,0.5,9,19.4,28.6,Electronics,wallet,no,Winter,Sun,341.17
ORD302609,65.0,2.2,4,8.9,10.055118434603502,Sports,credit card,yes,Winter,Thu,63.53
ORD300407,42.0,4.4,13,7.3,0.3,Toys,credit card,no,Monsoon,Thu,82.1
ORD300183,36.0,1.7,3,2.9,1.9,Clothing,debit card,no,Monsoon,Wed,35.56
ORD304351,54.0,7.1,10,30.5,1.1,Sports,debit card,no,Spring,Thu,110.3
ORD302906,26.0,11.3,4,7.9,3.6,Books,credit card,yes,Spring,Sat,31.3
ORD302113,38.0,1.8,5,31.5,1.5,Home & Kitchen,credit card,no,Summer,Sun,76.01
ORD303027,46.0,5.4,9,12.2,5.7,Beauty,upi,no,Summer,Sun,82.64
ORD304384,26.0,9.1,3,31.2,7.0,Toys,credit card,no,Summer,Sat,41.8
ORD302568,35.0,0.7,13,38.4,14.3,Sports,wallet,yes,Winter,Thu,93.73
ORD304574,21.0,9.2,14,10.1,1.8,Home & Kitchen,wallet,no,Monsoon,Wed,215.06
ORD300767,52.0,9.2,4,38.6,3.9,Clothing,debit card,yes,Spring,Thu,69.53
ORD304269,21.0,3.8,9,6.7,21.3,Beauty,debit card,yes,Winter,Sat,76.41
ORD303138,41.0,0.7,3,33.4,1.4,Clothing,credit card,no,Winter,Fri,57.86
ORD304096,66.0,4.2,9,12.3,2.4,Beauty,debit card,no,Spring,Sat,75.59
ORD304658,67.0,8.3,7,29.1,42.5,Electronics,wallet,yes,Spring,Fri,339.41
ORD304367,19.0,1.2,2,36.6,4.3,Toys,wallet,no,Winter,Fri,30.22
ORD301549,40.0,10.7,8,27.6,3.3,Toys,debit card,no,Winter,Mon,110.74
ORD302179,38.0,6.2,2,17.1,14.8,Electronics,debit card,yes,Monsoon,Fri,246.85
ORD302727,53.0,11.0,6,24.1,7.3,Clothing,debit card,yes,Winter,Sat,126.83
ORD304758,62.0,6.5,1,22.8,57.3,Sports,wallet,yes,Winter,Sat,57.43
ORD304953,62.0,8.6,1,5.2,16.6,Home & Kitchen,debit card,yes,Summer,Mon,121.97
ORD302267,38.0,6.8,11,9.4,12.9,Books,upi,no,Summer,Mon,52.57
ORD304077,36.0,9.1,11,39.4,3.1,Clothing,credit card,yes,Monsoon,Sun,86.18
ORD302261,43.26208443809912,5.1,4,9.7,27.3,Toys,credit card,yes,Monsoon,Sun,88.54
ORD302816,31.0,11.9,7,34.9,12.4,Sports,credit card,yes,Summer,Fri,130.45
ORD301884,25.0,4.2,4,24.2,10.055118434603502,Toys,credit card,no,Spring,Fri,37.14
ORD302776,42.0,6.3,9,29.8,4.7,Beauty,upi,no,Winter,Wed,81.61
ORD303825,38.0,2.6,1,15.9,3.9,Clothing,credit card,no,Monsoon,Sat,33.0
ORD303852,48.0,11.7,11,8.8,6.2,Clothing,debit card,no,Monsoon,Sun,101.01
ORD302406,24.0,2.7,13,26.0,15.7,Clothing,debit card,no,Spring,Tue,102.74
ORD300956,44.0,11.7,11,9.3,1.1,Toys,debit card,no,Spring,Wed,114.22
ORD300229,55.0,6.3,2,14.5,31.0,Home & Kitchen,credit card,no,Winter,Mon,82.53
ORD301196,22.0,5.9,9,5.8,2.3,Clothing,credit card,no,Monsoon,Sat,95.53
ORD300459,43.26208443809912,7.2,10,11.2,1.6,Clothing,debit card,no,Winter,Thu,115.69
ORD301337,67.0,4.0,8,4.6,22.0,Electronics,credit card,yes,Monsoon,Tue,447.73
ORD302955,39.0,3.8,2,27.9,6.2,Clothing,credit card,yes,Winter,Sat,58.28
ORD301844,26.0,3.5,13,9.0,3.5,Clothing,credit card,yes,Winter,Sat,150.85
ORD301166,66.0,5.1,3,11.8,4.3,Sports,credit card,yes,Monsoon,Fri,63.55
ORD304098,41.0,10.9,5,7.0,3.8,Home & Kitchen,debit card,no,Winter,Fri,141.8
ORD303092,37.0,1.5,10,19.2,7.6,Home & Kitchen,upi,no,Winter,Fri,119.82
ORD304834,36.0,8.0,9,26.9,16.2,Electronics,debit card,no,Summer,Thu,333.35
ORD302784,63.0,4.0,1,31.1,1.3,Beauty,credit card,yes,Spring,Thu,68.22
ORD300674,65.0,11.1,12,21.0,8.9,Books,credit card,no,Summer,Tue,58.23
ORD303036,62.0,1.7,10,8.3,30.8,Clothing,wallet,no,Monsoon,Fri,83.76
ORD302169,62.0,1.8,4,32.3,2.0,Beauty,credit card,no,Summer,Thu,43.69
ORD303799,35.0,5.5,7,7.6,1.3,Home & Kitchen,debit card,no,Spring,Wed,132.58
ORD303408,59.0,2.8,13,20.0,18.4,Sports,debit card,yes,Summer,Sat,141.32
ORD304407,38.0,4.7,5,4.8,6.0,Home & Kitchen,debit card,no,Winter,Wed,116.03
ORD302534,31.0,6.0,9,28.8,4.7,Electronics,credit card,no,Summer,Fri,307.28
ORD303448,62.0,8.0,3,36.9,4.6,Electronics,debit card,no,Summer,Tue,198.19
ORD304644,62.0,7.0,4,26.1,12.5,Sports,wallet,yes,Monsoon,Fri,114.6
ORD301900,18.0,0.6,11,40.0,18.4,Clothing,upi,no,Monsoon,Sat,29.54
ORD302290,56.0,9.6,1,33.2,10.055118434603502,Home & Kitchen,credit card,no,Summer,Sat,54.7
ORD300968,31.0,3.7,4,29.7,20.1,Electronics,upi,yes,Winter,Mon,276.39
ORD303597,66.0,8.6,1,0.1,0.1,Electronics,upi,no,Winter,Thu,238.74
ORD304204,29.0,4.4,13,3.7,7.4,Beauty,wallet,no,Winter,Tue,87.07
ORD302896,31.0,3.2,10,32.0,1.3,Clothing,upi,no,Monsoon,Mon,35.28
ORD303980,64.0,4.3,5,24.4,22.3,Home & Kitchen,credit card,no,Winter,Fri,97.24
ORD304687,19.0,7.4,5,27.5,23.6,Clothing,debit card,yes,Spring,Wed,67.29
ORD300732,46.0,2.7,12,1.4,16.6,Clothing,debit card,no,Monsoon,Mon,102.53
ORD301042,44.0,7.5,9,10.9,3.1,Electronics,credit card,no,Summer,Wed,424.97
ORD301495,55.0,5.6,12,16.7,25.9,Home & Kitchen,upi,yes,Winter,Wed,179.27
ORD304676,25.0,8.1,6,16.0,1.7,Sports,debit card,no,Summer,Tue,77.89
ORD300665,68.0,6.9,8,38.9,8.4,Beauty,upi,yes,Monsoon,Wed,77.47
ORD300678,64.0,9.8,9,18.2,4.8,Home & Kitchen,debit card,no,Spring,Mon,161.55
ORD302706,31.0,7.6,8,13.2,2.5,Beauty,credit card,no,Summer,Thu,77.77
ORD303573,47.0,10.7,4,5.3,22.6,Home & Kitchen,upi,no,Monsoon,Sun,1777.1999999999998
ORD300940,36.0,0.4,14,38.4,0.9,Electronics,wallet,no,Winter,Tue,359.46
ORD303910,44.0,0.3,2,14.6,9.6,Clothing,upi,no,Monsoon,Thu,75.27
ORD300616,65.0,11.0,10,30.5,5.4,Sports,credit card,no,Monsoon,Thu,134.25
ORD300737,46.0,10.6,12,4.3,17.4,Clothing,wallet,no,Monsoon,Tue,113.78
ORD304854,20.0,2.1,3,38.0,11.8,Home & Kitchen,debit card,yes,Spring,Sat,73.2
ORD301222,43.26208443809912,2.3,2,12.7,5.0,Home & Kitchen,credit card,no,Summer,Thu,91.49
ORD302909,18.0,7.9,8,3.1,1.6,Home & Kitchen,wallet,yes,Monsoon,Wed,186.39
ORD300473,49.0,8.2,2,33.8,6.9,Sports,debit card,no,Monsoon,Wed,44.63
ORD303203,43.26208443809912,3.5,10,17.4,8.7,Home & Kitchen,debit card,no,Winter,Sun,158.91
ORD303753,53.0,6.0,13,5.9,3.1,Electronics,credit card,no,Spring,Sat,583.09
ORD301297,38.0,10.4,6,5.2,11.8,Toys,debit card,yes,Summer,Sat,92.49
ORD304570,63.0,8.3,12,22.5,1.6,Electronics,credit card,no,Spring,Tue,434.74
ORD303122,49.0,2.3,11,2.8,38.3,Electronics,credit card,no,Winter,Sat,464.06
ORD300171,25.0,11.5,11,8.6,7.2,Home & Kitchen,upi,yes,Winter,Mon,201.22
ORD302750,27.0,7.8,7,7.1,2.2,Home & Kitchen,debit card,yes,Spring,Tue,153.05
ORD303828,31.0,3.3,3,2.2,4.7,Toys,credit card,yes,Monsoon,Fri,59.99
ORD302573,33.0,0.2,14,21.7,11.2,Clothing,upi,yes,Winter,Thu,82.69
ORD301118,29.0,3.9,10,24.8,5.8,Home & Kitchen,upi,yes,Monsoon,Thu,179.89
ORD302321,43.0,5.8,8,9.8,31.0,Sports,credit card,no,Summer,Sun,115.96
ORD303064,47.0,3.0,9,14.1,1.6,Clothing,upi,no,Winter,Sun,91.08
ORD300700,34.0,2.4,4,3.8,6.6,Clothing,debit card,yes,Winter,Fri,61.32
ORD304927,32.0,4.7,14,27.0,48.2,Home & Kitchen,credit card,no,Summer,Thu,144.2
ORD304746,22.0,1.5,3,10.2,2.3,Home & Kitchen,debit card,no,Spring,Mon,79.26
ORD302614,41.0,4.1,14,23.3,10.055118434603502,Electronics,debit card,no,Monsoon,Sat,486.16
ORD303178,32.0,1.0,13,2.3,6.1,Books,upi,yes,Summer,Thu,41.95
ORD303377,46.0,2.9,2,14.0,5.8,Toys,upi,no,Spring,Fri,56.68
ORD301982,61.0,4.0,3,16.1,0.8,Sports,wallet,no,Monsoon,Sat,85.04
ORD302463,50.0,4.1,5,10.2,12.2,Toys,credit card,no,Spring,Fri,5.0
ORD304947,21.0,5.8,10,23.6,4.5,Home & Kitchen,credit card,no,Spring,Wed,173.06
ORD302492,32.0,3.9,8,18.9,13.6,Clothing,upi,no,Monsoon,Thu,63.86
ORD304180,65.0,2.4,9,0.8,27.3,Sports,credit card,no,Summer,Mon,112.19
ORD300799,32.0,3.8,1,38.7,6.6,Books,credit card,no,Monsoon,Wed,30.37
ORD301182,53.0,1.6,3,26.5,1.3,Sports,credit card,no,Summer,Thu,80.42
ORD304966,68.0,11.5,9,6.4,4.4,Beauty,credit card,no,Summer,Fri,85.64
ORD304063,57.0,4.7,4,16.5,5.0,Toys,credit card,no,Summer,Mon,37.08
ORD301216,43.0,4.5,2,36.7,4.0,Beauty,upi,yes,Spring,Wed,63.99
ORD300431,60.0,8.4,8,2.3,6.3,Home & Kitchen,upi,yes,Spring,Thu,189.62
ORD301058,28.0,6.9,10,4.4,13.3,Books,credit card,no,Winter,Sat,40.07
ORD300964,24.0,2.2,7,17.6,1.7,Home & Kitchen,upi,no,Monsoon,Mon,132.22
ORD302464,55.0,4.7,5,14.7,5.7,Electronics,debit card,yes,Summer,Tue,296.87
ORD302804,60.0,10.8,7,27.3,5.0,Clothing,credit card,yes,Winter,Wed,107.03
ORD300723,47.0,2.7,10,35.7,2.7,Home & Kitchen,credit card,yes,Winter,Mon,127.56
ORD301947,33.0,5.933483606557377,8,20.7,6.5,Beauty,wallet,yes,Summer,Sat,76.55
ORD304537,21.0,6.5,8,12.7,0.2,Electronics,debit card,no,Summer,Sat,398.54
ORD303745,55.0,9.5,11,18.2,11.2,Clothing,upi,no,Winter,Mon,130.51
ORD301459,20.0,4.3,6,32.1,27.7,Beauty,credit card,yes,Spring,Fri,80.51
ORD304607,56.0,11.6,3,3.9,11.5,Beauty,debit card,yes,Monsoon,Wed,89.02
ORD301104,41.0,6.0,1,16.6,0.1,Electronics,debit card,yes,Winter,Mon,256.12
ORD302057,51.0,0.1,8,38.7,2.8,Books,upi,no,Winter,Sun,5.0
ORD300950,47.0,5.933483606557377,6,13.4,2.1,Beauty,credit card,no,Spring,Sun,60.89
ORD303993,18.0,5.2,5,39.1,6.7,Sports,wallet,yes,Monsoon,Sun,94.93
ORD301374,39.0,6.2,6,10.0,9.0,Electronics,credit card,no,Winter,Tue,346.39
ORD302326,30.0,10.6,13,14.2,6.2,Toys,upi,no,Spring,Sun,101.77
ORD304287,46.0,3.7,10,35.4,9.6,Home & Kitchen,upi,yes,Monsoon,Wed,161.87
ORD301263,49.0,7.6,11,32.0,1.8,Beauty,credit card,yes,Winter,Sat,121.77
ORD301291,52.0,12.0,6,23.3,1.7,Clothing,credit card,no,Spring,Sun,114.55
ORD301390,27.0,0.2,7,27.3,11.4,Beauty,credit card,no,Winter,Fri,55.56
ORD304472,18.0,3.8,9,21.1,6.6,Beauty,credit card,no,Monsoon,Sat,78.77
ORD303550,54.0,0.1,2,9.5,18.3,Electronics,wallet,yes,Spring,Fri,246.65
ORD301365,48.0,11.9,11,7.3,23.5,Clothing,upi,no,Summer,Wed,110.56
ORD304183,48.0,0.5,6,37.5,35.1,Clothing,debit card,no,Winter,Tue,56.17
ORD300672,22.0,11.8,10,30.4,0.3,Electronics,credit card,no,Summer,Sat,376.02
ORD300132,68.0,3.8,8,32.1,6.5,Electronics,wallet,no,Summer,Thu,288.51
ORD302667,63.0,7.4,1,17.9,3.7,Beauty,credit card,yes,Winter,Thu,85.69
ORD304564,19.0,0.1,2,23.2,2.0,Clothing,upi,no,Winter,Mon,56.62
ORD303199,55.0,0.8,4,0.8,8.6,Electronics,debit card,no,Monsoon,Fri,327.07
ORD302099,53.0,4.7,1,21.5,7.7,Sports,upi,yes,Monsoon,Sat,77.8
ORD300840,33.0,5.3,13,1.2,27.2,Home & Kitchen,credit card,yes,Monsoon,Sun,219.84
ORD302069,33.0,1.3,11,30.5,30.6,Clothing,credit card,no,Spring,Wed,77.36
ORD300915,22.0,10.0,10,18.6,8.8,Electronics,wallet,no,Monsoon,Tue,402.3
ORD304311,63.0,11.8,11,37.2,2.0,Home & Kitchen,debit card,no,Spring,Wed,136.5
ORD301933,66.0,5.6,1,11.9,5.9,Electronics,credit card,no,Spring,Thu,190.63
ORD303016,58.0,12.0,1,39.0,7.0,Beauty,credit card,no,Winter,Sun,77.06
ORD300681,55.0,8.9,5,12.5,3.9,Sports,upi,no,Spring,Thu,101.9
ORD300426,40.0,11.7,6,30.5,19.8,Clothing,debit card,no,Summer,Tue,85.94
ORD302383,42.0,9.6,3,7.9,6.5,Clothing,debit card,no,Winter,Sun,40.66
ORD304178,31.0,6.0,7,39.8,23.1,Clothing,upi,no,Winter,Thu,93.43
ORD304555,59.0,0.8,3,19.6,2.6,Electronics,credit card,no,Monsoon,Thu,259.65
ORD300444,63.0,8.0,13,38.3,3.6,Clothing,credit card,yes,Monsoon,Wed,1027.32
ORD301699,60.0,8.5,4,11.1,10.1,Sports,upi,yes,Spring,Mon,100.72
ORD304058,66.0,9.8,2,20.0,4.4,Clothing,credit card,no,Monsoon,Wed,73.72
ORD301256,37.0,0.6,13,4.4,8.2,Home & Kitchen,debit card,no,Winter,Wed,199.87
ORD304592,47.0,6.4,1,12.2,19.5,Clothing,wallet,no,Spring,Fri,31.31
ORD300676,20.0,2.1,9,15.8,10.8,Electronics,upi,no,Monsoon,Thu,382.8
ORD300415,55.0,7.1,10,10.8,4.3,Electronics,credit card,no,Winter,Sat,459.52
ORD300131,43.0,2.4,5,13.6,18.3,Sports,wallet,no,Summer,Wed,75.01
ORD303321,56.0,1.6,2,39.0,15.7,Clothing,credit card,no,Monsoon,Wed,28.4
ORD300886,23.0,3.6,3,27.8,10.055118434603502,Electronics,wallet,yes,Monsoon,Sat,265.96
ORD300245,22.0,7.5,9,14.7,7.5,Electronics,credit card,no,Summer,Fri,398.1
ORD304916,27.0,6.3,2,17.6,3.0,Toys,credit card,no,Spring,Mon,10.74
ORD302725,37.0,10.0,9,11.4,1.1,Clothing,debit card,no,Spring,Fri,142.62
ORD304377,57.0,5.1,14,29.5,8.0,Clothing,credit card,yes,Winter,Sun,100.05
ORD300095,43.26208443809912,3.9,6,37.1,1.7,Electronics,debit card,no,Spring,Sat,250.13
ORD301423,21.0,6.1,6,17.9,34.0,Electronics,credit card,yes,Spring,Mon,311.67
ORD302473,42.0,8.5,11,3.5,18.7,Beauty,credit card,yes,Monsoon,Tue,115.58
ORD303071,56.0,1.2,9,16.2,10.055118434603502,Beauty,debit card,no,Summer,Wed,63.35
ORD303477,69.0,0.0,11,29.1,4.4,Sports,upi,no,Summer,Fri,110.16
ORD304996,54.0,2.2,3,10.3,30.7,Home & Kitchen,debit card,no,Spring,Mon,76.32
ORD303235,18.0,5.2,9,34.7,7.0,Beauty,wallet,no,Summer,Mon,81.91
ORD302602,65.0,2.2,11,1.4,0.8,Electronics,wallet,no,Monsoon,Tue,513.14
ORD302743,18.0,9.5,7,5.8,10.055118434603502,Home & Kitchen,credit card,no,Summer,Wed,143.1
ORD301914,62.0,6.5,3,29.5,7.5,Electronics,upi,no,Monsoon,Tue,221.4
ORD300613,22.0,3.6,9,20.9,6.7,Sports,credit card,no,Winter,Wed,111.2
ORD304608,43.26208443809912,2.3,13,0.1,11.7,Books,credit card,no,Spring,Wed,48.96
ORD304376,18.0,10.2,9,37.9,6.3,Beauty,debit card,no,Winter,Sat,84.52
ORD303519,39.0,5.8,1,22.5,14.6,Toys,upi,no,Spring,Thu,73.84
ORD304256,49.0,3.3,4,34.2,5.6,Clothing,credit card,no,Winter,Tue,29.43
ORD300089,63.0,9.8,2,38.9,0.5,Beauty,credit card,no,Winter,Tue,54.84
ORD303556,34.0,5.8,13,1.3,4.8,Home & Kitchen,upi,yes,Summer,Mon,217.76
ORD304109,33.0,6.7,4,37.3,13.1,Beauty,wallet,yes,Monsoon,Sun,62.98
ORD301915,28.0,6.1,7,19.1,1.1,Clothing,credit card,yes,Summer,Thu,90.45
ORD301874,22.0,10.9,5,2.1,0.3,Clothing,upi,no,Winter,Sat,127.88
ORD303068,22.0,0.6,12,16.1,7.2,Home & Kitchen,credit card,yes,Winter,Thu,157.06
ORD303108,45.0,9.4,6,12.5,8.2,Electronics,debit card,yes,Monsoon,Wed,400.53
ORD304650,25.0,8.9,3,0.4,14.8,Home & Kitchen,debit card,yes,Spring,Thu,134.16
ORD303353,62.0,6.7,3,20.1,23.0,Sports,credit card,no,Spring,Mon,61.84
ORD303701,56.0,9.8,7,10.4,22.6,Clothing,debit card,no,Monsoon,Tue,114.45
ORD302866,29.0,2.9,14,30.3,12.9,Toys,debit card,no,Spring,Mon,516.5999999999999
ORD300412,50.0,5.6,3,19.2,2.7,Clothing,credit card,no,Summer,Sat,60.6
ORD304260,19.0,2.1,2,6.4,6.9,Sports,wallet,no,Spring,Mon,60.81
ORD303335,50.0,4.0,2,20.299269776876265,10.1,Books,wallet,no,Winter,Mon,42.72
ORD303694,64.0,1.6,6,11.0,7.9,Clothing,wallet,no,Winter,Thu,50.06
ORD301836,58.0,7.9,6,19.6,11.4,Books,debit card,no,Spring,Mon,24.01
ORD302116,67.0,8.1,1,14.2,1.0,Electronics,upi,no,Monsoon,Sat,228.61
ORD301873,39.0,2.3,9,11.7,5.6,Electronics,credit card,no,Winter,Tue,405.54
ORD302911,61.0,4.9,10,24.4,8.6,Clothing,credit card,no,Summer,Sat,94.91
ORD304366,57.0,5.5,10,5.0,17.8,Clothing,credit card,no,Winter,Tue,103.56
ORD304985,51.0,0.3,8,21.3,9.8,Electronics,credit card,no,Spring,Fri,310.63
ORD303086,23.0,11.5,9,24.3,4.5,Toys,credit card,yes,Spring,Mon,89.77
ORD303299,18.0,7.5,8,1.6,0.6,Home & Kitchen,debit card,no,Spring,Fri,166.99
ORD304065,33.0,7.5,4,28.5,26.8,Toys,upi,no,Spring,Fri,7.9
ORD302877,40.0,3.4,3,9.9,8.5,Clothing,credit card,no,Monsoon,Sat,48.68
ORD304052,46.0,2.8,6,38.7,1.3,Sports,credit card,no,Spring,Sat,92.34
ORD301352,56.0,4.7,5,36.3,10.3,Sports,debit card,no,Monsoon,Thu,75.13
ORD302703,29.0,10.3,10,13.4,3.6,Books,credit card,yes,Spring,Sat,51.86
ORD300569,36.0,0.9,5,12.9,2.8,Toys,credit card,yes,Winter,Mon,85.36
ORD304826,54.0,7.2,10,16.5,1.8,Electronics,debit card,no,Spring,Sun,423.39
ORD301670,63.0,0.5,8,18.6,5.2,Beauty,credit card,no,Summer,Sun,77.43
ORD304538,30.0,6.7,7,32.6,4.6,Clothing,upi,no,Monsoon,Sat,61.41
ORD300356,47.0,5.3,4,3.3,1.2,Sports,debit card,no,Winter,Fri,105.62
ORD300746,65.0,2.8,3,3.8,11.4,Sports,credit card,yes,Winter,Wed,75.76
ORD301313,40.0,9.1,1,13.3,28.3,Clothing,upi,yes,Winter,Thu,84.62
ORD301684,55.0,9.9,2,29.2,10.7,Sports,debit card,yes,Winter,Mon,77.88
ORD301788,47.0,2.8,13,20.9,0.3,Electronics,debit card,yes,Spring,Wed,495.75
ORD304012,66.0,5.0,5,1.5,0.3,Books,debit card,no,Winter,Sun,30.16
ORD302768,34.0,7.1,13,24.7,35.1,Electronics,upi,no,Summer,Tue,442.61
ORD300699,20.0,7.8,10,13.6,5.4,Books,debit card,no,Monsoon,Wed,42.14
ORD301627,37.0,1.9,3,8.5,4.1,Sports,credit card,yes,Monsoon,Thu,61.85
ORD302087,60.0,0.8,8,38.8,1.4,Clothing,upi,no,Winter,Fri,62.93
ORD302940,28.0,7.2,3,17.9,18.1,Electronics,upi,no,Monsoon,Mon,266.07
ORD302501,21.0,11.5,8,25.0,2.3,Toys,wallet,yes,Summer,Fri,84.13
ORD304755,57.0,6.7,7,8.0,13.0,Sports,debit card,no,Monsoon,Fri,97.91
ORD304477,31.0,5.9,7,39.5,31.1,Home & Kitchen,upi,no,Summer,Fri,73.75
ORD304266,26.0,11.7,1,0.6,1.6,Clothing,debit card,no,Spring,Wed,70.1
ORD304944,31.0,5.0,11,25.3,2.2,Toys,upi,no,Monsoon,Sat,74.12
ORD304749,32.0,4.5,5,39.9,10.5,Beauty,credit card,yes,Monsoon,Tue,53.66
ORD304084,47.0,8.7,7,1.5,4.0,Toys,debit card,yes,Winter,Sun,78.83
ORD304036,40.0,8.6,2,21.3,1.5,Sports,credit card,yes,Summer,Tue,91.45
ORD303667,30.0,8.6,9,19.1,3.3,Clothing,debit card,no,Summer,Fri,100.14
ORD303494,64.0,5.3,11,9.0,31.7,Toys,upi,yes,Winter,Fri,80.0
ORD300722,52.0,8.2,14,25.1,6.9,Home & Kitchen,credit card,yes,Spring,Sat,162.15
ORD301634,18.0,6.9,1,17.5,8.0,Electronics,credit card,yes,Winter,Wed,234.88
ORD302785,60.0,10.3,11,3.8,7.3,Beauty,wallet,no,Summer,Tue,88.13
ORD301077,25.0,11.5,7,30.9,2.0,Electronics,credit card,no,Summer,Sun,321.35
ORD302333,29.0,9.4,2,18.9,2.2,Beauty,credit card,no,Winter,Mon,39.12
ORD304171,47.0,10.4,9,20.7,13.3,Sports,credit card,yes,Winter,Mon,142.74
ORD300006,22.0,10.7,13,7.0,6.3,Clothing,debit card,no,Monsoon,Wed,130.79
ORD302738,64.0,4.4,6,20.299269776876265,3.8,Sports,wallet,no,Monsoon,Sat,87.17
ORD300680,19.0,2.2,14,34.6,20.2,Books,credit card,no,Monsoon,Tue,28.03
ORD302211,53.0,8.5,4,9.8,1.5,Beauty,credit card,yes,Summer,Fri,88.0
ORD301677,45.0,4.8,9,3.6,0.1,Electronics,upi,no,Monsoon,Sun,446.64
ORD302118,32.0,0.3,10,21.1,0.4,Books,wallet,no,Spring,Sat,32.75
ORD302635,56.0,11.5,14,28.7,0.1,Clothing,credit card,yes,Summer,Fri,131.05
ORD303781,31.0,5.1,14,23.3,14.9,Electronics,wallet,no,Spring,Thu,492.84
ORD302307,55.0,7.8,2,33.5,7.9,Sports,debit card,yes,Summer,Mon,101.96
ORD301849,67.0,9.9,9,30.1,25.7,Electronics,credit card,yes,Summer,Sat,363.61
ORD304913,43.0,7.7,6,39.7,8.3,Electronics,credit card,no,Monsoon,Wed,250.65
ORD303179,41.0,3.1,8,38.4,7.6,Electronics,upi,no,Winter,Mon,253.77
ORD302985,24.0,9.9,3,19.2,0.4,Sports,credit card,no,Monsoon,Fri,70.5
ORD300934,61.0,11.6,4,12.1,13.7,Clothing,upi,no,Spring,Mon,69.26
ORD300517,58.0,8.2,4,36.2,0.2,Clothing,upi,no,Monsoon,Tue,63.59
ORD303684,51.0,9.1,9,18.6,12.2,Books,credit card,no,Summer,Sun,58.14
ORD301530,30.0,1.1,9,10.7,2.9,Electronics,credit card,no,Summer,Fri,387.6
ORD301793,56.0,2.6,11,31.3,3.6,Electronics,upi,no,Monsoon,Sun,375.61
ORD304053,21.0,4.9,1,13.6,15.0,Sports,credit card,no,Winter,Mon,62.76
ORD304309,49.0,4.2,3,8.6,3.3,Beauty,debit card,no,Winter,Sat,61.06
ORD300051,29.0,5.6,8,28.9,7.0,Beauty,upi,yes,Spring,Tue,83.31
ORD302777,19.0,1.5,11,32.7,8.5,Sports,debit card,yes,Monsoon,Sun,109.58
ORD304350,19.0,5.933483606557377,8,13.1,0.7,Electronics,wallet,no,Winter,Mon,371.08
ORD301276,38.0,4.0,13,8.0,15.7,Sports,debit card,no,Summer,Fri,120.99
ORD300511,32.0,11.5,9,2.9,0.4,Home & Kitchen,upi,no,Summer,Fri,213.44
ORD304726,21.0,2.2,13,2.4,14.5,Electronics,debit card,no,Spring,Sat,552.5
ORD300807,67.0,9.5,6,13.3,7.8,Clothing,credit card,no,Spring,Thu,90.1
ORD301613,52.0,1.4,7,11.6,6.4,Clothing,upi,yes,Spring,Sat,88.07
ORD303861,24.0,8.6,8,20.5,1.6,Clothing,upi,no,Monsoon,Tue,115.22
ORD300650,59.0,10.0,12,8.7,1.7,Clothing,credit card,no,Spring,Fri,112.57
ORD304866,18.0,9.7,8,7.9,0.4,Electronics,debit card,no,Summer,Sat,447.62
ORD300212,41.0,0.1,11,28.3,31.2,Home & Kitchen,credit card,yes,Summer,Thu,134.91
ORD304647,51.0,3.8,6,10.6,7.4,Clothing,debit card,yes,Spring,Sun,93.0
ORD303306,23.0,3.0,13,25.9,3.9,Sports,credit card,no,Monsoon,Sat,108.17
ORD300115,66.0,6.9,6,26.0,23.0,Sports,debit card,no,Spring,Wed,129.55
ORD302370,29.0,11.9,10,25.0,3.4,Home & Kitchen,debit card,no,Winter,Wed,176.1
ORD301545,42.0,3.5,7,19.3,9.5,Clothing,credit card,no,Monsoon,Fri,76.49
ORD301536,56.0,0.2,1,0.5,2.6,Toys,debit card,no,Winter,Mon,40.49
ORD303762,33.0,0.9,9,39.6,6.5,Clothing,upi,no,Winter,Tue,91.49
ORD302557,64.0,7.2,2,29.0,4.1,Books,credit card,yes,Monsoon,Wed,18.86
ORD302405,26.0,8.7,2,20.299269776876265,11.9,Sports,debit card,no,Spring,Mon,56.45
ORD302949,30.0,7.1,6,32.0,1.0,Beauty,debit card,yes,Monsoon,Sat,94.44
ORD300491,47.0,2.8,4,28.3,0.3,Beauty,wallet,yes,Monsoon,Sat,80.04
ORD302016,27.0,4.7,12,2.8,3.1,Electronics,credit card,no,Winter,Mon,537.14
ORD300377,49.0,4.3,1,26.4,4.0,Sports,credit card,no,Spring,Sat,80.58
ORD300961,68.0,6.1,3,9.5,5.2,Electronics,upi,yes,Monsoon,Wed,300.4
ORD300231,20.0,11.9,6,21.1,1.8,Beauty,wallet,no,Summer,Wed,88.16
ORD303808,35.0,7.3,6,21.9,0.5,Home & Kitchen,debit card,no,Winter,Fri,140.7
ORD302086,45.0,2.9,6,10.9,18.2,Books,upi,no,Winter,Wed,5.0
ORD304274,20.0,10.7,8,37.5,0.6,Electronics,debit card,yes,Monsoon,Sun,321.83
ORD301178,41.0,4.5,5,26.8,25.2,Electronics,wallet,no,Summer,Thu,266.42
ORD300422,41.0,2.0,2,8.6,6.4,Electronics,credit card,no,Monsoon,Sun,259.53
ORD304395,46.0,10.1,6,20.299269776876265,0.9,Electronics,credit card,no,Monsoon,Fri,401.18
ORD302925,29.0,9.9,4,22.6,10.055118434603502,Clothing,credit card,no,Spring,Mon,60.47
ORD300661,55.0,9.9,12,37.1,3.6,Home & Kitchen,credit card,no,Summer,Mon,143.19
ORD302720,65.0,12.0,1,37.0,2.1,Clothing,debit card,yes,Winter,Sat,70.69
ORD303015,51.0,6.9,10,22.1,27.0,Books,debit card,no,Spring,Fri,55.64
ORD302582,61.0,0.4,10,35.9,3.5,Beauty,wallet,no,Winter,Sun,60.32
ORD301771,34.0,9.8,14,25.7,1.7,Home & Kitchen,debit card,no,Spring,Wed,205.89
ORD303742,65.0,9.6,10,7.4,1.3,Clothing,debit card,no,Winter,Tue,106.96
ORD301537,48.0,8.0,3,38.3,8.8,Beauty,credit card,no,Monsoon,Thu,17.87
ORD302927,62.0,6.8,1,1.2,0.4,Beauty,debit card,no,Spring,Thu,84.59
ORD302931,69.0,9.5,7,27.9,43.6,Clothing,credit card,no,Spring,Wed,69.51
ORD303903,63.0,11.7,4,7.1,4.1,Beauty,upi,no,Monsoon,Sat,93.99
ORD301845,59.0,6.0,2,31.1,3.0,Electronics,debit card,no,Summer,Tue,203.32
ORD301144,48.0,1.4,12,17.1,6.3,Sports,debit card,no,Monsoon,Thu,100.02
ORD302386,58.0,0.2,7,22.4,13.4,Home & Kitchen,credit card,no,Spring,Thu,91.54
ORD304654,61.0,5.933483606557377,12,28.9,18.0,Books,credit card,yes,Monsoon,Wed,54.37
ORD300186,45.0,1.6,9,9.9,0.3,Toys,credit card,no,Winter,Fri,54.32
ORD304339,29.0,6.2,10,3.7,6.0,Beauty,debit card,yes,Monsoon,Fri,125.58
ORD302469,65.0,3.0,2,2.8,1.3,Home & Kitchen,upi,no,Monsoon,Mon,117.12
ORD301989,56.0,2.5,6,4.1,23.2,Clothing,wallet,no,Monsoon,Mon,70.9
ORD301741,49.0,0.7,13,20.299269776876265,22.8,Clothing,upi,no,Spring,Fri,101.03
ORD300635,56.0,9.8,10,1.1,3.1,Books,upi,no,Spring,Sun,71.19
ORD304625,27.0,6.9,6,3.5,0.9,Clothing,debit card,no,Winter,Sat,64.01
ORD301179,28.0,9.5,8,14.2,15.9,Books,debit card,no,Monsoon,Sun,64.22
ORD302508,66.0,11.6,4,0.7,4.1,Sports,upi,no,Winter,Sat,121.28
ORD300687,36.0,2.7,4,27.5,13.4,Beauty,credit card,no,Summer,Mon,5.96
ORD301125,47.0,9.2,1,26.6,12.6,Beauty,upi,no,Spring,Fri,28.31
ORD300773,22.0,0.1,1,4.5,9.1,Clothing,credit card,yes,Summer,Sat,52.1
ORD302733,35.0,2.0,4,12.5,5.4,Toys,credit card,no,Monsoon,Mon,57.18
ORD303231,63.0,9.9,5,13.3,13.9,Home & Kitchen,upi,no,Summer,Sun,140.93
ORD300255,64.0,4.9,9,23.1,24.9,Home & Kitchen,credit card,no,Summer,Fri,151.87
ORD300315,22.0,4.0,8,16.7,15.7,Beauty,upi,no,Winter,Tue,57.25
ORD304551,19.0,6.2,8,20.299269776876265,10.055118434603502,Beauty,debit card,no,Winter,Tue,89.07
ORD301990,45.0,8.6,6,8.8,7.6,Toys,wallet,no,Monsoon,Fri,85.46
ORD301831,68.0,10.3,13,13.7,4.4,Beauty,debit card,no,Summer,Sat,95.96
ORD304955,64.0,1.0,3,32.0,0.9,Toys,debit card,no,Winter,Sat,38.93
ORD304803,49.0,1.5,12,5.9,20.0,Sports,credit card,yes,Summer,Sat,154.73
ORD302519,61.0,7.9,11,20.1,1.0,Sports,credit card,yes,Summer,Tue,132.95
ORD302516,56.0,1.8,13,25.3,9.0,Books,upi,yes,Winter,Tue,65.42
ORD303725,25.0,7.3,11,36.4,9.5,Beauty,wallet,no,Spring,Thu,466.32
ORD300929,43.0,5.9,14,6.2,0.9,Sports,credit card,yes,Winter,Sun,173.82
ORD304478,63.0,7.0,9,29.8,0.9,Sports,upi,yes,Spring,Tue,109.09
ORD300360,18.0,11.8,13,24.5,11.4,Clothing,debit card,no,Winter,Tue,114.7
ORD304799,58.0,5.933483606557377,7,5.7,25.0,Electronics,debit card,no,Summer,Wed,4803.6
ORD304446,57.0,7.0,4,30.6,9.9,Clothing,debit card,yes,Monsoon,Sat,64.85
ORD300584,44.0,8.7,11,7.5,15.6,Books,wallet,yes,Spring,Sun,54.09
ORD301674,57.0,8.4,8,0.6,1.8,Sports,upi,yes,Summer,Thu,122.1
ORD302224,34.0,8.1,6,9.3,46.3,Home & Kitchen,credit card,no,Spring,Mon,139.03
ORD304870,60.0,4.7,8,18.4,5.4,Sports,wallet,yes,Spring,Wed,119.92
ORD300179,57.0,6.7,9,30.2,3.6,Books,upi,no,Summer,Mon,31.65
ORD303975,32.0,10.6,14,23.5,32.6,Sports,credit card,yes,Winter,Sat,161.52
ORD300378,19.0,11.5,2,12.4,9.9,Electronics,upi,no,Monsoon,Thu,293.7
ORD300667,56.0,4.3,11,25.8,13.8,Home & Kitchen,credit card,no,Summer,Fri,119.39
ORD300760,30.0,8.4,10,2.4,5.6,Clothing,upi,no,Winter,Thu,145.22
ORD302039,64.0,1.2,3,3.2,10.8,Beauty,wallet,no,Winter,Tue,40.36
ORD302431,69.0,5.1,1,19.3,19.4,Sports,upi,no,Winter,Wed,46.06
ORD301688,26.0,8.3,7,37.2,27.7,Beauty,upi,yes,Spring,Wed,44.52
ORD300921,53.0,5.0,6,33.0,12.0,Sports,debit card,yes,Monsoon,Mon,78.04
ORD300279,18.0,2.9,11,33.6,13.2,Home & Kitchen,debit card,yes,Winter,Wed,140.11
ORD303666,69.0,1.9,5,23.4,4.2,Electronics,upi,no,Summer,Thu,251.06
ORD304869,44.0,11.3,1,20.0,8.5,Books,upi,no,Summer,Mon,12.05
ORD303401,69.0,2.0,14,0.1,2.3,Toys,credit card,yes,Monsoon,Sun,98.38
ORD301608,60.0,0.7,11,28.8,4.8,Toys,wallet,no,Winter,Fri,44.37
ORD302271,27.0,2.2,13,29.9,2.8,Toys,credit card,no,Spring,Mon,60.25
ORD303249,50.0,9.4,7,38.0,26.1,Home & Kitchen,upi,no,Winter,Sun,141.64
ORD300423,64.0,7.6,2,13.1,26.8,Beauty,upi,no,Spring,Thu,52.34
ORD300139,51.0,9.3,5,8.6,10.2,Home & Kitchen,wallet,no,Monsoon,Sat,132.91
ORD304432,22.0,8.1,14,0.3,10.5,Clothing,wallet,yes,Summer,Thu,167.27
ORD300414,22.0,8.1,13,25.7,17.5,Home & Kitchen,credit card,no,Monsoon,Wed,153.83
ORD302714,25.0,5.6,2,30.6,7.0,Books,upi,no,Winter,Thu,21.73
ORD303600,33.0,4.0,7,38.0,4.5,Sports,credit card,no,Spring,Fri,79.88
ORD303054,29.0,4.5,11,15.3,9.7,Home & Kitchen,wallet,yes,Winter,Sat,174.93
ORD301483,35.0,1.7,11,22.7,0.6,Clothing,debit card,no,Spring,Tue,82.47
ORD301702,67.0,5.933483606557377,4,30.0,63.6,Clothing,debit card,no,Spring,Tue,56.18
ORD302786,54.0,9.2,1,34.8,10.055118434603502,Clothing,wallet,yes,Winter,Mon,55.23
ORD302979,60.0,10.0,7,18.5,9.2,Home & Kitchen,credit card,no,Summer,Thu,129.75
ORD304278,25.0,3.8,9,9.5,17.4,Home & Kitchen,credit card,no,Winter,Thu,137.78
ORD303471,43.26208443809912,11.5,4,26.1,4.5,Home & Kitchen,wallet,no,Spring,Sun,128.78
ORD303621,29.0,2.6,6,4.1,27.8,Sports,wallet,no,Winter,Tue,75.45
ORD303514,47.0,9.5,6,10.8,0.1,Toys,wallet,yes,Spring,Sat,105.13
ORD302571,37.0,11.3,8,24.5,10.055118434603502,Beauty,credit card,yes,Spring,Fri,54.81
ORD303422,45.0,6.2,10,21.8,8.3,Home & Kitchen,credit card,no,Monsoon,Wed,163.68
ORD303459,51.0,2.6,12,14.1,10.3,Home & Kitchen,upi,yes,Summer,Wed,168.83
ORD300048,62.0,8.2,8,13.5,10.5,Electronics,upi,no,Spring,Fri,408.61
ORD301555,62.0,5.6,8,22.4,13.0,Clothing,debit card,no,Winter,Sat,89.62
ORD300156,51.0,4.2,4,13.1,22.0,Clothing,wallet,yes,Spring,Sat,98.08
ORD302319,43.0,1.0,10,5.0,24.6,Books,debit card,yes,Spring,Wed,49.31
ORD303902,46.0,1.1,5,1.1,11.4,Home & Kitchen,upi,no,Summer,Sun,125.38
ORD301542,19.0,9.8,10,0.9,12.5,Home & Kitchen,wallet,no,Spring,Wed,214.35
ORD302622,30.0,9.8,11,20.299269776876265,22.6,Sports,credit card,no,Spring,Wed,148.78
ORD302474,52.0,0.0,1,13.7,1.4,Electronics,debit card,no,Summer,Mon,223.46
ORD300492,41.0,3.0,1,10.7,4.7,Clothing,credit card,yes,Monsoon,Tue,65.71
ORD303541,42.0,6.3,12,2.7,12.8,Electronics,credit card,no,Summer,Sat,506.64
ORD303892,54.0,10.4,9,31.6,27.1,Clothing,wallet,no,Spring,Sat,86.37
ORD300721,27.0,5.6,3,13.1,3.6,Electronics,wallet,yes,Spring,Tue,279.98
ORD304823,40.0,7.0,1,6.4,0.6,Electronics,credit card,no,Spring,Mon,266.73
ORD300100,45.0,5.933483606557377,12,32.0,2.7,Electronics,credit card,yes,Monsoon,Wed,367.72
ORD300788,59.0,4.5,7,15.3,3.4,Beauty,wallet,yes,Summer,Mon,69.81
ORD304043,31.0,8.2,2,33.9,0.6,Clothing,credit card,yes,Winter,Mon,87.59
ORD302452,27.0,10.8,1,15.9,6.3,Toys,credit card,no,Monsoon,Sun,13.66
ORD302742,35.0,2.4,1,25.5,0.9,Beauty,credit card,yes,Winter,Sat,48.02
ORD304112,54.0,0.2,13,12.1,1.5,Electronics,credit card,yes,Winter,Thu,515.68
ORD301539,39.0,1.4,3,30.5,25.8,Beauty,wallet,yes,Summer,Sat,38.67
ORD301458,56.0,6.3,4,36.1,17.9,Clothing,credit card,yes,Winter,Tue,79.24
ORD300513,42.0,4.6,11,26.4,13.9,Clothing,upi,no,Summer,Tue,105.11
ORD304392,65.0,6.5,1,17.5,33.6,Beauty,debit card,no,Summer,Sat,40.74
ORD302764,69.0,7.1,1,6.1,21.2,Clothing,upi,no,Spring,Thu,80.37
ORD304768,56.0,3.2,6,5.6,1.2,Books,debit card,no,Summer,Mon,26.66
ORD300644,67.0,7.6,11,26.0,7.6,Books,wallet,no,Winter,Sat,13.08
ORD303509,44.0,0.5,14,17.3,1.8,Home & Kitchen,credit card,no,Monsoon,Tue,180.72
ORD301932,61.0,3.1,8,4.1,0.6,Clothing,credit card,no,Summer,Sat,120.69
ORD300087,54.0,7.3,1,33.8,0.5,Toys,debit card,no,Spring,Fri,34.3
ORD303365,33.0,8.3,11,5.8,12.9,Sports,credit card,no,Winter,Mon,153.65
ORD301153,69.0,10.5,14,31.8,9.1,Home & Kitchen,upi,no,Monsoon,Sun,181.09
ORD302391,54.0,5.933483606557377,5,4.6,10.6,Electronics,upi,yes,Monsoon,Wed,355.89
ORD301146,46.0,6.8,10,7.3,10.7,Home & Kitchen,credit card,no,Spring,Mon,164.1
ORD303009,51.0,1.8,13,32.9,52.7,Sports,wallet,no,Summer,Fri,72.62
ORD304159,67.0,5.7,2,33.7,3.3,Clothing,wallet,yes,Winter,Fri,62.88
ORD301718,23.0,9.4,2,4.8,20.8,Home & Kitchen,wallet,no,Summer,Tue,128.68
ORD301262,18.0,7.4,5,31.2,23.4,Sports,upi,yes,Winter,Mon,61.75
ORD300075,20.0,6.5,9,36.5,4.3,Books,wallet,no,Winter,Thu,26.44
ORD302029,19.0,11.8,9,20.299269776876265,1.3,Sports,debit card,yes,Spring,Wed,176.21
ORD301272,54.0,7.3,14,23.9,18.6,Home & Kitchen,credit card,yes,Spring,Sat,204.29
ORD304444,66.0,11.2,13,31.7,4.8,Home & Kitchen,upi,no,Summer,Wed,135.69
ORD302054,56.0,2.9,5,28.8,41.2,Clothing,upi,yes,Winter,Sun,65.91
ORD303311,22.0,7.1,9,1.0,34.3,Clothing,credit card,no,Spring,Fri,84.19
ORD302968,63.0,4.7,7,9.7,7.6,Clothing,debit card,no,Summer,Thu,99.24
ORD304437,43.0,6.4,14,27.1,23.8,Toys,debit card,yes,Monsoon,Tue,126.93
ORD304168,26.0,2.5,1,5.0,4.0,Toys,wallet,yes,Winter,Thu,57.11
ORD302806,49.0,7.2,1,6.6,21.2,Clothing,credit card,no,Winter,Sun,56.59
ORD301260,66.0,3.7,11,22.7,3.2,Toys,upi,yes,Winter,Fri,84.6
ORD300712,60.0,4.2,6,30.4,3.5,Home & Kitchen,wallet,no,Monsoon,Sun,102.8
ORD303843,51.0,9.9,3,31.3,4.8,Home & Kitchen,credit card,no,Winter,Wed,106.85
ORD304378,42.0,6.8,2,39.5,8.6,Electronics,credit card,no,Spring,Mon,195.94
ORD302594,21.0,6.3,3,3.9,8.3,Toys,credit card,yes,Winter,Wed,43.33
ORD304067,29.0,5.5,9,29.7,2.8,Electronics,upi,no,Winter,Mon,339.83
ORD300243,24.0,7.3,12,11.6,32.6,Electronics,upi,no,Summer,Tue,497.89
ORD302373,65.0,5.1,2,39.2,2.4,Home & Kitchen,credit card,no,Winter,Tue,83.94
ORD303451,61.0,10.4,9,19.4,8.6,Beauty,debit card,no,Winter,Mon,63.29
ORD301236,64.0,7.1,13,20.299269776876265,22.4,Electronics,wallet,yes,Spring,Wed,405.8
ORD304450,65.0,8.5,9,20.3,6.6,Books,upi,yes,Winter,Sat,48.56
ORD304419,34.0,3.2,4,18.9,22.2,Clothing,upi,no,Monsoon,Fri,63.94
ORD302593,51.0,5.7,10,35.1,14.8,Sports,debit card,yes,Monsoon,Sun,112.91
ORD303819,53.0,4.0,7,39.9,14.9,Toys,debit card,no,Winter,Mon,19.47
ORD301328,62.0,0.9,6,10.8,0.6,Clothing,credit card,no,Summer,Sat,62.37
ORD300162,21.0,1.3,4,6.4,8.4,Clothing,credit card,yes,Winter,Sat,79.85
ORD303018,34.0,11.7,4,12.4,6.0,Books,credit card,yes,Winter,Mon,84.05
ORD301414,47.0,12.0,8,19.1,1.2,Books,credit card,no,Monsoon,Tue,58.27
ORD302001,48.0,0.5,7,34.3,1.7,Electronics,upi,no,Monsoon,Sun,276.08
ORD301338,63.0,5.9,11,37.1,15.0,Electronics,debit card,yes,Monsoon,Thu,360.01
ORD304133,32.0,3.3,8,36.8,10.2,Sports,upi,yes,Summer,Thu,103.29
ORD304047,58.0,9.7,10,11.9,15.8,Toys,credit card,no,Monsoon,Tue,56.45
ORD302798,26.0,6.0,6,30.3,2.1,Home & Kitchen,upi,no,Monsoon,Thu,126.74
ORD301991,43.26208443809912,11.8,3,6.1,8.0,Beauty,wallet,no,Monsoon,Sat,94.7
ORD302681,53.0,5.4,11,26.8,4.2,Electronics,credit card,no,Winter,Thu,409.22
ORD302199,21.0,1.8,6,39.9,14.4,Clothing,credit card,no,Monsoon,Sat,30.49
ORD300018,20.0,1.7,4,18.9,3.6,Electronics,upi,no,Summer,Sun,268.48
ORD303400,32.0,7.1,10,21.7,7.3,Books,credit card,yes,Winter,Sun,62.35
ORD302451,64.0,10.9,2,27.3,22.2,Sports,upi,no,Spring,Thu,82.85
ORD301782,67.0,10.1,2,21.8,31.4,Electronics,credit card,no,Spring,Tue,221.5
ORD304603,40.0,4.5,14,13.4,1.6,Electronics,credit card,no,Winter,Mon,530.34
ORD302389,33.0,5.1,10,31.1,2.7,Clothing,debit card,no,Summer,Sat,92.62
ORD300756,52.0,6.6,14,18.0,13.9,Clothing,upi,yes,Monsoon,Sat,121.5
ORD302645,31.0,6.1,4,26.6,9.9,Clothing,upi,no,Winter,Wed,63.93
ORD302053,65.0,9.4,9,22.7,23.9,Clothing,credit card,yes,Winter,Thu,111.02
ORD304039,55.0,2.2,10,7.7,9.2,Toys,credit card,yes,Monsoon,Sun,63.2
ORD303498,55.0,10.6,11,25.6,2.3,Beauty,debit card,no,Monsoon,Wed,51.79
ORD304483,43.26208443809912,11.0,13,10.8,1.0,Home & Kitchen,credit card,no,Monsoon,Tue,195.88
ORD304890,38.0,11.7,9,5.7,10.2,Books,credit card,yes,Winter,Mon,801.36
ORD303083,21.0,2.8,1,25.9,9.3,Clothing,debit card,yes,Spring,Mon,75.33
ORD300002,58.0,3.9,9,36.5,0.0,Sports,debit card,no,Spring,Sun,62.21
ORD300313,40.0,8.2,10,6.9,18.9,Electronics,credit card,yes,Summer,Thu,476.7
ORD304615,58.0,10.8,13,0.5,0.8,Books,credit card,yes,Summer,Sun,105.38
ORD303754,62.0,11.9,14,27.7,5.2,Books,credit card,no,Monsoon,Fri,69.48
ORD302413,43.0,10.6,6,4.4,10.055118434603502,Clothing,wallet,no,Spring,Thu,75.03
ORD302957,64.0,1.9,14,11.4,8.0,Electronics,wallet,no,Winter,Thu,484.49
ORD300653,37.0,11.0,9,32.5,4.7,Electronics,wallet,no,Summer,Sat,341.39
ORD302338,35.0,3.9,8,30.6,1.1,Toys,credit card,yes,Monsoon,Thu,56.75
ORD304541,53.0,4.7,6,24.4,10.6,Toys,debit card,no,Monsoon,Wed,32.49
ORD303106,29.0,9.3,12,28.4,4.9,Clothing,credit card,no,Winter,Fri,90.35
ORD302827,62.0,4.1,6,19.9,15.9,Electronics,credit card,no,Summer,Sun,262.45
ORD304078,57.0,2.3,7,32.1,2.0,Beauty,debit card,yes,Spring,Thu,95.28
ORD303360,36.0,6.3,4,6.0,1.3,Toys,upi,no,Spring,Wed,63.78
ORD300951,55.0,10.1,13,15.5,10.8,Home & Kitchen,wallet,no,Spring,Sun,217.49
ORD303549,49.0,9.8,5,22.9,0.9,Clothing,upi,yes,Spring,Thu,64.56
ORD304543,52.0,2.0,11,35.6,6.8,Electronics,credit card,no,Summer,Tue,308.96
ORD302258,20.0,10.1,2,28.4,10.055118434603502,Home & Kitchen,debit card,yes,Monsoon,Fri,96.8
ORD300037,59.0,0.2,2,26.1,42.1,Electronics,wallet,no,Spring,Thu,230.38
ORD302541,30.0,0.3,1,8.6,11.9,Sports,debit card,yes,Monsoon,Tue,81.59
ORD301661,26.0,2.0,7,2.2,11.8,Clothing,upi,yes,Winter,Sun,121.27
ORD300744,36.0,10.2,11,5.3,20.2,Books,credit card,yes,Winter,Sat,71.89
ORD304314,42.0,1.3,10,17.6,1.0,Clothing,debit card,no,Summer,Mon,110.06
ORD301342,41.0,6.1,14,32.7,17.8,Toys,wallet,no,Monsoon,Sun,45.21
ORD300541,52.0,9.1,10,3.1,13.5,Clothing,credit card,no,Winter,Tue,126.13
ORD300533,43.0,2.2,14,3.7,0.8,Electronics,upi,yes,Summer,Mon,614.7
ORD304316,30.0,1.3,11,8.7,10.4,Clothing,debit card,no,Summer,Wed,96.18
ORD302867,24.0,0.7,11,29.3,12.9,Home & Kitchen,upi,no,Winter,Mon,126.95
ORD303836,54.0,4.3,14,1.6,1.9,Beauty,credit card,no,Spring,Wed,59.08
ORD301765,31.0,3.2,5,21.9,4.6,Home & Kitchen,debit card,no,Monsoon,Sun,84.77
ORD301107,62.0,4.4,7,11.5,13.4,Toys,wallet,yes,Winter,Sun,70.78
ORD302117,67.0,4.6,2,27.9,0.3,Books,wallet,no,Summer,Wed,22.46
ORD304352,31.0,4.5,4,1.3,6.7,Home & Kitchen,wallet,no,Monsoon,Tue,95.69
ORD304382,61.0,9.8,5,27.7,13.3,Electronics,debit card,no,Spring,Sat,246.9
ORD302425,65.0,6.1,2,32.0,3.0,Sports,credit card,no,Summer,Wed,54.66
ORD304202,58.0,6.4,3,0.7,6.0,Home & Kitchen,upi,yes,Spring,Fri,173.09
ORD301032,69.0,1.3,4,7.2,5.8,Sports,upi,yes,Monsoon,Mon,76.98
ORD300147,52.0,4.4,8,36.6,4.7,Beauty,credit card,yes,Monsoon,Sun,76.11
ORD303351,30.0,4.4,9,20.299269776876265,0.7,Sports,debit card,no,Winter,Fri,112.62
ORD301875,36.0,1.0,12,30.0,40.8,Clothing,credit card,no,Summer,Wed,71.88
ORD304882,18.0,6.8,7,18.8,12.6,Beauty,debit card,yes,Winter,Tue,83.86
ORD300362,53.0,3.3,5,21.8,20.2,Electronics,upi,no,Winter,Sat,288.51
ORD302218,41.0,1.3,7,11.6,10.055118434603502,Clothing,credit card,no,Summer,Tue,51.21
ORD304682,36.0,3.1,11,6.6,9.6,Sports,credit card,no,Monsoon,Tue,131.37
ORD303038,47.0,1.5,9,25.4,1.7,Beauty,debit card,no,Monsoon,Wed,85.24
ORD303474,60.0,3.9,6,25.3,10.055118434603502,Beauty,debit card,yes,Spring,Fri,84.61
ORD302026,33.0,1.7,1,9.4,10.055118434603502,Books,upi,no,Spring,Tue,32.1
ORD303899,46.0,11.7,11,25.1,2.8,Beauty,debit card,no,Spring,Wed,122.42
ORD301747,67.0,8.7,10,12.4,1.2,Electronics,debit card,no,Monsoon,Mon,419.07
ORD303361,65.0,9.9,10,35.4,5.9,Electronics,wallet,yes,Monsoon,Wed,390.71
ORD301078,50.0,1.6,12,32.7,29.9,Home & Kitchen,credit card,no,Spring,Tue,124.56
ORD301732,22.0,10.2,5,36.6,24.4,Electronics,upi,yes,Summer,Mon,284.07
ORD302679,29.0,8.5,5,34.3,6.0,Clothing,debit card,no,Winter,Thu,87.73
ORD303343,59.0,5.9,6,13.1,20.4,Clothing,upi,no,Summer,Tue,80.54
ORD303778,27.0,5.3,5,6.7,35.6,Electronics,credit card,yes,Summer,Thu,366.74
ORD301228,65.0,6.7,5,1.2,39.2,Electronics,debit card,no,Summer,Fri,330.83
ORD302123,59.0,5.2,7,1.2,25.2,Clothing,wallet,no,Spring,Mon,81.28
ORD302264,28.0,5.6,7,10.7,3.2,Toys,credit card,no,Winter,Sat,31.08
ORD300070,53.0,6.3,12,18.4,4.6,Sports,wallet,no,Summer,Mon,148.54
ORD304338,40.0,1.6,3,33.9,0.4,Home & Kitchen,credit card,no,Summer,Tue,82.11
ORD300060,53.0,3.1,8,13.8,8.2,Electronics,upi,yes,Spring,Fri,376.96
ORD303334,39.0,9.8,10,37.6,5.2,Beauty,wallet,yes,Spring,Thu,89.17
ORD300336,51.0,1.1,7,18.0,3.9,Electronics,debit card,yes,Summer,Wed,336.82
ORD300578,29.0,6.3,2,4.0,35.7,Clothing,upi,no,Monsoon,Sat,86.82
ORD303926,60.0,10.6,13,30.6,10.055118434603502,Electronics,credit card,no,Summer,Mon,426.82
ORD302320,49.0,9.6,8,13.0,11.5,Home & Kitchen,upi,no,Summer,Sun,160.92
ORD300662,67.0,11.9,10,9.1,8.3,Sports,upi,no,Winter,Tue,153.18
ORD303820,21.0,1.2,14,12.3,0.5,Clothing,upi,no,Summer,Mon,91.91
ORD304888,57.0,6.2,3,28.6,1.3,Clothing,upi,yes,Winter,Thu,99.39
ORD303435,49.0,5.933483606557377,3,24.6,0.1,Electronics,credit card,no,Spring,Thu,222.94
ORD302629,35.0,11.9,11,30.2,1.2,Sports,debit card,no,Summer,Sat,128.46
ORD302756,61.0,0.5,7,32.0,1.0,Clothing,upi,no,Summer,Tue,40.69
ORD303844,68.0,9.2,2,6.9,10.0,Home & Kitchen,credit card,no,Monsoon,Sun,118.58
ORD301258,42.0,3.9,10,30.3,4.1,Home & Kitchen,upi,no,Summer,Wed,150.7
ORD302651,50.0,11.3,2,19.6,7.0,Beauty,credit card,no,Spring,Mon,668.64
ORD301521,68.0,7.3,12,15.8,6.8,Beauty,upi,yes,Spring,Mon,59.92
ORD304484,33.0,9.3,2,29.3,4.1,Beauty,wallet,yes,Monsoon,Tue,46.93
ORD301002,54.0,5.933483606557377,2,30.2,50.1,Beauty,wallet,no,Winter,Sat,29.01
ORD304633,52.0,5.933483606557377,7,20.7,10.055118434603502,Home & Kitchen,debit card,yes,Spring,Mon,158.25
ORD304681,56.0,3.2,6,24.4,0.1,Toys,credit card,yes,Winter,Wed,87.93
ORD302034,62.0,4.0,8,2.1,27.8,Home & Kitchen,debit card,yes,Winter,Sat,177.39
ORD302081,53.0,4.6,14,6.5,8.9,Beauty,credit card,no,Winter,Thu,69.94
ORD303430,24.0,8.2,14,7.1,2.1,Electronics,credit card,no,Summer,Thu,541.28
ORD304072,31.0,3.6,13,0.8,8.9,Beauty,credit card,no,Monsoon,Tue,108.79
ORD303399,40.0,0.8,13,29.2,1.8,Toys,debit card,no,Monsoon,Wed,74.08
ORD304455,63.0,3.3,9,17.7,13.9,Home & Kitchen,credit card,no,Summer,Mon,132.91
ORD303341,53.0,2.0,8,6.3,1.2,Clothing,credit card,no,Summer,Thu,60.65
ORD303894,38.0,11.3,8,25.7,0.2,Sports,credit card,yes,Winter,Thu,138.18
ORD303480,68.0,2.6,12,38.9,7.9,Home & Kitchen,debit card,no,Winter,Fri,116.85
ORD302575,26.0,11.0,5,39.9,8.1,Home & Kitchen,credit card,no,Winter,Sun,98.76
ORD302981,47.0,7.5,4,34.5,2.3,Electronics,credit card,no,Summer,Wed,221.47
ORD304840,46.0,11.8,11,36.7,0.7,Sports,upi,yes,Summer,Sun,138.0
ORD303489,48.0,4.2,14,23.0,0.7,Toys,debit card,yes,Spring,Mon,63.02
ORD302953,56.0,11.3,10,10.1,26.4,Books,upi,no,Winter,Wed,61.21
ORD301059,58.0,0.7,1,32.4,9.7,Beauty,upi,yes,Summer,Sat,47.13
ORD300009,41.0,6.4,1,1.3,5.3,Home & Kitchen,upi,no,Winter,Sun,102.59
ORD302215,24.0,6.9,8,2.7,4.5,Home & Kitchen,credit card,no,Spring,Sat,175.22
ORD304225,43.0,9.6,5,14.8,5.7,Clothing,credit card,yes,Spring,Tue,89.7
ORD303962,49.0,6.6,6,0.3,12.0,Beauty,debit card,yes,Spring,Wed,90.7
ORD301289,51.0,10.5,8,22.7,4.9,Sports,credit card,no,Spring,Tue,151.93
ORD304071,33.0,0.5,1,32.0,8.0,Beauty,credit card,no,Winter,Tue,29.16
ORD300785,45.0,3.5,7,17.5,11.3,Books,upi,no,Spring,Thu,73.21
ORD301193,53.0,4.8,6,5.6,3.8,Sports,debit card,no,Monsoon,Thu,76.24
ORD300932,52.0,2.6,6,36.4,6.1,Electronics,credit card,no,Winter,Sun,243.07
ORD300342,19.0,2.3,8,11.9,6.8,Sports,upi,yes,Spring,Fri,124.56
ORD303831,43.0,8.3,4,10.4,17.4,Beauty,credit card,yes,Monsoon,Thu,83.68
ORD301430,45.0,0.0,8,20.1,1.1,Electronics,upi,yes,Monsoon,Thu,340.0
ORD303515,49.0,5.933483606557377,14,29.1,2.1,Clothing,upi,no,Winter,Sun,111.46
ORD303473,43.26208443809912,9.0,7,34.5,0.8,Books,credit card,yes,Monsoon,Mon,52.76
ORD301435,20.0,6.4,12,38.7,26.0,Electronics,credit card,no,Summer,Sun,319.2
ORD300985,69.0,10.4,4,35.5,2.6,Clothing,wallet,yes,Monsoon,Mon,90.6
ORD303444,19.0,4.6,14,18.4,5.5,Books,credit card,no,Summer,Wed,51.21
ORD302013,41.0,4.8,4,19.3,10.055118434603502,Home & Kitchen,upi,yes,Monsoon,Sun,118.82
ORD300855,32.0,3.7,4,33.2,0.6,Electronics,wallet,no,Spring,Tue,206.82
ORD300445,26.0,3.6,9,20.299269776876265,4.9,Electronics,wallet,no,Spring,Mon,395.93
ORD303847,60.0,8.2,5,12.1,8.2,Electronics,debit card,yes,Winter,Wed,332.15
ORD302028,66.0,9.1,5,29.2,3.9,Sports,credit card,no,Summer,Fri,81.0
ORD300405,43.26208443809912,1.4,10,36.6,5.0,Clothing,debit card,no,Monsoon,Wed,57.65
ORD300284,49.0,1.2,14,27.1,15.6,Beauty,credit card,yes,Spring,Thu,113.68
ORD300345,20.0,10.5,7,17.5,0.6,Beauty,credit card,no,Monsoon,Thu,84.11
ORD304123,43.0,5.3,11,17.6,10.6,Beauty,wallet,yes,Spring,Fri,82.19
ORD302789,27.0,0.4,2,33.2,29.0,Beauty,upi,no,Summer,Fri,18.84
ORD302190,33.0,11.9,8,6.4,3.0,Beauty,wallet,no,Monsoon,Sat,92.87
ORD301720,25.0,6.5,10,38.8,12.8,Electronics,upi,yes,Spring,Tue,310.01
ORD301637,49.0,7.0,10,20.299269776876265,3.8,Clothing,upi,no,Monsoon,Thu,91.45
ORD301323,36.0,1.4,7,3.0,1.3,Electronics,debit card,yes,Spring,Wed,394.49
ORD303497,51.0,2.8,4,21.2,23.0,Home & Kitchen,credit card,yes,Spring,Thu,89.62
ORD302711,63.0,4.7,3,0.1,28.1,Sports,wallet,no,Monsoon,Wed,109.75
ORD300873,68.0,5.1,11,6.2,4.2,Electronics,upi,no,Winter,Mon,496.78
ORD301584,54.0,7.8,7,15.1,3.4,Electronics,wallet,no,Spring,Mon,379.46
ORD303455,39.0,3.7,3,18.9,14.3,Toys,wallet,no,Winter,Wed,66.43
ORD301778,27.0,1.7,13,23.8,1.9,Clothing,credit card,no,Summer,Tue,89.68
ORD302527,33.0,4.4,4,14.6,10.055118434603502,Home & Kitchen,debit card,no,Summer,Fri,108.97
ORD303286,29.0,6.1,12,24.3,6.4,Beauty,upi,no,Winter,Sun,80.38
ORD302572,42.0,6.3,13,1.6,2.3,Clothing,credit card,no,Summer,Fri,124.95
ORD304596,41.0,8.6,11,20.5,29.6,Home & Kitchen,debit card,no,Spring,Mon,186.21
ORD301090,48.0,9.2,13,1.8,13.4,Clothing,credit card,no,Winter,Sun,134.33
ORD304381,44.0,5.933483606557377,14,19.1,2.6,Sports,upi,no,Monsoon,Sun,159.17
ORD300448,44.0,4.0,5,20.299269776876265,4.6,Books,credit card,no,Monsoon,Sun,33.84
ORD302436,40.0,5.8,11,10.7,12.9,Electronics,wallet,yes,Monsoon,Wed,461.7
ORD301061,32.0,8.0,10,22.5,9.7,Beauty,wallet,no,Winter,Thu,60.61
ORD303747,69.0,2.8,4,21.3,34.4,Clothing,debit card,no,Winter,Fri,55.61
ORD301680,54.0,11.0,4,36.2,12.2,Sports,upi,no,Monsoon,Tue,58.4
ORD303040,68.0,5.8,8,29.4,21.0,Electronics,upi,no,Monsoon,Mon,296.98
ORD303776,40.0,2.1,11,1.0,9.5,Beauty,credit card,no,Summer,Mon,77.47
ORD300498,38.0,1.2,4,33.5,9.1,Sports,upi,no,Monsoon,Fri,73.33
ORD304439,57.0,6.7,2,32.3,18.0,Toys,debit card,yes,Monsoon,Sun,65.48
ORD301189,53.0,5.933483606557377,8,13.8,40.3,Electronics,wallet,yes,Spring,Fri,398.14
ORD304291,46.0,11.1,7,13.0,23.6,Clothing,wallet,no,Summer,Thu,99.37
ORD303534,50.0,3.1,2,10.2,3.6,Sports,wallet,no,Spring,Thu,111.32
ORD304925,56.0,3.7,7,10.1,21.7,Electronics,credit card,no,Monsoon,Fri,361.08
ORD304363,38.0,11.4,13,32.5,2.3,Toys,debit card,no,Summer,Thu,80.8
ORD302882,62.0,1.2,9,34.1,0.3,Clothing,wallet,no,Summer,Sat,71.67
ORD301384,22.0,7.8,9,2.0,13.7,Electronics,credit card,no,Summer,Fri,454.77
ORD302522,31.0,3.8,14,10.7,18.4,Home & Kitchen,credit card,yes,Spring,Sat,177.08
ORD303271,29.0,5.8,6,14.2,9.5,Books,upi,no,Summer,Tue,58.55
ORD304332,18.0,5.4,5,28.6,3.1,Beauty,upi,no,Winter,Mon,23.3
ORD304056,28.0,6.1,2,4.8,18.4,Sports,credit card,no,Summer,Sun,86.43
ORD300452,26.0,11.1,5,12.4,8.2,Home & Kitchen,upi,no,Monsoon,Thu,149.96
ORD300028,55.0,11.5,3,11.1,0.3,Clothing,debit card,no,Winter,Mon,53.36
ORD301569,56.0,11.2,4,14.8,13.3,Electronics,debit card,no,Monsoon,Sat,293.9
ORD300190,33.0,8.1,13,35.4,0.0,Clothing,credit card,no,Winter,Thu,119.63
ORD300740,47.0,12.0,9,18.5,13.0,Electronics,upi,yes,Spring,Thu,432.17
ORD302015,40.0,4.1,10,22.0,3.8,Books,upi,no,Spring,Mon,34.54
ORD302543,50.0,3.3,14,14.9,10.1,Home & Kitchen,credit card,no,Summer,Tue,180.18
ORD303223,48.0,10.6,6,32.2,10.055118434603502,Sports,debit card,yes,Monsoon,Thu,119.64
ORD304456,54.0,5.9,3,32.6,4.9,Beauty,wallet,yes,Spring,Fri,78.92
ORD303373,32.0,9.6,1,9.9,10.055118434603502,Electronics,credit card,no,Winter,Tue,246.12
ORD301206,43.26208443809912,4.5,1,24.5,4.9,Home & Kitchen,upi,no,Winter,Thu,91.4
ORD304968,45.0,1.7,1,12.3,14.1,Sports,credit card,no,Summer,Sat,85.65
ORD302161,64.0,0.6,6,38.3,7.0,Toys,wallet,no,Monsoon,Mon,31.24
ORD302747,20.0,8.1,14,6.6,11.4,Clothing,upi,no,Monsoon,Sun,129.34
ORD303421,36.0,11.7,13,18.1,2.1,Sports,credit card,no,Summer,Mon,136.8
ORD300486,63.0,9.1,13,30.4,39.2,Electronics,wallet,yes,Winter,Mon,431.08
ORD303692,52.0,3.5,11,0.5,16.6,Electronics,credit card,yes,Winter,Sun,512.4
ORD303546,26.0,11.2,7,21.7,7.5,Sports,upi,no,Spring,Fri,133.79
ORD304031,36.0,6.9,14,35.5,0.1,Beauty,debit card,no,Winter,Wed,80.59
ORD301837,28.0,4.6,1,15.6,30.1,Home & Kitchen,credit card,yes,Monsoon,Wed,92.94
ORD304899,22.0,7.0,8,35.2,17.2,Home & Kitchen,debit card,yes,Summer,Mon,132.92
ORD302297,59.0,11.2,7,17.2,0.5,Books,upi,no,Spring,Thu,60.71
ORD301286,55.0,11.1,6,34.2,1.7,Beauty,credit card,no,Spring,Tue,85.32
ORD300208,66.0,8.7,5,24.0,5.9,Home & Kitchen,wallet,yes,Spring,Fri,113.19
ORD301526,39.0,4.9,9,33.0,32.2,Clothing,credit card,yes,Spring,Wed,103.64
ORD303215,43.0,6.4,11,37.9,0.4,Electronics,wallet,no,Monsoon,Wed,335.42
ORD304508,28.0,6.4,1,13.7,14.7,Clothing,wallet,no,Winter,Tue,32.33
ORD304116,26.0,6.2,8,5.2,12.5,Beauty,upi,no,Summer,Mon,67.31
ORD300150,48.0,2.1,7,2.5,1.7,Clothing,credit card,no,Monsoon,Mon,87.04
ORD303872,30.0,8.8,8,16.8,15.8,Beauty,debit card,yes,Spring,Wed,53.55
ORD302857,24.0,2.4,3,12.4,7.5,Books,credit card,no,Summer,Fri,5.0
ORD302892,36.0,5.9,12,0.7,10.055118434603502,Beauty,upi,no,Winter,Tue,98.57
ORD302270,59.0,11.0,11,6.0,1.0,Beauty,credit card,yes,Summer,Sat,107.78
ORD303816,18.0,0.1,1,32.1,3.2,Beauty,credit card,yes,Monsoon,Mon,32.62
ORD304664,30.0,2.9,3,25.0,1.4,Beauty,credit card,no,Summer,Wed,47.32
ORD303387,62.0,1.5,1,34.9,1.4,Clothing,debit card,no,Spring,Tue,38.11
ORD301533,56.0,4.3,12,32.2,43.2,Clothing,upi,yes,Summer,Fri,80.65
ORD304154,46.0,6.7,4,23.6,2.9,Electronics,debit card,no,Summer,Tue,289.94
ORD301122,22.0,10.0,2,33.4,5.8,Electronics,credit card,yes,Spring,Tue,225.41
ORD301235,49.0,11.5,4,38.1,7.8,Toys,credit card,no,Summer,Tue,21.49
ORD302540,26.0,3.6,4,10.1,4.7,Electronics,credit card,yes,Winter,Fri,351.05
ORD301218,34.0,9.1,7,11.5,1.3,Beauty,credit card,no,Monsoon,Mon,73.98
ORD303523,38.0,1.9,6,6.9,27.7,Books,wallet,yes,Winter,Sun,43.18
ORD303959,55.0,11.3,13,7.3,10.8,Home & Kitchen,credit card,no,Winter,Mon,203.22
ORD302607,28.0,11.5,11,16.5,3.4,Toys,debit card,no,Summer,Mon,51.99
ORD302172,34.0,5.6,2,1.9,9.0,Clothing,credit card,yes,Winter,Fri,95.93
ORD304281,58.0,11.3,5,13.9,6.2,Sports,credit card,no,Monsoon,Sat,120.87
ORD303532,58.0,5.7,2,36.8,1.8,Home & Kitchen,credit card,no,Monsoon,Sat,62.76
ORD304331,55.0,9.9,9,17.3,4.2,Clothing,wallet,no,Monsoon,Tue,121.01
ORD304808,38.0,4.2,12,30.9,3.6,Home & Kitchen,credit card,no,Spring,Mon,114.47
ORD301281,56.0,8.9,10,15.8,2.4,Beauty,credit card,yes,Monsoon,Tue,124.12
ORD301921,30.0,5.1,1,2.8,46.3,Toys,wallet,no,Monsoon,Sat,16.8
ORD304728,38.0,3.6,6,1.1,10.2,Home & Kitchen,debit card,yes,Monsoon,Mon,191.72
ORD304871,68.0,6.8,6,22.7,7.0,Books,credit card,yes,Monsoon,Thu,71.14
ORD303987,69.0,1.4,10,17.9,8.9,Electronics,wallet,no,Winter,Tue,411.92
ORD303462,43.0,1.6,10,31.9,0.5,Home & Kitchen,debit card,yes,Spring,Tue,122.52
ORD300420,53.0,9.0,1,26.6,6.2,Clothing,credit card,no,Monsoon,Sat,91.38
ORD300761,52.0,1.7,12,32.3,20.6,Sports,credit card,no,Winter,Sat,92.8
ORD304022,28.0,4.4,13,19.0,11.6,Sports,wallet,no,Spring,Fri,134.89
ORD301391,20.0,0.8,4,33.8,21.6,Beauty,upi,no,Monsoon,Tue,5.0
ORD302242,55.0,9.3,2,25.1,20.0,Beauty,upi,no,Monsoon,Fri,58.62
ORD303017,33.0,11.6,4,33.3,24.2,Books,credit card,no,Summer,Fri,72.96
ORD300340,53.0,4.5,13,8.7,6.0,Home & Kitchen,upi,no,Spring,Mon,190.13
ORD301591,50.0,10.8,10,9.2,0.4,Home & Kitchen,credit card,no,Spring,Sun,162.49
ORD304663,53.0,9.3,13,26.2,18.3,Sports,upi,no,Monsoon,Wed,121.67
ORD303862,27.0,6.7,3,7.2,13.6,Clothing,upi,no,Spring,Mon,47.59
ORD300884,59.0,3.5,7,9.4,10.055118434603502,Home & Kitchen,credit card,no,Summer,Fri,99.54
ORD302222,51.0,5.9,12,3.9,3.6,Electronics,wallet,yes,Summer,Fri,540.3
ORD304585,37.0,8.1,14,32.3,0.0,Clothing,upi,no,Monsoon,Sat,88.14
ORD302091,46.0,11.9,7,28.3,12.8,Beauty,debit card,no,Winter,Sat,115.57
ORD300392,33.0,0.9,4,17.0,3.2,Beauty,debit card,yes,Winter,Sun,56.13
ORD303273,63.0,4.7,3,25.1,1.5,Clothing,credit card,no,Winter,Fri,57.81
ORD300564,43.26208443809912,8.8,14,18.4,0.2,Home & Kitchen,wallet,yes,Winter,Fri,228.18
ORD303732,52.0,3.2,13,26.5,11.7,Electronics,upi,yes,Spring,Sat,429.36
ORD302643,20.0,10.1,13,13.4,17.6,Clothing,upi,no,Monsoon,Tue,142.17
ORD300098,41.0,8.4,11,18.4,2.9,Beauty,wallet,no,Winter,Sat,106.95
ORD300890,59.0,3.0,3,13.8,5.4,Toys,upi,no,Monsoon,Tue,21.21
ORD302079,65.0,3.9,14,19.9,3.1,Beauty,upi,yes,Spring,Tue,139.78
ORD301039,54.0,11.6,11,25.6,4.8,Toys,credit card,no,Monsoon,Tue,109.34
ORD303380,68.0,9.0,5,10.6,9.0,Clothing,wallet,yes,Summer,Sun,119.24
ORD304683,66.0,7.3,2,5.4,10.8,Beauty,debit card,no,Summer,Sun,46.77
ORD304619,21.0,11.7,5,40.0,2.7,Toys,credit card,yes,Spring,Sun,75.75
ORD303177,32.0,2.4,4,7.0,6.1,Books,upi,no,Winter,Sat,25.35
ORD301062,29.0,4.5,7,6.4,20.7,Clothing,credit card,yes,Monsoon,Tue,90.57
ORD301506,53.0,0.1,4,16.8,1.0,Clothing,credit card,no,Monsoon,Fri,38.61
ORD302441,39.0,7.9,11,23.7,6.6,Clothing,debit card,yes,Summer,Sat,148.31
ORD303707,24.0,2.4,3,32.3,4.3,Clothing,upi,no,Winter,Mon,6.62
ORD302921,38.0,10.8,12,30.9,7.8,Home & Kitchen,wallet,yes,Monsoon,Sun,184.85
ORD300670,51.0,9.0,10,22.5,0.2,Clothing,credit card,no,Summer,Wed,78.76
ORD300713,59.0,8.1,3,36.8,28.8,Beauty,debit card,yes,Monsoon,Mon,41.78
ORD304988,27.0,10.4,8,22.0,10.9,Home & Kitchen,debit card,no,Winter,Mon,131.88
ORD304081,28.0,1.8,4,24.7,2.4,Books,credit card,yes,Monsoon,Tue,40.94
ORD303654,51.0,11.2,8,36.0,10.055118434603502,Electronics,credit card,yes,Winter,Wed,318.35
ORD300416,58.0,9.7,5,27.0,2.1,Electronics,wallet,yes,Monsoon,Wed,297.29
ORD301984,41.0,9.4,5,10.2,11.9,Clothing,debit card,no,Winter,Mon,60.33
ORD304711,42.0,2.0,11,20.299269776876265,0.6,Clothing,upi,yes,Winter,Thu,113.42
ORD302346,68.0,9.9,9,6.8,8.5,Clothing,upi,no,Summer,Thu,93.68
ORD301244,56.0,5.4,3,13.5,8.6,Electronics,wallet,no,Winter,Sun,285.27
ORD302090,19.0,5.933483606557377,6,21.3,8.6,Beauty,debit card,yes,Summer,Tue,68.58
ORD302855,61.0,11.4,7,17.4,11.6,Toys,upi,yes,Winter,Sat,98.91
ORD302128,61.0,4.5,12,33.0,0.4,Clothing,debit card,yes,Winter,Fri,69.88
ORD301583,32.0,11.5,11,32.5,25.0,Clothing,credit card,no,Winter,Tue,73.09
ORD304621,24.0,5.2,3,7.8,7.5,Electronics,debit card,no,Monsoon,Sun,276.68
ORD303150,39.0,11.9,3,9.4,2.5,Electronics,upi,no,Summer,Mon,299.3
ORD301731,43.26208443809912,3.4,3,26.3,3.2,Clothing,upi,no,Spring,Mon,45.7
ORD304445,31.0,11.1,11,27.4,1.0,Toys,wallet,no,Spring,Wed,97.3
ORD302646,18.0,5.6,12,35.0,24.2,Electronics,credit card,no,Winter,Sat,356.43
ORD303419,62.0,6.8,4,15.1,1.8,Home & Kitchen,debit card,no,Monsoon,Sat,86.85
ORD300572,38.0,5.7,9,32.8,23.7,Clothing,credit card,no,Winter,Wed,63.31
ORD304780,65.0,10.5,1,8.1,32.1,Clothing,credit card,no,Summer,Tue,46.94
ORD300734,56.0,7.5,1,5.3,0.8,Sports,upi,yes,Monsoon,Tue,120.78
ORD303201,57.0,7.8,4,21.4,3.2,Beauty,credit card,no,Monsoon,Thu,65.94
ORD301726,31.0,4.9,7,5.3,19.5,Electronics,credit card,yes,Winter,Thu,4916.16
ORD303647,25.0,4.0,11,21.2,1.4,Electronics,debit card,no,Winter,Mon,413.75
ORD302584,45.0,5.9,7,9.9,7.9,Electronics,upi,no,Monsoon,Thu,377.91
ORD304737,50.0,5.2,9,15.4,1.1,Electronics,upi,no,Spring,Fri,391.56
ORD303974,69.0,10.2,4,12.4,10.5,Electronics,wallet,yes,Monsoon,Sat,348.16
ORD300400,64.0,10.8,9,23.5,28.9,Electronics,credit card,yes,Spring,Sun,396.51
ORD303148,22.0,6.1,11,4.2,10.055118434603502,Books,credit card,no,Winter,Wed,60.51
ORD303929,39.0,2.4,9,5.3,10.055118434603502,Home & Kitchen,credit card,no,Summer,Mon,155.23
ORD301114,43.26208443809912,2.6,1,10.3,29.6,Sports,debit card,yes,Monsoon,Sun,97.71
ORD300398,54.0,8.2,2,12.9,8.0,Home & Kitchen,credit card,no,Winter,Sun,128.33
ORD304007,50.0,1.7,10,21.4,6.5,Beauty,credit card,no,Summer,Wed,72.83
ORD302655,51.0,1.5,8,0.3,10.5,Electronics,credit card,yes,Monsoon,Thu,462.35
ORD304502,44.0,3.4,8,0.5,5.1,Beauty,credit card,yes,Winter,Tue,101.39
ORD301748,19.0,0.5,3,10.2,1.7,Home & Kitchen,wallet,yes,Spring,Wed,150.45
ORD300993,45.0,5.933483606557377,10,15.3,2.2,Electronics,credit card,yes,Monsoon,Sun,439.03
ORD303415,46.0,3.5,7,31.6,4.7,Books,credit card,no,Winter,Mon,38.95
ORD300814,69.0,5.5,11,9.7,4.6,Beauty,credit card,no,Summer,Sun,122.52
ORD300019,18.0,1.7,4,5.6,0.4,Electronics,credit card,no,Spring,Fri,307.48
ORD304760,68.0,4.6,10,39.1,13.6,Clothing,wallet,no,Winter,Fri,80.67
ORD304775,35.0,3.0,5,6.9,13.3,Sports,upi,yes,Winter,Thu,112.94
ORD300891,63.0,2.8,10,9.6,5.8,Clothing,debit card,yes,Summer,Thu,78.43
ORD300648,25.0,1.6,5,20.4,1.2,Home & Kitchen,debit card,no,Summer,Sun,75.98
ORD304300,22.0,0.9,13,27.0,0.2,Clothing,wallet,yes,Spring,Sun,86.34
ORD302287,51.0,3.7,1,18.1,5.2,Electronics,credit card,no,Winter,Wed,196.63
ORD304880,28.0,7.8,1,39.6,0.6,Home & Kitchen,upi,no,Spring,Sat,52.31
ORD301035,65.0,5.2,11,32.9,10.5,Sports,credit card,yes,Summer,Mon,124.07
ORD302397,35.0,3.8,3,32.7,10.055118434603502,Toys,upi,no,Summer,Thu,18.29
ORD300219,42.0,7.5,5,32.5,3.2,Electronics,credit card,yes,Spring,Tue,266.38
ORD301167,23.0,5.2,6,33.8,2.1,Home & Kitchen,credit card,yes,Monsoon,Wed,86.68
ORD300280,39.0,2.5,10,18.3,9.0,Beauty,debit card,no,Winter,Sun,64.07
ORD301489,55.0,2.2,14,36.2,0.7,Home & Kitchen,credit card,no,Summer,Sun,151.02
ORD300133,28.0,1.3,14,5.9,2.9,Beauty,debit card,yes,Monsoon,Wed,96.91
ORD304188,66.0,8.4,1,17.3,14.2,Sports,wallet,yes,Summer,Mon,95.36
ORD303075,24.0,8.5,6,33.6,0.5,Home & Kitchen,credit card,yes,Summer,Mon,143.12
ORD304522,64.0,9.7,13,3.5,1.0,Beauty,wallet,yes,Summer,Thu,120.21
ORD303686,35.0,1.5,10,5.3,28.3,Electronics,wallet,no,Monsoon,Wed,476.35
ORD301686,30.0,10.1,4,4.3,1.7,Electronics,debit card,yes,Spring,Mon,355.63
ORD304785,31.0,8.2,4,39.8,17.8,Clothing,upi,no,Spring,Sun,61.93
ORD304528,38.0,3.1,8,6.5,1.6,Electronics,credit card,no,Winter,Sun,419.97
ORD303674,68.0,2.4,10,39.1,8.3,Sports,upi,no,Winter,Fri,70.39
ORD303858,45.0,7.3,13,11.3,26.9,Electronics,debit card,no,Winter,Mon,551.77
ORD304369,20.0,4.1,7,12.6,18.4,Sports,debit card,no,Spring,Sat,118.71
ORD300000,19.0,9.0,6,13.1,0.3,Clothing,credit card,no,Spring,Wed,78.11
ORD302304,37.0,0.2,9,13.9,28.3,Electronics,credit card,no,Winter,Sun,409.5
ORD301252,40.0,3.0,6,20.299269776876265,2.5,Clothing,upi,no,Winter,Mon,36.51
ORD303554,21.0,7.2,1,13.2,3.6,Clothing,credit card,yes,Winter,Fri,72.04
ORD300600,42.0,8.4,8,16.5,2.2,Electronics,credit card,no,Summer,Tue,394.19
ORD300701,60.0,5.9,5,28.2,16.7,Sports,credit card,no,Summer,Thu,90.62
ORD302558,61.0,1.8,12,28.5,10.055118434603502,Clothing,wallet,no,Summer,Sat,57.01
ORD304094,33.0,6.0,7,27.4,10.055118434603502,Toys,wallet,no,Monsoon,Fri,30.66
ORD303699,68.0,11.3,9,29.2,0.8,Electronics,credit card,no,Spring,Thu,345.47
ORD303992,50.0,4.3,2,4.6,28.8,Clothing,credit card,no,Winter,Tue,49.1
ORD301610,33.0,8.9,5,24.0,12.8,Clothing,debit card,no,Summer,Sun,65.6
ORD301242,21.0,7.6,10,11.8,4.1,Beauty,debit card,no,Monsoon,Sat,54.18
ORD302158,50.0,11.1,1,13.0,14.9,Home & Kitchen,upi,no,Spring,Wed,88.09
ORD304545,30.0,7.7,8,7.0,3.6,Toys,upi,no,Spring,Wed,99.28
ORD300854,33.0,0.5,1,3.7,6.0,Clothing,credit card,yes,Spring,Sat,85.46
ORD300487,29.0,5.4,12,14.4,21.0,Sports,credit card,no,Winter,Wed,165.18
ORD302455,61.0,9.6,8,37.1,29.2,Home & Kitchen,credit card,yes,Spring,Sat,130.38
ORD303470,26.0,3.0,10,1.6,12.6,Home & Kitchen,credit card,yes,Monsoon,Sun,198.35
ORD301675,56.0,6.5,4,18.4,5.7,Home & Kitchen,wallet,yes,Summer,Thu,107.55
ORD302739,51.0,8.9,5,32.3,12.4,Toys,wallet,yes,Spring,Tue,23.0
ORD303123,34.0,3.9,11,37.6,1.4,Electronics,debit card,yes,Winter,Thu,335.81
ORD303803,22.0,10.6,1,32.0,14.4,Electronics,credit card,yes,Spring,Wed,190.51
ORD303664,51.0,9.0,1,0.6,2.6,Electronics,upi,no,Summer,Wed,254.66
ORD303676,48.0,5.2,1,33.5,4.1,Beauty,debit card,no,Summer,Sun,38.65
ORD304731,35.0,9.1,12,8.1,55.6,Books,wallet,no,Spring,Sat,60.86
ORD304424,52.0,5.933483606557377,11,7.3,31.0,Books,upi,no,Summer,Wed,69.79
ORD302012,26.0,0.9,9,38.8,0.3,Home & Kitchen,debit card,no,Spring,Thu,118.69
ORD300413,47.0,6.2,11,8.6,7.4,Toys,credit card,no,Summer,Sun,78.02
ORD304853,57.0,5.7,3,12.3,4.6,Toys,credit card,yes,Summer,Mon,51.4
ORD302114,55.0,0.1,2,2.2,6.1,Clothing,credit card,yes,Summer,Sat,1002.72
ORD302094,37.0,6.5,3,20.8,1.0,Toys,debit card,no,Monsoon,Wed,51.11
ORD303466,43.0,7.9,10,1.7,5.5,Home & Kitchen,credit card,no,Summer,Fri,192.92
ORD301188,67.0,7.8,4,10.3,6.2,Toys,wallet,no,Spring,Fri,53.55
ORD301082,69.0,6.8,14,26.3,3.6,Sports,upi,no,Monsoon,Thu,152.07
ORD302462,57.0,0.8,14,19.2,17.6,Electronics,debit card,yes,Summer,Mon,476.66
ORD304423,61.0,0.3,6,19.0,14.5,Clothing,wallet,no,Summer,Tue,63.1
ORD301979,28.0,9.6,12,34.3,10.5,Home & Kitchen,upi,no,Spring,Sun,180.35
ORD300036,43.26208443809912,10.7,2,39.5,13.6,Beauty,debit card,yes,Winter,Sun,82.72
ORD303381,40.0,3.3,6,20.299269776876265,3.1,Books,debit card,no,Winter,Wed,32.78
ORD300589,30.0,5.4,6,17.2,11.2,Toys,debit card,no,Summer,Tue,83.56
ORD303898,41.0,11.6,2,30.2,6.4,Beauty,wallet,yes,Monsoon,Thu,70.61
ORD304355,60.0,9.9,6,34.3,2.4,Beauty,credit card,no,Monsoon,Thu,77.03
ORD303648,36.0,3.1,11,26.7,25.7,Books,debit card,no,Summer,Sat,44.75
ORD300658,29.0,8.7,8,9.6,12.8,Clothing,upi,no,Winter,Tue,95.34
ORD303967,53.0,5.3,13,1.7,26.9,Books,debit card,no,Winter,Wed,37.96
ORD300020,30.0,6.6,1,23.2,7.5,Clothing,upi,no,Spring,Sat,52.38
ORD301283,40.0,3.1,10,5.2,7.5,Toys,debit card,yes,Winter,Sat,83.99
ORD304196,59.0,4.7,13,32.0,0.9,Clothing,wallet,no,Spring,Sun,118.24
ORD302315,26.0,5.933483606557377,13,28.9,11.3,Clothing,debit card,no,Winter,Thu,72.38
ORD302153,24.0,0.7,4,15.2,0.8,Toys,credit card,no,Monsoon,Thu,27.68
ORD300540,35.0,1.6,6,18.7,13.7,Toys,wallet,yes,Winter,Mon,68.26
ORD302749,61.0,9.4,14,38.3,4.9,Books,upi,yes,Spring,Thu,62.02
ORD304649,27.0,9.3,12,21.9,6.8,Books,credit card,yes,Winter,Sun,64.79
ORD303839,65.0,4.2,3,38.0,1.2,Sports,upi,yes,Monsoon,Mon,76.73
ORD302281,23.0,3.6,7,25.7,11.2,Home & Kitchen,credit card,no,Winter,Tue,106.23
ORD302674,28.0,10.9,8,20.299269776876265,7.7,Books,debit card,no,Spring,Mon,29.46
ORD300580,53.0,4.1,2,11.5,2.6,Electronics,upi,yes,Monsoon,Tue,268.6
ORD301335,31.0,6.5,7,25.1,2.9,Electronics,debit card,no,Spring,Thu,336.23
ORD304299,65.0,6.4,14,6.3,4.5,Electronics,upi,no,Monsoon,Thu,555.39
ORD304879,67.0,7.4,10,13.6,10.1,Books,wallet,no,Winter,Sat,51.78
ORD300479,53.0,1.6,9,1.3,13.6,Home & Kitchen,credit card,no,Winter,Wed,134.42
ORD302735,53.0,7.4,6,30.4,6.5,Electronics,upi,no,Monsoon,Sat,318.52
ORD301857,49.0,0.4,2,3.9,7.8,Clothing,debit card,no,Monsoon,Tue,60.23
ORD300063,27.0,10.1,4,25.5,2.3,Toys,debit card,yes,Spring,Mon,82.84
ORD303649,20.0,9.7,12,6.1,0.4,Clothing,credit card,no,Spring,Sat,113.3
ORD302753,22.0,4.7,5,29.3,7.3,Electronics,credit card,no,Winter,Wed,248.69
ORD303924,55.0,10.6,4,7.9,3.2,Electronics,credit card,yes,Monsoon,Tue,316.39
ORD301901,62.0,9.9,14,28.2,24.9,Electronics,credit card,yes,Spring,Sun,482.4
ORD301121,69.0,7.0,8,31.7,20.6,Clothing,debit card,yes,Summer,Sun,77.47
ORD300259,65.0,10.3,2,9.6,13.1,Home & Kitchen,credit card,yes,Summer,Mon,127.6
ORD300705,67.0,1.2,1,10.1,2.8,Home & Kitchen,debit card,yes,Winter,Sun,100.63
ORD302825,67.0,3.9,2,11.4,12.0,Toys,upi,no,Winter,Tue,5.0
ORD300439,61.0,5.5,7,37.5,5.6,Beauty,debit card,no,Winter,Tue,47.94
ORD304388,20.0,1.8,5,39.8,3.1,Clothing,upi,yes,Spring,Mon,74.86
ORD301858,46.0,1.6,4,22.9,6.7,Beauty,upi,no,Winter,Sun,50.14
ORD302845,42.0,11.7,3,4.1,10.4,Electronics,debit card,yes,Summer,Sat,333.49
ORD300924,43.0,3.2,4,9.1,0.7,Books,wallet,no,Monsoon,Fri,54.94
ORD304816,23.0,2.2,3,18.0,3.4,Clothing,credit card,yes,Winter,Fri,57.34
ORD301543,25.0,11.1,7,25.9,2.5,Home & Kitchen,credit card,no,Monsoon,Sun,129.88
ORD301962,60.0,3.6,9,38.3,35.0,Books,debit card,yes,Winter,Sun,44.02
ORD301134,56.0,0.6,4,13.3,1.7,Clothing,wallet,no,Winter,Mon,38.37
ORD301108,31.0,0.7,7,22.4,4.2,Home & Kitchen,debit card,yes,Summer,Thu,128.0
ORD301682,24.0,5.933483606557377,5,28.8,1.8,Clothing,upi,no,Spring,Sat,47.64
ORD302688,23.0,5.9,6,7.6,0.1,Beauty,upi,yes,Monsoon,Thu,96.23
ORD302817,37.0,3.9,1,20.1,10.5,Beauty,wallet,no,Spring,Sat,70.0
ORD303151,44.0,0.6,9,8.7,2.1,Sports,wallet,no,Summer,Tue,127.67
ORD300587,37.0,3.7,7,8.5,3.1,Clothing,upi,no,Winter,Mon,44.32
ORD302862,67.0,0.4,9,12.5,8.7,Beauty,wallet,yes,Spring,Fri,84.61
ORD301085,48.0,9.1,8,22.2,10.0,Home & Kitchen,upi,no,Summer,Tue,128.25
ORD302984,48.0,2.0,1,8.1,11.1,Toys,upi,no,Spring,Wed,5.0
ORD302746,36.0,0.7,6,31.1,12.1,Clothing,credit card,yes,Spring,Wed,94.13
ORD302145,68.0,11.9,7,33.8,18.1,Clothing,debit card,no,Winter,Wed,82.51
ORD304769,43.26208443809912,5.0,8,1.7,21.8,Beauty,wallet,yes,Spring,Thu,105.66
ORD301961,46.0,4.2,11,12.0,17.5,Beauty,upi,no,Spring,Mon,91.45
ORD300637,65.0,11.3,4,5.5,6.5,Electronics,upi,no,Winter,Sat,310.29
ORD304566,48.0,6.3,1,18.0,2.9,Toys,debit card,yes,Summer,Fri,102.13
ORD300332,57.0,11.5,1,16.1,21.5,Electronics,credit card,no,Monsoon,Thu,208.92
ORD302799,54.0,1.9,1,5.1,14.6,Home & Kitchen,credit card,no,Summer,Tue,83.27
ORD302923,47.0,3.2,3,34.9,5.7,Books,credit card,no,Spring,Wed,36.53
ORD304305,39.0,3.0,8,28.3,15.7,Books,debit card,no,Winter,Sat,32.56
ORD301698,22.0,3.3,5,32.0,25.4,Clothing,debit card,no,Monsoon,Thu,60.31
ORD301696,48.0,11.2,13,31.2,5.5,Beauty,debit card,no,Summer,Tue,94.55
ORD300062,58.0,9.9,14,24.2,19.7,Beauty,wallet,yes,Winter,Tue,77.54
ORD303693,49.0,2.1,9,35.9,4.8,Clothing,debit card,yes,Summer,Sat,87.01
ORD302712,45.0,1.8,4,20.5,6.3,Sports,credit card,no,Winter,Sat,80.79
ORD300157,29.0,9.2,4,30.9,13.5,Home & Kitchen,credit card,no,Summer,Sun,83.64
ORD300438,32.0,1.4,9,39.6,10.055118434603502,Sports,wallet,no,Summer,Fri,56.03
ORD301706,53.0,2.6,11,3.4,12.0,Toys,credit card,no,Monsoon,Thu,98.61
ORD301658,46.0,9.7,3,21.6,18.4,Clothing,upi,no,Spring,Mon,47.67
ORD303683,68.0,8.8,13,0.8,7.6,Toys,debit card,no,Monsoon,Wed,79.69
ORD304413,68.0,8.8,10,38.4,10.055118434603502,Electronics,debit card,yes,Spring,Wed,363.36
ORD303784,19.0,7.8,1,2.8,1.4,Electronics,upi,no,Spring,Mon,247.4
ORD304205,49.0,5.7,7,38.7,3.2,Sports,wallet,no,Spring,Tue,132.83
ORD304195,39.0,5.3,6,28.9,1.4,Books,debit card,no,Spring,Mon,35.45
ORD304120,45.0,9.1,3,9.4,2.2,Clothing,wallet,yes,Spring,Thu,117.92
ORD304849,37.0,11.4,6,8.0,7.8,Beauty,upi,no,Winter,Sat,60.08
ORD301564,61.0,5.9,6,14.3,4.1,Sports,debit card,no,Summer,Mon,93.56
ORD303743,65.0,9.6,10,12.5,10.055118434603502,Beauty,credit card,no,Winter,Thu,85.17
ORD303060,27.0,4.8,5,22.7,1.6,Electronics,debit card,no,Winter,Tue,313.44
ORD304322,45.0,4.2,3,33.7,0.4,Clothing,wallet,no,Monsoon,Wed,54.04
ORD304875,56.0,4.5,6,39.9,1.8,Beauty,debit card,no,Winter,Mon,34.01
ORD300012,19.0,10.6,4,34.0,46.8,Clothing,wallet,no,Winter,Tue,40.42
ORD304345,25.0,6.1,1,10.9,15.5,Electronics,credit card,yes,Monsoon,Sat,251.59
ORD301700,51.0,7.3,10,23.8,12.7,Toys,upi,no,Monsoon,Thu,56.97
ORD300140,68.0,11.0,7,11.8,43.3,Sports,credit card,no,Monsoon,Wed,125.03
ORD303014,43.26208443809912,10.0,1,5.5,6.3,Electronics,credit card,no,Summer,Mon,250.26
ORD304315,25.0,6.8,4,30.9,11.0,Home & Kitchen,debit card,no,Monsoon,Sun,78.91
ORD303004,38.0,7.6,7,11.8,10.055118434603502,Home & Kitchen,debit card,no,Spring,Thu,129.02
ORD303579,43.0,0.9,10,39.2,3.0,Beauty,debit card,no,Summer,Wed,39.83
ORD301966,58.0,1.2,11,18.7,10.055118434603502,Books,credit card,yes,Summer,Wed,18.19
ORD301054,32.0,10.1,13,23.9,4.8,Home & Kitchen,credit card,yes,Monsoon,Sat,181.66
ORD304449,30.0,11.4,3,22.8,6.3,Electronics,debit card,no,Spring,Sat,218.64
ORD303366,53.0,7.5,6,1.8,1.4,Books,debit card,no,Summer,Tue,63.47
ORD304111,31.0,11.5,6,23.1,3.3,Sports,debit card,yes,Winter,Sat,102.39
ORD303262,62.0,7.5,10,30.2,3.8,Beauty,upi,yes,Summer,Mon,102.05
ORD301180,50.0,9.5,2,31.0,2.0,Clothing,upi,yes,Monsoon,Thu,85.79
ORD302530,51.0,9.7,9,30.9,2.5,Toys,upi,no,Winter,Sun,68.19
ORD303213,19.0,9.6,12,39.9,24.7,Sports,credit card,no,Monsoon,Wed,87.78
ORD301602,24.0,4.4,7,20.9,10.1,Clothing,credit card,no,Spring,Sat,78.38
ORD300109,46.0,9.0,1,33.1,7.6,Clothing,credit card,yes,Spring,Tue,99.26
ORD302901,18.0,5.933483606557377,4,29.2,17.6,Clothing,wallet,yes,Winter,Fri,51.85
ORD304505,19.0,0.8,3,17.4,8.7,Sports,upi,no,Summer,Thu,51.04
ORD303062,49.0,1.1,3,27.8,23.9,Toys,credit card,no,Summer,Sat,55.58
ORD303433,35.0,10.1,10,6.2,4.7,Home & Kitchen,wallet,no,Winter,Wed,184.63
ORD300689,20.0,6.8,2,21.5,22.6,Toys,upi,no,Monsoon,Sat,50.83
ORD302077,36.0,6.1,8,30.2,5.0,Toys,credit card,no,Spring,Fri,567.36
ORD302141,52.0,8.1,4,31.7,3.7,Electronics,wallet,yes,Spring,Wed,248.28
ORD304038,40.0,3.9,14,4.1,19.2,Books,wallet,no,Monsoon,Fri,30.94
ORD304874,57.0,9.9,12,28.6,6.5,Electronics,credit card,no,Spring,Sat,376.8
ORD300652,53.0,11.7,2,34.8,1.4,Electronics,credit card,yes,Winter,Tue,213.74
ORD303636,21.0,7.3,3,32.2,18.8,Toys,credit card,no,Spring,Tue,33.92
ORD304473,44.0,4.6,8,8.2,6.1,Sports,upi,no,Winter,Mon,126.33
ORD302718,41.0,9.6,4,7.1,2.2,Home & Kitchen,credit card,no,Winter,Sun,98.74
ORD300590,43.26208443809912,10.7,10,8.9,11.7,Clothing,upi,yes,Spring,Fri,155.68
ORD303724,34.0,1.1,13,19.1,6.7,Books,debit card,no,Monsoon,Wed,65.11
ORD303880,60.0,8.4,1,29.2,31.0,Electronics,wallet,no,Winter,Sun,197.0
ORD300895,18.0,2.0,8,23.2,0.9,Beauty,credit card,yes,Winter,Sun,110.51
ORD303333,39.0,6.8,4,21.7,1.2,Home & Kitchen,credit card,yes,Winter,Sat,140.45
ORD303644,41.0,7.8,13,30.7,2.3,Electronics,credit card,no,Spring,Thu,399.03
ORD302781,51.0,8.1,1,13.4,5.6,Home & Kitchen,credit card,yes,Monsoon,Sat,109.42
ORD300127,45.0,1.1,6,36.6,0.6,Electronics,credit card,no,Monsoon,Mon,210.49
ORD300117,52.0,4.5,8,22.4,20.0,Clothing,wallet,no,Summer,Sun,102.81
ORD301586,55.0,1.7,1,7.6,19.8,Electronics,credit card,yes,Summer,Tue,260.47
ORD303629,39.0,2.3,10,15.2,17.3,Beauty,credit card,yes,Summer,Tue,86.72
ORD301832,54.0,10.8,12,24.1,11.8,Sports,wallet,no,Spring,Tue,126.3
ORD300514,44.0,6.1,6,14.2,3.6,Books,upi,no,Monsoon,Wed,44.68
ORD301657,39.0,1.9,2,33.7,2.0,Electronics,upi,yes,Winter,Sat,203.54
ORD304738,53.0,11.7,2,25.4,0.1,Home & Kitchen,debit card,no,Monsoon,Sat,139.68
ORD302253,24.0,11.1,11,39.5,1.3,Toys,credit card,no,Summer,Thu,68.73
ORD304814,34.0,7.2,9,2.2,14.5,Beauty,upi,no,Winter,Fri,86.0
ORD302632,65.0,0.6,10,15.4,10.2,Electronics,upi,no,Winter,Sun,397.09
ORD302886,28.0,1.5,5,35.9,1.7,Beauty,credit card,yes,Winter,Tue,52.04
ORD300030,54.0,2.7,9,20.2,11.5,Electronics,wallet,no,Monsoon,Wed,357.71
ORD302686,46.0,2.7,6,16.6,2.5,Clothing,upi,yes,Spring,Mon,123.08
ORD304825,41.0,7.8,8,20.299269776876265,8.0,Beauty,upi,no,Summer,Tue,54.46
ORD302392,34.0,6.1,14,20.299269776876265,3.7,Electronics,upi,no,Spring,Thu,611.6
ORD301881,48.0,2.0,12,17.5,7.8,Clothing,wallet,yes,Summer,Mon,107.65
ORD301436,42.0,5.933483606557377,5,34.8,8.9,Sports,credit card,no,Summer,Mon,48.76
ORD304622,49.0,10.7,2,26.9,0.0,Electronics,upi,no,Summer,Wed,209.54
ORD304997,62.0,5.8,4,26.2,0.1,Toys,wallet,no,Winter,Tue,56.49
ORD304680,65.0,9.7,10,15.3,10.055118434603502,Clothing,upi,no,Monsoon,Wed,122.79
ORD303452,52.0,7.3,14,8.5,6.4,Electronics,credit card,yes,Monsoon,Fri,586.4
ORD301498,51.0,2.8,13,13.5,2.4,Clothing,debit card,no,Monsoon,Mon,111.1
ORD302142,34.0,0.6,9,39.7,6.0,Electronics,debit card,no,Monsoon,Fri,293.59
ORD300450,65.0,3.1,13,25.0,2.5,Home & Kitchen,debit card,yes,Monsoon,Sun,187.2
ORD302759,67.0,3.1,7,12.6,37.5,Sports,debit card,yes,Spring,Fri,86.11
ORD304872,34.0,8.2,14,31.8,0.0,Sports,credit card,yes,Summer,Sat,154.91
ORD304107,63.0,4.3,13,7.0,3.4,Books,debit card,no,Winter,Wed,42.18
ORD303331,22.0,3.8,1,28.4,1.7,Electronics,credit card,no,Monsoon,Wed,198.55
ORD301119,41.0,11.8,1,7.1,1.9,Toys,credit card,no,Spring,Wed,33.35
ORD300324,39.0,5.2,6,35.3,28.0,Clothing,debit card,no,Summer,Sun,77.44
ORD302961,52.0,10.6,2,39.1,6.0,Beauty,credit card,no,Spring,Sat,53.02
ORD300823,23.0,0.8,7,24.8,58.0,Electronics,credit card,no,Monsoon,Sat,314.48
ORD302752,46.0,4.6,1,27.0,2.0,Toys,debit card,no,Winter,Fri,51.08
ORD300456,45.0,2.4,8,1.4,16.9,Toys,debit card,no,Summer,Fri,34.35
ORD300904,69.0,4.5,12,33.4,6.2,Electronics,upi,yes,Winter,Sun,377.9
ORD302040,67.0,11.6,6,20.8,7.7,Home & Kitchen,wallet,no,Winter,Sat,141.49
ORD302880,33.0,3.1,10,29.1,10.3,Home & Kitchen,debit card,no,Spring,Tue,125.83
ORD300289,41.0,5.5,6,5.1,39.9,Books,debit card,no,Spring,Sat,53.21
ORD302708,33.0,2.2,12,0.3,6.8,Beauty,debit card,no,Winter,Tue,77.03
ORD302021,63.0,10.8,13,33.9,3.8,Clothing,credit card,no,Spring,Sat,103.01
ORD301106,32.0,7.4,11,7.8,3.6,Books,upi,no,Summer,Wed,43.85
ORD301052,55.0,8.9,12,11.3,4.3,Beauty,debit card,yes,Spring,Thu,149.05
ORD304717,47.0,6.5,11,21.4,6.9,Clothing,upi,no,Spring,Thu,81.97
ORD304179,40.0,0.1,6,32.2,16.6,Electronics,wallet,no,Spring,Fri,222.03
ORD303998,55.0,7.3,10,37.4,2.5,Clothing,credit card,yes,Winter,Tue,73.71
ORD303032,33.0,10.4,4,28.6,19.4,Beauty,wallet,no,Spring,Sat,30.53
ORD304105,35.0,8.2,6,21.3,8.0,Home & Kitchen,upi,no,Summer,Tue,139.06
ORD304893,53.0,11.9,6,4.0,8.4,Books,wallet,yes,Monsoon,Thu,52.41
ORD302881,56.0,8.5,1,20.6,21.4,Sports,credit card,no,Spring,Wed,79.73
ORD302728,60.0,4.1,8,37.4,18.7,Electronics,credit card,no,Monsoon,Tue,283.83
ORD300136,40.0,5.933483606557377,12,0.1,0.3,Home & Kitchen,wallet,no,Spring,Thu,212.89
ORD302763,30.0,8.0,4,22.4,14.9,Beauty,credit card,no,Winter,Tue,55.32
ORD304686,27.0,3.4,14,13.1,4.5,Beauty,credit card,no,Spring,Sat,64.62
ORD304059,51.0,10.2,1,34.6,7.6,Electronics,credit card,no,Monsoon,Tue,182.67
ORD302853,26.0,8.0,12,22.5,4.9,Electronics,upi,no,Monsoon,Sat,455.73
ORD300801,68.0,1.7,8,26.4,6.0,Books,debit card,yes,Spring,Thu,59.88
ORD303338,44.0,11.9,4,15.7,7.1,Clothing,debit card,no,Monsoon,Thu,75.76
ORD302885,57.0,5.9,10,28.2,5.1,Clothing,debit card,no,Monsoon,Mon,108.5
ORD300852,57.0,3.5,8,26.0,0.6,Electronics,wallet,no,Summer,Wed,326.34
ORD300532,40.0,5.4,14,5.5,33.8,Electronics,wallet,no,Summer,Wed,576.62
ORD302783,42.0,2.0,14,27.4,15.7,Sports,credit card,yes,Monsoon,Thu,149.7
ORD303111,56.0,6.7,12,33.3,8.9,Electronics,debit card,no,Monsoon,Sun,377.42
ORD300191,50.0,8.1,13,7.2,3.6,Home & Kitchen,credit card,no,Spring,Fri,215.22
ORD302510,45.0,8.0,9,24.9,7.7,Clothing,debit card,yes,Monsoon,Tue,101.79
ORD300991,49.0,0.5,2,6.3,8.3,Sports,wallet,no,Monsoon,Wed,61.03
ORD301457,23.0,8.6,11,2.4,25.4,Books,upi,no,Spring,Sat,51.84
ORD301644,60.0,8.2,4,19.8,21.8,Clothing,credit card,no,Summer,Fri,80.33
ORD300603,63.0,2.8,1,17.3,5.7,Electronics,credit card,no,Spring,Sat,2565.0
ORD300539,58.0,2.1,6,30.1,6.1,Electronics,credit card,no,Winter,Thu,243.86
ORD302061,39.0,6.7,8,17.1,3.0,Sports,upi,yes,Monsoon,Mon,138.92
ORD304048,33.0,1.7,14,34.2,1.3,Clothing,debit card,yes,Monsoon,Fri,130.76
ORD303640,40.0,6.4,2,29.8,3.6,Beauty,credit card,no,Winter,Mon,65.44
ORD301913,59.0,9.9,10,35.4,2.2,Clothing,debit card,no,Summer,Tue,104.98
ORD302721,45.0,5.0,4,20.299269776876265,15.0,Clothing,debit card,no,Summer,Sun,22.4
ORD304627,60.0,1.2,4,20.5,10.9,Clothing,upi,no,Spring,Wed,69.45
ORD300034,50.0,1.5,4,30.1,17.8,Toys,wallet,no,Spring,Thu,37.0
ORD304511,22.0,10.1,4,23.1,7.6,Electronics,credit card,no,Summer,Tue,276.6
ORD303611,29.0,1.6,7,17.1,2.1,Electronics,wallet,yes,Summer,Thu,391.41
ORD303906,32.0,2.6,12,13.2,3.0,Clothing,credit card,no,Winter,Sat,86.81
ORD300743,55.0,6.2,11,8.4,6.0,Electronics,wallet,yes,Winter,Mon,464.24
ORD302864,19.0,5.0,3,13.8,17.1,Sports,debit card,yes,Monsoon,Fri,108.2
ORD302697,32.0,6.5,2,29.3,3.8,Clothing,wallet,yes,Monsoon,Tue,91.33
ORD303895,27.0,1.5,1,34.6,9.3,Electronics,upi,no,Spring,Sat,160.3
ORD300903,24.0,4.8,11,24.4,10.4,Clothing,credit card,no,Winter,Wed,98.4
ORD300262,29.0,8.8,6,34.5,3.0,Toys,wallet,yes,Winter,Thu,67.31
ORD301935,66.0,10.8,6,20.4,11.2,Home & Kitchen,credit card,no,Summer,Sat,151.24
ORD303870,35.0,7.4,1,27.7,4.8,Home & Kitchen,wallet,no,Spring,Wed,68.73
ORD301076,64.0,1.2,3,7.3,23.9,Home & Kitchen,upi,yes,Summer,Wed,97.47
ORD303503,29.0,11.7,2,0.9,12.9,Beauty,wallet,yes,Spring,Mon,91.54
ORD303155,68.0,6.5,9,31.6,14.5,Clothing,credit card,yes,Winter,Sun,80.1
ORD301373,54.0,8.3,2,9.9,25.8,Home & Kitchen,wallet,no,Summer,Fri,117.78
ORD304613,23.0,1.0,14,30.8,8.9,Sports,wallet,no,Monsoon,Fri,74.1
ORD302387,31.0,3.4,3,0.7,2.4,Electronics,upi,no,Monsoon,Thu,315.21
ORD304459,59.0,4.1,12,39.2,12.0,Electronics,debit card,no,Monsoon,Sun,315.72
ORD304475,57.0,8.8,11,8.2,5.9,Sports,credit card,yes,Summer,Mon,164.38
ORD301464,35.0,7.6,5,38.0,0.1,Beauty,credit card,yes,Winter,Mon,69.7
ORD303059,25.0,6.1,8,19.8,5.4,Electronics,wallet,no,Spring,Thu,370.11
ORD303065,35.0,6.9,5,31.4,14.9,Books,credit card,no,Spring,Fri,40.33
ORD302991,48.0,1.6,2,37.9,7.9,Home & Kitchen,credit card,no,Monsoon,Mon,57.47
ORD300121,45.0,0.2,10,24.9,4.9,Books,wallet,yes,Monsoon,Tue,29.99
ORD300789,50.0,3.4,2,27.9,8.5,Books,upi,no,Winter,Sat,18.52
ORD300181,24.0,3.8,10,25.3,1.1,Clothing,wallet,no,Summer,Mon,72.88
ORD303174,19.0,0.8,6,23.6,1.2,Electronics,credit card,no,Monsoon,Tue,263.94
ORD301523,43.26208443809912,5.933483606557377,11,11.8,21.1,Clothing,wallet,no,Monsoon,Wed,91.86
ORD303278,44.0,0.1,5,25.4,2.6,Sports,credit card,yes,Monsoon,Sun,73.27
ORD303432,26.0,10.8,11,18.0,0.8,Electronics,credit card,yes,Summer,Thu,430.71
ORD304922,66.0,3.0,11,12.5,0.2,Home & Kitchen,debit card,no,Monsoon,Thu,166.73
ORD301031,27.0,1.7,4,5.8,3.0,Sports,wallet,no,Monsoon,Wed,106.89
ORD300111,59.0,0.9,1,26.2,45.8,Sports,upi,no,Winter,Wed,58.65
ORD300997,48.0,9.1,10,22.5,2.1,Books,debit card,yes,Monsoon,Mon,61.24
ORD304220,28.0,8.0,6,17.2,12.4,Clothing,credit card,yes,Spring,Fri,114.72
ORD302541,30.0,0.3,1,8.6,11.9,Sports,debit card,yes,Monsoon,Tue,81.59
ORD304499,64.0,8.9,10,34.5,20.1,Electronics,credit card,no,Winter,Tue,315.4
ORD300729,52.0,9.3,2,32.6,4.2,Clothing,debit card,yes,Spring,Mon,57.18
ORD304273,68.0,1.6,2,11.9,20.6,Electronics,debit card,no,Summer,Sun,258.73
ORD302633,53.0,8.4,2,7.7,2.7,Books,wallet,no,Summer,Tue,45.89
ORD303251,33.0,5.933483606557377,4,10.0,9.4,Clothing,upi,no,Summer,Fri,64.85
ORD301951,51.0,7.2,5,22.6,9.0,Sports,credit card,no,Monsoon,Thu,98.48
ORD304017,43.26208443809912,3.0,8,6.5,11.0,Electronics,upi,yes,Monsoon,Wed,448.73
ORD304856,52.0,6.9,7,10.7,3.8,Home & Kitchen,upi,no,Winter,Thu,142.88
ORD300198,48.0,8.1,2,4.1,60.1,Sports,credit card,yes,Summer,Fri,66.01
ORD303792,59.0,5.3,11,30.8,2.6,Books,debit card,no,Summer,Sat,25.82
ORD303182,63.0,4.5,14,28.1,0.9,Electronics,upi,no,Monsoon,Wed,428.48
ORD300547,35.0,10.0,5,17.1,25.3,Beauty,upi,no,Monsoon,Thu,57.71
ORD300101,55.0,1.3,6,2.8,10.055118434603502,Electronics,upi,no,Winter,Tue,371.2
ORD301450,31.0,5.933483606557377,13,22.7,8.4,Beauty,credit card,no,Summer,Tue,85.56
ORD302893,31.0,8.1,8,12.9,2.4,Books,debit card,no,Spring,Tue,54.95
ORD301746,20.0,5.6,4,27.7,17.3,Home & Kitchen,credit card,no,Winter,Mon,102.29
ORD300564,43.26208443809912,8.8,14,18.4,0.2,Home & Kitchen,wallet,yes,Winter,Fri,228.18
ORD301429,22.0,10.1,3,10.1,0.3,Electronics,debit card,yes,Spring,Sat,297.19
ORD304430,43.0,8.6,10,25.2,5.3,Clothing,credit card,no,Summer,Fri,88.47
ORD300694,57.0,1.4,6,13.2,12.1,Toys,credit card,no,Winter,Wed,31.95
ORD302296,37.0,4.7,3,1.1,17.1,Clothing,debit card,no,Spring,Sun,50.49
ORD301791,63.0,7.1,10,15.4,2.9,Home & Kitchen,debit card,no,Monsoon,Sun,149.28
ORD304878,43.26208443809912,9.3,6,31.8,11.0,Clothing,debit card,yes,Winter,Wed,85.73
ORD303196,33.0,3.9,14,30.2,8.6,Clothing,debit card,no,Summer,Fri,64.84
ORD301113,46.0,4.8,6,3.1,0.2,Sports,credit card,no,Monsoon,Sat,126.73
ORD300748,29.0,4.4,4,11.3,3.1,Beauty,upi,no,Monsoon,Thu,57.25
ORD304005,39.0,0.3,10,34.4,10.5,Clothing,debit card,no,Monsoon,Wed,66.39
ORD302310,31.0,8.9,14,20.299269776876265,3.1,Clothing,wallet,no,Winter,Thu,173.64
ORD303476,38.0,8.8,4,11.0,10.5,Sports,debit card,yes,Winter,Thu,100.26
ORD303115,47.0,1.3,3,30.8,30.2,Clothing,wallet,yes,Monsoon,Thu,10.82
ORD303272,43.26208443809912,9.7,11,18.0,0.4,Electronics,upi,no,Summer,Tue,414.91
ORD300704,43.0,6.6,12,3.1,6.9,Clothing,debit card,no,Monsoon,Fri,142.96
ORD300668,43.0,3.1,8,3.0,7.2,Electronics,credit card,no,Spring,Wed,412.0
ORD301332,25.0,3.0,12,38.6,1.2,Sports,upi,no,Monsoon,Tue,94.16
ORD302903,28.0,0.6,4,27.2,5.4,Clothing,credit card,no,Summer,Fri,34.02
ORD300379,27.0,10.8,8,13.4,0.5,Electronics,wallet,no,Winter,Fri,395.85
ORD302036,47.0,10.8,3,28.4,13.4,Books,upi,no,Winter,Fri,28.58
ORD301353,56.0,7.9,12,25.0,3.8,Home & Kitchen,upi,yes,Monsoon,Mon,200.85
ORD302666,26.0,2.1,7,32.1,9.6,Clothing,debit card,no,Monsoon,Sat,34.74
ORD301116,56.0,5.933483606557377,4,19.1,17.9,Home & Kitchen,credit card,yes,Winter,Sun,147.44
ORD301399,63.0,1.8,9,37.5,10.055118434603502,Electronics,upi,no,Winter,Mon,320.09
ORD302724,69.0,2.5,2,39.2,4.6,Beauty,credit card,yes,Spring,Thu,52.07
ORD303963,53.0,10.3,12,17.8,4.6,Clothing,credit card,yes,Monsoon,Sat,108.97
ORD301438,50.0,4.4,3,1.2,6.1,Beauty,credit card,no,Spring,Tue,62.28
ORD303372,43.26208443809912,5.4,14,32.3,54.5,Clothing,credit card,no,Monsoon,Fri,78.38
ORD300240,64.0,5.0,3,19.4,0.8,Clothing,upi,no,Monsoon,Tue,71.53
ORD300949,27.0,2.7,6,10.2,32.7,Beauty,credit card,no,Summer,Sun,24.35
ORD301772,50.0,1.0,12,17.9,1.0,Beauty,debit card,yes,Spring,Sun,107.98
ORD303675,31.0,8.0,9,33.3,0.7,Clothing,debit card,no,Monsoon,Mon,75.14
ORD300455,46.0,4.3,14,13.8,23.3,Books,debit card,no,Spring,Fri,58.89
ORD303417,27.0,3.3,12,25.0,18.0,Clothing,debit card,no,Spring,Mon,67.62
ORD301739,48.0,6.9,14,9.5,1.5,Clothing,upi,no,Winter,Thu,120.04
ORD302512,41.0,1.5,8,15.5,12.0,Clothing,credit card,yes,Summer,Fri,119.24
ORD302676,20.0,0.0,9,32.2,1.7,Clothing,debit card,no,Winter,Fri,58.11
ORD302713,51.0,0.0,4,12.7,9.3,Clothing,credit card,no,Monsoon,Tue,62.81
ORD303209,54.0,3.2,3,25.9,2.6,Toys,wallet,no,Winter,Mon,60.58
ORD300727,51.0,11.0,6,2.1,3.9,Clothing,credit card,no,Winter,Fri,57.91
ORD304527,29.0,6.3,4,11.2,7.1,Electronics,wallet,yes,Monsoon,Sun,319.21
ORD302996,36.0,8.7,4,15.4,8.7,Home & Kitchen,credit card,yes,Winter,Sat,156.38
ORD303423,21.0,11.6,4,10.9,15.9,Home & Kitchen,credit card,yes,Spring,Mon,142.27
ORD302587,20.0,5.7,14,20.0,18.6,Clothing,upi,no,Winter,Tue,112.56
ORD300927,32.0,6.4,10,4.0,5.6,Electronics,upi,yes,Summer,Thu,509.1
ORD300822,55.0,4.0,3,34.6,3.8,Clothing,credit card,no,Monsoon,Mon,32.73
ORD304264,18.0,4.8,10,11.8,8.3,Sports,debit card,no,Summer,Mon,144.42
ORD303851,69.0,4.0,12,29.9,13.2,Sports,credit card,no,Summer,Fri,130.56
ORD302328,39.0,10.4,4,24.3,17.0,Toys,credit card,no,Winter,Thu,61.64
ORD300196,29.0,9.1,3,8.9,6.0,Home & Kitchen,credit card,yes,Monsoon,Sat,168.05
ORD304431,62.0,5.933483606557377,2,15.8,16.2,Toys,debit card,no,Monsoon,Thu,65.57
ORD302779,18.0,11.2,3,8.8,10.8,Beauty,credit card,no,Monsoon,Sat,1106.16
ORD301721,47.0,5.9,7,21.5,0.5,Books,upi,no,Summer,Sat,50.67
ORD302987,27.0,2.4,8,24.9,22.5,Sports,debit card,no,Winter,Wed,57.77
ORD303571,18.0,5.9,9,34.6,11.7,Clothing,upi,no,Winter,Fri,75.55
ORD302443,21.0,6.5,14,38.3,10.055118434603502,Electronics,wallet,yes,Spring,Sun,376.83
ORD301795,67.0,2.7,9,12.9,10.2,Home & Kitchen,upi,no,Summer,Fri,184.44
ORD302166,40.0,11.7,1,38.5,11.8,Electronics,credit card,yes,Summer,Sun,175.58
ORD302595,65.0,0.1,1,37.3,14.4,Books,wallet,yes,Summer,Wed,17.35
ORD300024,57.0,0.5,7,21.1,8.7,Books,upi,no,Spring,Wed,43.26
ORD300716,33.0,9.8,4,40.0,13.0,Sports,credit card,no,Winter,Sat,62.43
ORD301730,38.0,7.4,7,18.4,3.0,Sports,upi,yes,Spring,Sat,100.69
ORD302900,63.0,1.6,11,19.1,20.5,Beauty,debit card,yes,Monsoon,Tue,80.34
ORD301364,41.0,0.5,13,36.8,44.9,Electronics,credit card,no,Winter,Mon,314.59
ORD304089,66.0,4.1,6,17.1,1.9,Electronics,wallet,yes,Winter,Thu,319.67
ORD303605,43.26208443809912,11.7,10,6.4,5.6,Electronics,credit card,no,Spring,Mon,492.86
ORD303769,38.0,4.3,12,5.3,6.3,Books,debit card,yes,Spring,Fri,59.53
ORD302926,56.0,9.6,7,6.4,13.5,Electronics,credit card,no,Summer,Thu,396.35
ORD300636,39.0,2.0,5,24.8,14.0,Clothing,wallet,no,Summer,Sun,66.47
ORD300430,28.0,7.8,3,22.5,9.0,Sports,upi,yes,Summer,Mon,68.57
ORD300720,30.0,3.5,10,11.1,18.2,Toys,upi,no,Summer,Thu,67.6
ORD300795,45.0,11.5,2,38.7,10.055118434603502,Beauty,upi,no,Monsoon,Wed,46.33
ORD302276,37.0,2.6,7,29.2,10.9,Home & Kitchen,debit card,yes,Spring,Mon,149.26
ORD302120,53.0,8.0,11,22.8,9.1,Toys,credit card,no,Spring,Tue,87.7
ORD301557,22.0,3.5,12,20.7,15.1,Books,debit card,no,Monsoon,Mon,63.89
ORD300267,24.0,3.6,10,28.3,8.1,Home & Kitchen,wallet,no,Summer,Thu,138.68
ORD304994,53.0,6.1,10,24.6,3.6,Home & Kitchen,credit card,no,Monsoon,Tue,119.46
ORD304910,59.0,3.6,11,2.5,15.7,Beauty,debit card,yes,Summer,Sun,94.67
ORD303710,29.0,1.4,10,7.4,13.6,Toys,credit card,no,Summer,Sat,78.48
ORD302194,57.0,0.2,8,22.3,2.9,Home & Kitchen,upi,yes,Spring,Thu,141.11
ORD301210,46.0,8.7,10,0.2,0.8,Electronics,debit card,no,Winter,Fri,511.74
ORD300099,48.0,8.6,3,9.4,8.4,Beauty,credit card,yes,Monsoon,Tue,76.9
ORD303168,44.0,8.0,8,2.3,11.7,Home & Kitchen,debit card,no,Winter,Tue,192.73
ORD304170,35.0,3.1,6,13.5,0.8,Beauty,wallet,no,Winter,Wed,56.68
ORD300279,18.0,2.9,11,33.6,13.2,Home & Kitchen,debit card,yes,Winter,Wed,140.11
ORD300619,26.0,7.5,12,24.1,27.5,Electronics,upi,yes,Winter,Sun,442.55
ORD303222,42.0,2.6,12,29.8,6.1,Sports,upi,yes,Monsoon,Tue,142.82
ORD304892,19.0,6.7,10,16.2,0.1,Books,upi,no,Spring,Sat,60.88
ORD302453,63.0,2.7,4,27.4,1.0,Clothing,debit card,yes,Monsoon,Wed,76.46
ORD300512,41.0,4.0,14,9.3,12.2,Home & Kitchen,wallet,no,Monsoon,Tue,173.18
ORD301312,33.0,7.7,8,21.9,4.4,Beauty,credit card,no,Winter,Fri,78.18
ORD302532,62.0,10.0,1,18.6,10.9,Books,debit card,yes,Winter,Mon,62.21
ORD304696,34.0,1.1,8,36.5,14.7,Clothing,credit card,no,Spring,Sat,16.63
ORD301802,48.0,11.7,8,17.0,6.7,Electronics,credit card,no,Winter,Tue,373.52
ORD302856,47.0,0.3,4,17.9,21.0,Home & Kitchen,credit card,no,Winter,Fri,94.31
ORD303030,27.0,7.2,5,21.1,3.0,Clothing,wallet,no,Spring,Sat,50.1
ORD304716,40.0,11.6,11,39.4,4.5,Books,credit card,no,Summer,Tue,64.97
ORD301580,22.0,10.9,9,36.7,5.2,Clothing,credit card,yes,Spring,Tue,77.69
ORD300987,20.0,10.1,2,36.6,10.5,Beauty,debit card,no,Summer,Mon,63.33
ORD302316,65.0,6.0,12,11.0,0.5,Clothing,upi,no,Summer,Tue,120.18
ORD302889,65.0,0.1,9,14.9,3.0,Books,credit card,no,Monsoon,Thu,21.98
ORD300460,49.0,3.2,14,10.6,14.0,Electronics,upi,no,Spring,Sun,523.45
ORD304552,21.0,3.5,6,36.2,7.4,Home & Kitchen,credit card,yes,Winter,Thu,111.74
ORD303096,43.0,5.1,3,26.2,2.0,Clothing,credit card,no,Winter,Fri,52.25
ORD301671,56.0,8.9,11,21.6,0.4,Sports,upi,no,Winter,Fri,94.98
ORD304629,53.0,6.2,7,39.8,22.7,Sports,credit card,no,Spring,Mon,78.33
ORD302471,45.0,3.3,12,38.1,4.6,Clothing,debit card,yes,Monsoon,Thu,106.9
ORD300717,28.0,2.0,11,30.2,11.4,Clothing,upi,yes,Winter,Sun,82.77
ORD304371,58.0,8.9,9,32.1,3.8,Toys,wallet,yes,Winter,Mon,86.07
ORD304902,61.0,7.7,4,11.6,1.6,Home & Kitchen,credit card,no,Summer,Sat,115.16
ORD301375,23.0,12.0,10,35.0,4.8,Beauty,debit card,no,Winter,Mon,67.06
ORD302803,69.0,2.3,5,14.7,2.4,Home & Kitchen,credit card,no,Spring,Tue,108.67
ORD300359,19.0,5.933483606557377,6,20.7,6.6,Clothing,credit card,no,Monsoon,Fri,100.77
ORD303369,37.0,4.7,8,13.9,10.055118434603502,Beauty,credit card,yes,Summer,Wed,85.97
ORD300887,47.0,11.7,7,36.7,31.3,Books,upi,yes,Winter,Wed,105.77
ORD303593,31.0,10.3,3,1.7,33.7,Books,debit card,yes,Winter,Tue,55.89
ORD300841,49.0,11.3,8,15.2,28.0,Books,credit card,no,Spring,Tue,62.46
ORD303933,43.0,1.7,1,32.8,10.055118434603502,Electronics,debit card,yes,Summer,Sun,183.47
ORD301757,60.0,11.9,14,29.3,1.3,Clothing,upi,yes,Summer,Fri,122.36
ORD301305,31.0,11.7,9,32.4,5.9,Electronics,upi,yes,Winter,Sun,374.08
ORD303955,44.0,7.9,7,32.9,34.3,Books,credit card,yes,Monsoon,Mon,30.24
ORD300527,38.0,2.2,9,33.7,33.9,Books,credit card,yes,Spring,Mon,5.0
ORD301441,68.0,6.6,9,15.3,0.0,Beauty,upi,no,Summer,Sun,75.24
ORD304524,58.0,0.0,7,30.2,1.8,Books,debit card,yes,Summer,Sun,5.0
ORD303716,27.0,5.2,9,25.4,15.5,Toys,upi,no,Summer,Mon,39.8
ORD304516,67.0,7.1,4,37.4,2.7,Sports,credit card,yes,Summer,Sat,59.69
ORD304800,38.0,3.8,10,38.7,0.7,Beauty,debit card,no,Winter,Wed,59.62
ORD300134,49.0,0.8,2,12.4,2.4,Electronics,upi,no,Spring,Sun,254.92
ORD303818,52.0,2.0,11,15.1,3.9,Electronics,credit card,no,Spring,Tue,445.31
ORD302204,66.0,2.5,14,23.2,0.8,Clothing,credit card,yes,Spring,Sun,105.47
ORD303885,50.0,7.5,5,4.1,5.0,Clothing,credit card,no,Spring,Sun,48.21
ORD304272,39.0,5.0,7,3.6,6.7,Home & Kitchen,credit card,no,Spring,Thu,128.24
ORD302160,50.0,4.9,14,1.6,3.9,Clothing,upi,no,Summer,Sun,150.88
ORD300524,46.0,8.9,14,9.8,13.0,Electronics,debit card,no,Spring,Sat,558.3
ORD303813,40.0,5.933483606557377,6,12.2,7.4,Toys,debit card,no,Winter,Sat,67.7
ORD303289,45.0,8.8,14,35.2,27.1,Books,upi,no,Spring,Wed,59.85
ORD300503,38.0,9.7,12,25.8,6.3,Clothing,upi,yes,Monsoon,Sat,91.17
ORD303181,65.0,11.3,9,29.5,6.4,Sports,upi,no,Monsoon,Fri,132.6
ORD300124,59.0,9.4,9,29.4,15.3,Clothing,credit card,no,Monsoon,Wed,95.82
ORD300933,62.0,0.9,3,24.5,2.4,Clothing,credit card,no,Monsoon,Tue,16.23
ORD301470,41.0,11.9,10,33.3,1.6,Electronics,credit card,no,Spring,Sun,358.95
ORD304132,57.0,5.933483606557377,9,29.6,2.0,Home & Kitchen,debit card,yes,Monsoon,Fri,153.2
ORD301284,38.0,8.2,3,1.5,26.2,Books,debit card,no,Summer,Thu,31.78
ORD304665,50.0,5.3,7,8.5,28.8,Home & Kitchen,debit card,no,Winter,Sat,149.55
ORD303957,26.0,6.7,3,8.4,17.9,Home & Kitchen,upi,no,Summer,Fri,114.18
ORD304283,25.0,9.0,6,5.4,3.9,Clothing,credit card,no,Winter,Mon,78.47
ORD301094,42.0,10.9,8,32.7,10.9,Home & Kitchen,wallet,yes,Winter,Fri,183.78
ORD302496,50.0,7.4,3,20.5,45.1,Electronics,credit card,no,Monsoon,Sat,222.12
ORD301183,43.26208443809912,7.2,3,24.9,10.6,Clothing,upi,no,Summer,Fri,77.97
ORD300224,19.0,9.7,10,29.2,3.1,Home & Kitchen,credit card,no,Winter,Wed,107.75
ORD304400,34.0,7.9,8,36.5,7.9,Sports,credit card,no,Summer,Wed,121.47
ORD303908,27.0,10.6,8,12.0,16.6,Books,wallet,no,Winter,Mon,64.88
ORD301683,37.0,4.8,14,28.4,13.3,Electronics,debit card,no,Monsoon,Sat,449.6
ORD304735,20.0,3.8,14,20.6,1.5,Electronics,credit card,no,Monsoon,Tue,430.62
ORD303161,30.0,0.1,13,31.3,4.8,Toys,wallet,no,Monsoon,Fri,50.04
ORD301371,48.0,5.6,13,3.1,47.8,Sports,upi,yes,Summer,Fri,196.17
ORD302654,27.0,7.5,9,0.5,6.2,Books,upi,no,Summer,Fri,53.77
ORD300684,41.0,2.3,5,20.5,0.3,Clothing,upi,no,Summer,Mon,48.13
ORD303212,38.0,5.4,1,7.7,15.5,Sports,debit card,no,Monsoon,Wed,54.32
ORD300827,58.0,9.9,7,27.0,10.8,Clothing,debit card,yes,Monsoon,Fri,93.54
ORD301261,61.0,5.8,14,14.7,5.2,Beauty,credit card,no,Monsoon,Sat,73.79
ORD304929,61.0,6.7,9,4.3,6.8,Electronics,credit card,no,Summer,Thu,465.99
ORD304110,55.0,11.3,3,22.7,2.8,Sports,debit card,yes,Winter,Sat,102.77
ORD300632,58.0,4.0,10,36.5,28.7,Toys,debit card,yes,Winter,Sun,99.98
ORD303849,66.0,0.3,6,27.8,1.1,Beauty,wallet,no,Spring,Tue,40.42
ORD304240,68.0,10.2,3,34.2,1.8,Toys,credit card,yes,Spring,Tue,76.38
ORD301306,38.0,2.3,4,5.5,21.0,Clothing,credit card,yes,Winter,Thu,68.01
ORD304238,69.0,2.1,8,30.6,40.1,Books,credit card,no,Spring,Mon,20.44
ORD301241,26.0,6.7,10,39.4,0.7,Clothing,upi,no,Summer,Mon,18.71
ORD304978,36.0,11.7,4,13.0,3.7,Toys,upi,yes,Spring,Thu,75.87
ORD301460,49.0,1.2,5,14.2,14.3,Home & Kitchen,debit card,no,Spring,Wed,111.74
ORD301397,20.0,10.3,12,9.3,0.1,Books,credit card,no,Monsoon,Sun,61.51
ORD300962,65.0,7.3,5,16.7,8.6,Electronics,credit card,yes,Summer,Mon,360.44
ORD303158,38.0,3.3,8,19.0,8.7,Home & Kitchen,credit card,yes,Spring,Wed,163.78
ORD301277,68.0,7.2,1,30.0,0.7,Home & Kitchen,upi,no,Monsoon,Sat,85.26
ORD301940,57.0,11.9,1,10.0,10.055118434603502,Electronics,upi,yes,Monsoon,Fri,274.44
ORD300745,47.0,11.4,8,5.3,1.9,Toys,credit card,no,Monsoon,Wed,97.07
ORD302147,54.0,0.4,7,12.9,8.9,Clothing,debit card,no,Spring,Wed,103.94
ORD303411,40.0,10.3,4,7.2,1.4,Toys,debit card,no,Spring,Sat,88.5
ORD304275,18.0,3.3,2,38.7,15.4,Clothing,credit card,no,Winter,Thu,17.35
ORD300141,56.0,10.4,14,33.9,1.0,Toys,upi,no,Spring,Sun,66.29
ORD301115,43.0,4.9,8,22.7,16.3,Toys,credit card,no,Monsoon,Wed,37.99
ORD300804,20.0,9.9,5,25.8,8.5,Electronics,upi,no,Summer,Mon,266.15
ORD303170,61.0,6.8,7,21.6,17.8,Beauty,wallet,no,Spring,Tue,82.98
ORD300529,66.0,2.9,1,20.299269776876265,27.4,Books,upi,no,Winter,Tue,8.11
ORD303723,38.0,4.7,10,15.0,2.8,Electronics,debit card,yes,Summer,Fri,438.45
ORD300200,51.0,5.933483606557377,3,7.7,2.6,Home & Kitchen,credit card,yes,Spring,Tue,106.27
ORD300454,46.0,9.3,7,34.2,1.1,Clothing,upi,no,Summer,Tue,103.29
ORD304848,21.0,0.6,8,40.0,32.0,Home & Kitchen,wallet,yes,Winter,Mon,105.53
ORD301820,37.0,3.8,9,20.6,10.055118434603502,Beauty,credit card,no,Monsoon,Fri,95.19
ORD302751,19.0,1.6,10,21.8,0.7,Home & Kitchen,credit card,no,Spring,Wed,173.08
ORD302269,29.0,3.0,13,0.7,5.2,Beauty,upi,yes,Monsoon,Tue,120.71
ORD303544,48.0,9.8,1,12.6,6.0,Clothing,upi,no,Monsoon,Wed,84.06
ORD300440,20.0,11.2,13,7.7,7.4,Books,debit card,no,Spring,Sat,78.11
ORD301949,28.0,5.933483606557377,7,3.3,20.1,Clothing,upi,yes,Monsoon,Tue,96.97
ORD303145,26.0,7.6,3,31.6,34.4,Clothing,upi,no,Winter,Sun,855.96
ORD302971,27.0,10.5,5,16.5,4.0,Electronics,credit card,no,Summer,Fri,313.87
ORD300432,37.0,1.9,3,9.6,4.9,Toys,wallet,yes,Monsoon,Sat,46.95
ORD303695,31.0,6.7,3,32.2,21.9,Beauty,credit card,no,Spring,Tue,54.59
ORD303094,46.0,5.4,12,16.9,2.8,Beauty,credit card,yes,Monsoon,Sun,135.4
ORD304748,57.0,0.4,8,25.6,44.6,Clothing,upi,yes,Monsoon,Fri,86.53
ORD304917,30.0,8.2,13,14.2,5.2,Clothing,credit card,yes,Monsoon,Fri,130.98
ORD303230,24.0,5.9,6,33.4,3.6,Clothing,credit card,no,Summer,Thu,59.26
ORD303877,50.0,11.8,1,4.0,13.7,Electronics,credit card,yes,Winter,Sat,293.14
ORD302082,50.0,9.8,4,22.8,7.0,Beauty,credit card,yes,Winter,Sat,53.95
ORD303930,69.0,1.6,3,14.0,3.3,Clothing,credit card,yes,Spring,Tue,56.42
ORD304375,54.0,5.5,10,16.5,2.6,Home & Kitchen,debit card,yes,Winter,Sat,177.73
ORD300984,62.0,2.4,6,10.2,21.1,Books,credit card,no,Summer,Fri,31.08
ORD303677,65.0,3.4,3,3.4,52.1,Home & Kitchen,credit card,yes,Summer,Tue,107.0
ORD302134,57.0,11.4,9,18.1,1.3,Electronics,upi,yes,Monsoon,Fri,407.1
ORD302788,31.0,10.4,8,29.5,19.8,Electronics,debit card,yes,Summer,Wed,312.58
ORD301727,47.0,8.5,13,2.6,14.9,Books,debit card,no,Winter,Mon,94.7
ORD304772,55.0,2.6,9,22.3,1.0,Electronics,upi,no,Summer,Mon,378.92
ORD301714,49.0,2.9,10,20.299269776876265,4.3,Sports,upi,no,Winter,Sat,90.86
ORD300821,21.0,4.3,8,37.9,13.2,Sports,credit card,no,Summer,Mon,80.72
ORD302173,54.0,0.8,11,20.299269776876265,2.7,Electronics,wallet,yes,Monsoon,Wed,449.47
ORD304134,52.0,3.7,9,17.3,11.0,Clothing,credit card,no,Spring,Wed,105.25
ORD301050,63.0,7.5,12,10.5,16.7,Books,debit card,no,Winter,Mon,22.3
ORD304421,56.0,4.6,10,26.4,9.6,Clothing,upi,no,Spring,Sun,62.04
ORD300376,46.0,0.7,2,35.3,19.9,Clothing,debit card,no,Summer,Thu,37.42
ORD300592,55.0,9.2,11,8.7,6.2,Clothing,upi,yes,Summer,Wed,131.04
ORD303250,23.0,1.1,9,1.1,10.3,Electronics,debit card,no,Spring,Sat,431.67
ORD302360,33.0,11.6,14,19.0,4.6,Beauty,wallet,no,Winter,Thu,89.71
ORD302376,25.0,3.5,9,4.9,1.8,Toys,upi,no,Summer,Sun,74.76
ORD300163,29.0,9.3,10,7.5,15.0,Books,credit card,no,Spring,Thu,51.96
ORD301409,46.0,4.4,5,15.9,0.0,Toys,credit card,no,Winter,Mon,81.15
ORD301902,28.0,7.7,14,17.1,3.4,Beauty,credit card,no,Spring,Wed,98.73
ORD301376,61.0,10.7,5,23.0,1.0,Beauty,wallet,no,Summer,Wed,78.03
ORD301040,18.0,12.0,4,31.8,2.5,Electronics,credit card,no,Monsoon,Sat,268.19
ORD302366,60.0,6.1,10,39.0,15.7,Clothing,debit card,yes,Spring,Fri,1124.64
ORD300612,52.0,5.933483606557377,4,25.5,9.5,Home & Kitchen,wallet,no,Winter,Sun,67.9
ORD301354,53.0,6.8,3,7.2,11.5,Toys,debit card,yes,Monsoon,Fri,63.74
ORD303576,30.0,3.7,10,34.3,10.055118434603502,Clothing,debit card,no,Monsoon,Tue,69.71
ORD304092,31.0,8.8,12,26.5,1.8,Electronics,debit card,no,Summer,Tue,402.64
ORD303991,22.0,1.2,14,25.3,10.2,Home & Kitchen,upi,no,Summer,Fri,168.05
ORD300369,38.0,2.4,1,36.8,2.7,Electronics,debit card,yes,Spring,Wed,188.25
ORD302998,36.0,7.6,13,33.0,18.6,Electronics,credit card,no,Spring,Mon,404.65
ORD300418,39.0,7.2,12,16.1,8.3,Sports,upi,no,Winter,Fri,132.05
ORD300283,21.0,8.2,12,36.6,20.3,Electronics,upi,no,Winter,Wed,355.84
ORD301763,32.0,8.2,8,39.5,44.0,Electronics,wallet,no,Monsoon,Mon,290.72
ORD300871,30.0,5.933483606557377,5,38.4,3.1,Home & Kitchen,credit card,no,Summer,Thu,1062.24
ORD303739,45.0,1.3,14,0.7,10.055118434603502,Home & Kitchen,wallet,no,Winter,Sun,201.26
ORD300354,57.0,8.2,4,19.1,36.8,Books,wallet,no,Winter,Wed,5.0
ORD304639,25.0,7.3,12,8.6,3.8,Toys,debit card,no,Monsoon,Fri,43.68
ORD302699,43.0,9.0,10,38.5,3.3,Home & Kitchen,upi,no,Winter,Sun,161.39
ORD300314,58.0,5.933483606557377,6,16.0,11.2,Electronics,upi,no,Spring,Thu,315.85
ORD302017,39.0,1.8,10,37.4,2.4,Clothing,credit card,no,Winter,Wed,74.91
ORD301279,62.0,2.2,4,29.7,1.1,Sports,credit card,yes,Spring,Mon,64.69
ORD303031,33.0,6.4,13,6.4,4.7,Electronics,credit card,yes,Monsoon,Sat,581.53
ORD302792,32.0,0.3,1,15.1,13.9,Sports,credit card,no,Summer,Tue,47.53
ORD301647,28.0,5.8,6,10.3,0.8,Electronics,credit card,no,Spring,Fri,365.56
ORD302780,52.0,8.3,13,25.0,18.8,Clothing,debit card,yes,Winter,Sun,130.44
ORD302791,27.0,6.4,8,5.2,11.5,Electronics,credit card,no,Spring,Thu,410.23
ORD301596,65.0,0.2,7,25.3,2.3,Beauty,credit card,no,Spring,Fri,34.92
ORD304954,38.0,3.9,1,32.6,17.2,Electronics,upi,no,Winter,Fri,172.57
ORD301469,53.0,10.5,12,2.0,22.6,Books,debit card,no,Winter,Thu,81.03
ORD303868,32.0,10.6,8,18.3,49.8,Electronics,upi,yes,Monsoon,Sat,385.63
ORD301601,48.0,5.933483606557377,1,25.0,40.5,Toys,credit card,yes,Winter,Sat,61.81
ORD304692,33.0,7.8,8,33.8,24.2,Books,wallet,yes,Winter,Mon,39.07
ORD300399,62.0,7.8,7,20.299269776876265,24.0,Sports,credit card,no,Summer,Mon,108.57
ORD304118,67.0,11.2,10,20.299269776876265,10.7,Electronics,debit card,no,Spring,Sat,384.2
ORD300458,26.0,6.8,6,19.7,7.0,Clothing,credit card,no,Spring,Mon,53.61
ORD304155,50.0,3.5,8,21.9,1.4,Electronics,wallet,no,Summer,Mon,372.74
ORD304324,21.0,4.4,9,9.2,0.2,Sports,credit card,no,Summer,Wed,124.89
ORD303041,20.0,9.5,12,34.7,1.5,Beauty,credit card,no,Summer,Sun,69.15
ORD302423,49.0,7.8,9,3.7,23.0,Home & Kitchen,upi,yes,Spring,Tue,182.34
ORD303591,67.0,5.2,11,0.9,2.3,Clothing,debit card,yes,Summer,Thu,119.74
ORD300375,57.0,6.9,13,30.3,2.3,Clothing,debit card,yes,Monsoon,Wed,116.42
ORD303465,39.0,0.2,8,0.9,10.055118434603502,Toys,upi,yes,Winter,Mon,105.06
ORD300883,24.0,10.2,8,12.3,1.4,Toys,upi,yes,Spring,Sat,101.56
ORD304443,22.0,3.7,9,5.8,10.1,Clothing,credit card,no,Summer,Sat,90.76
ORD300691,40.0,10.0,9,6.6,8.9,Electronics,credit card,no,Summer,Thu,412.17
ORD304846,39.0,6.2,10,5.3,12.6,Home & Kitchen,debit card,no,Monsoon,Sun,197.12
ORD300008,19.0,11.2,4,37.7,0.6,Home & Kitchen,credit card,no,Spring,Sat,92.68
ORD302916,43.0,0.4,6,31.9,5.8,Electronics,debit card,no,Winter,Fri,242.1
ORD302604,33.0,3.4,7,28.7,3.4,Toys,credit card,no,Winter,Fri,36.35
ORD300898,59.0,11.2,3,24.9,19.0,Home & Kitchen,wallet,yes,Winter,Sat,122.92
ORD300317,55.0,1.7,6,8.3,24.5,Clothing,credit card,no,Monsoon,Sun,63.47
ORD302525,67.0,1.1,14,20.299269776876265,3.5,Clothing,credit card,no,Spring,Sun,75.09
ORD302854,50.0,7.5,9,35.1,1.7,Beauty,debit card,no,Winter,Tue,46.42
ORD303164,37.0,5.933483606557377,10,21.6,3.4,Electronics,upi,no,Summer,Wed,393.04
ORD303441,67.0,6.8,6,25.6,28.8,Sports,upi,no,Monsoon,Sun,81.34
ORD300508,31.0,0.8,5,19.6,25.0,Beauty,credit card,no,Monsoon,Wed,13.35
ORD304938,51.0,1.3,8,7.4,13.9,Electronics,upi,yes,Summer,Thu,412.64
ORD304831,45.0,6.8,7,20.2,25.3,Beauty,upi,no,Summer,Thu,67.47
ORD304119,53.0,3.5,6,26.4,3.9,Electronics,credit card,no,Summer,Sun,292.96
ORD300546,22.0,10.8,9,22.7,20.1,Clothing,credit card,no,Winter,Thu,97.86
ORD302945,51.0,1.4,7,20.299269776876265,11.9,Electronics,debit card,no,Winter,Tue,312.31
ORD302354,56.0,7.1,11,12.9,17.3,Sports,credit card,no,Summer,Sat,142.25
ORD303105,53.0,9.4,3,22.7,0.8,Books,upi,yes,Summer,Sun,67.62
ORD302273,55.0,1.1,5,39.0,23.6,Home & Kitchen,upi,no,Winter,Fri,83.55
ORD304175,34.0,5.7,2,24.4,26.2,Clothing,upi,no,Spring,Wed,54.26
ORD302638,67.0,3.9,8,4.5,3.9,Clothing,upi,yes,Monsoon,Sat,97.4
ORD304771,39.0,3.8,6,3.7,0.2,Electronics,wallet,no,Spring,Wed,388.11
ORD303685,34.0,9.6,5,36.9,8.4,Home & Kitchen,credit card,no,Summer,Mon,131.45
ORD304398,18.0,5.7,6,13.8,6.6,Sports,upi,no,Summer,Sun,116.76
ORD302839,51.0,3.7,9,0.4,13.5,Clothing,credit card,no,Monsoon,Tue,123.92
ORD301550,19.0,7.9,1,34.9,20.3,Sports,wallet,no,Monsoon,Wed,93.94
ORD303939,25.0,1.3,1,1.8,1.7,Electronics,credit card,no,Monsoon,Wed,241.64
ORD303787,22.0,1.4,13,23.0,9.7,Clothing,credit card,no,Monsoon,Wed,70.49
ORD300125,50.0,1.5,10,8.9,29.5,Clothing,debit card,yes,Monsoon,Wed,81.55
ORD303790,20.0,7.2,9,0.4,0.6,Clothing,credit card,no,Monsoon,Fri,113.61
ORD303084,38.0,0.0,6,30.1,10.1,Sports,credit card,no,Spring,Thu,47.31
ORD303891,45.0,8.4,7,16.9,26.5,Books,debit card,yes,Summer,Fri,66.0
ORD303288,61.0,3.3,7,5.3,6.7,Toys,credit card,no,Spring,Wed,22.41
ORD302208,24.0,10.0,6,6.7,20.4,Clothing,upi,yes,Monsoon,Mon,115.83
ORD301599,26.0,0.2,12,11.6,1.7,Beauty,upi,no,Winter,Mon,45.12
ORD302449,54.0,1.6,3,20.299269776876265,14.2,Sports,credit card,no,Spring,Wed,75.73
ORD303398,64.0,0.7,9,30.5,5.1,Toys,upi,no,Winter,Thu,56.52
ORD302185,57.0,2.0,7,30.8,12.9,Toys,credit card,no,Summer,Fri,5.0
ORD303572,22.0,0.3,11,23.6,7.1,Home & Kitchen,debit card,no,Monsoon,Sun,1394.64
ORD301723,57.0,11.7,3,30.1,0.2,Sports,debit card,no,Spring,Mon,76.57
ORD301157,68.0,8.4,2,0.1,2.7,Toys,debit card,yes,Monsoon,Wed,80.44
ORD304292,68.0,8.9,5,12.4,4.0,Home & Kitchen,credit card,no,Winter,Sat,139.4
ORD302335,48.0,9.6,8,37.7,7.5,Clothing,credit card,no,Summer,Sat,101.15
ORD304190,41.0,3.8,3,12.0,8.4,Beauty,credit card,no,Monsoon,Thu,47.04
ORD301790,63.0,1.8,3,7.5,19.4,Books,debit card,yes,Spring,Thu,56.44
ORD301158,31.0,5.933483606557377,2,14.7,13.2,Beauty,credit card,no,Spring,Sun,60.4
ORD300633,25.0,10.2,4,31.5,1.4,Toys,upi,no,Spring,Wed,38.15
ORD301416,51.0,3.5,6,25.2,15.8,Electronics,credit card,no,Monsoon,Sat,294.27
ORD304677,22.0,1.0,2,12.6,10.4,Books,credit card,no,Spring,Sun,37.64
ORD303553,54.0,7.0,12,19.4,10.055118434603502,Electronics,wallet,yes,Monsoon,Sun,454.61
ORD302168,26.0,10.1,14,38.8,16.5,Sports,debit card,no,Summer,Sat,93.09
ORD300244,23.0,2.7,11,31.8,4.2,Home & Kitchen,debit card,no,Summer,Mon,142.11
ORD301168,45.0,3.5,6,27.4,10.055118434603502,Sports,credit card,yes,Spring,Sat,79.38
ORD301415,34.0,11.0,13,19.6,17.6,Sports,wallet,yes,Summer,Tue,141.61
ORD304415,65.0,6.9,10,23.0,3.0,Home & Kitchen,credit card,no,Winter,Fri,164.65
ORD304589,45.0,5.4,7,23.5,25.4,Beauty,upi,no,Spring,Fri,57.96
ORD304974,18.0,8.6,1,24.6,5.1,Beauty,upi,no,Spring,Mon,50.68
ORD303214,27.0,11.3,4,18.3,2.0,Electronics,upi,yes,Winter,Thu,308.99
ORD300300,27.0,6.3,3,6.1,1.5,Electronics,credit card,no,Monsoon,Tue,293.35
ORD301965,60.0,4.1,10,27.9,10.055118434603502,Electronics,credit card,no,Winter,Mon,369.77
ORD304187,25.0,11.5,3,5.3,10.1,Beauty,credit card,no,Spring,Tue,84.47
ORD301703,32.0,4.2,8,27.4,4.4,Books,credit card,yes,Winter,Sun,58.39
ORD304790,69.0,1.8,3,18.9,29.4,Clothing,credit card,no,Spring,Tue,5.0
ORD304967,20.0,5.8,1,20.299269776876265,10.055118434603502,Home & Kitchen,debit card,yes,Monsoon,Sat,111.49
ORD302621,42.0,6.9,14,8.4,3.0,Sports,credit card,no,Winter,Wed,156.42
ORD302887,56.0,11.6,7,13.0,8.1,Beauty,debit card,no,Monsoon,Wed,118.35
ORD303619,30.0,7.2,4,8.6,5.2,Electronics,debit card,no,Spring,Tue,317.52
ORD304436,41.0,5.0,2,34.0,12.8,Electronics,credit card,no,Winter,Tue,161.2
ORD300862,31.0,0.9,12,20.299269776876265,3.9,Electronics,credit card,no,Spring,Wed,485.03
ORD304535,23.0,9.0,2,11.0,2.5,Books,credit card,no,Winter,Mon,23.94
ORD304379,64.0,6.6,8,12.5,7.1,Clothing,credit card,no,Summer,Thu,76.04
ORD301140,38.0,7.3,6,16.4,13.3,Clothing,upi,no,Winter,Thu,78.9
ORD304793,43.26208443809912,11.8,9,10.4,3.7,Home & Kitchen,upi,yes,Spring,Mon,172.68
ORD304653,68.0,3.3,10,25.9,3.9,Clothing,debit card,no,Summer,Sat,65.44
ORD304861,43.26208443809912,8.0,9,28.5,7.7,Toys,credit card,no,Monsoon,Sat,44.36
ORD302732,62.0,8.2,7,21.6,1.8,Beauty,credit card,no,Monsoon,Thu,80.53
ORD304201,42.0,5.933483606557377,9,30.7,19.7,Books,upi,yes,Spring,Fri,65.28
ORD304602,51.0,4.9,12,19.5,0.9,Electronics,credit card,no,Summer,Sat,443.08
ORD303580,37.0,3.2,13,2.1,16.5,Electronics,upi,no,Monsoon,Wed,568.3
ORD304494,64.0,5.2,6,24.9,14.4,Home & Kitchen,debit card,no,Spring,Mon,104.39
ORD304389,43.0,4.5,6,30.4,3.5,Beauty,debit card,no,Summer,Mon,34.87
ORD303077,25.0,0.7,14,38.3,10.5,Electronics,debit card,no,Monsoon,Tue,389.64
ORD302938,61.0,12.0,9,27.3,0.5,Beauty,debit card,no,Monsoon,Tue,95.93
ORD300396,44.0,4.2,5,28.9,15.5,Sports,debit card,no,Summer,Fri,72.91
ORD300928,62.0,1.4,14,30.1,11.1,Sports,credit card,yes,Monsoon,Tue,145.76
ORD303527,66.0,3.0,1,2.7,6.0,Sports,upi,no,Summer,Mon,86.75
ORD300281,43.26208443809912,10.1,7,21.8,2.3,Home & Kitchen,wallet,no,Summer,Mon,133.92
ORD303841,43.0,2.8,10,8.6,0.7,Sports,upi,no,Summer,Sun,142.99
ORD302577,45.0,1.1,1,37.7,1.7,Clothing,wallet,yes,Spring,Mon,44.45
ORD300736,56.0,5.2,3,28.7,6.6,Electronics,credit card,no,Winter,Wed,221.3
ORD302447,60.0,9.8,9,28.8,5.1,Electronics,credit card,no,Spring,Sat,365.82
ORD301578,18.0,8.1,7,15.5,13.9,Home & Kitchen,upi,no,Winter,Sun,142.04
ORD304685,51.0,7.4,1,12.1,10.055118434603502,Electronics,debit card,no,Spring,Sat,240.07
ORD300461,38.0,8.2,4,13.5,22.1,Clothing,credit card,yes,Monsoon,Fri,56.2
ORD300897,33.0,7.3,9,37.7,8.0,Toys,credit card,yes,Monsoon,Mon,44.27
ORD301749,30.0,2.1,5,20.5,5.3,Electronics,wallet,no,Monsoon,Fri,302.59
ORD302684,45.0,1.1,11,37.1,8.1,Toys,upi,no,Summer,Sun,63.62
ORD300178,52.0,6.3,11,39.7,6.7,Electronics,upi,yes,Summer,Tue,345.3
ORD303615,32.0,2.8,3,7.5,10.055118434603502,Home & Kitchen,debit card,no,Winter,Wed,113.87
ORD302432,23.0,4.4,2,1.5,4.2,Books,credit card,no,Spring,Tue,5.0
ORD304417,56.0,6.4,1,20.2,8.3,Sports,credit card,no,Spring,Thu,90.67
ORD301067,49.0,1.6,8,11.4,16.8,Clothing,debit card,no,Monsoon,Tue,104.73
ORD300802,22.0,2.8,10,1.9,0.2,Beauty,debit card,no,Summer,Tue,149.72
ORD300819,25.0,7.0,5,35.7,1.0,Electronics,debit card,no,Monsoon,Wed,219.72
ORD302536,43.26208443809912,3.8,12,29.4,12.4,Books,wallet,no,Winter,Sat,14.15
ORD302970,46.0,6.1,12,0.7,8.0,Home & Kitchen,debit card,yes,Spring,Wed,263.11
ORD300206,28.0,0.9,10,29.8,20.2,Home & Kitchen,upi,no,Summer,Fri,124.22
ORD301051,37.0,6.7,9,14.5,3.8,Sports,debit card,no,Winter,Tue,117.38
ORD300451,51.0,0.0,9,33.2,1.9,Beauty,wallet,no,Monsoon,Sun,48.24
ORD301341,18.0,2.9,14,10.0,10.055118434603502,Books,credit card,no,Summer,Wed,67.94
ORD302350,61.0,7.5,1,20.6,17.1,Clothing,credit card,no,Monsoon,Mon,53.8
ORD300939,27.0,0.2,11,2.1,5.9,Clothing,wallet,no,Monsoon,Tue,90.68
ORD300069,29.0,7.3,9,17.1,5.8,Home & Kitchen,upi,no,Spring,Sun,141.42
ORD302143,27.0,2.5,14,25.8,4.9,Books,upi,no,Monsoon,Tue,53.61
ORD301905,38.0,2.2,3,19.6,5.1,Clothing,upi,yes,Monsoon,Thu,58.39
ORD302419,60.0,5.9,14,15.3,29.5,Electronics,credit card,yes,Winter,Sat,535.07
ORD304767,29.0,4.8,9,27.9,2.8,Clothing,upi,no,Summer,Fri,85.86
ORD301271,69.0,1.8,7,36.5,17.2,Beauty,credit card,no,Monsoon,Sat,5.0
ORD301325,25.0,10.6,14,15.7,10.5,Clothing,credit card,no,Monsoon,Tue,118.99
ORD303363,61.0,10.8,14,27.0,2.8,Sports,credit card,no,Monsoon,Thu,155.14
ORD300571,44.0,6.5,1,17.7,0.3,Home & Kitchen,upi,no,Winter,Tue,84.04
ORD300118,53.0,5.933483606557377,6,24.8,11.9,Electronics,debit card,yes,Monsoon,Tue,295.0
ORD304460,33.0,2.1,4,25.0,10.8,Electronics,wallet,no,Winter,Fri,234.69
ORD304481,44.0,10.7,11,31.5,15.3,Clothing,upi,yes,Summer,Fri,106.64
ORD300221,18.0,8.8,11,20.2,10.6,Clothing,debit card,yes,Summer,Tue,141.44
ORD302466,24.0,11.1,12,21.0,11.0,Clothing,wallet,no,Winter,Fri,109.42
ORD300858,58.0,11.0,11,17.3,5.7,Clothing,credit card,yes,Summer,Fri,100.72
ORD302043,51.0,2.0,9,7.9,3.8,Sports,credit card,no,Winter,Tue,105.59
ORD302035,55.0,2.3,14,36.8,3.9,Home & Kitchen,credit card,no,Monsoon,Sat,152.03
ORD301841,51.0,10.7,2,28.5,10.055118434603502,Home & Kitchen,credit card,yes,Summer,Sun,109.12
ORD300296,31.0,9.0,3,13.5,0.5,Electronics,upi,no,Winter,Wed,280.96
ORD302138,60.0,0.0,14,11.8,3.9,Electronics,debit card,no,Spring,Tue,505.29
ORD300276,19.0,11.0,2,20.8,5.0,Books,debit card,no,Monsoon,Tue,60.03
ORD301358,53.0,10.7,1,24.7,22.0,Clothing,wallet,yes,Summer,Tue,100.78
ORD303258,39.0,5.4,8,4.8,15.8,Clothing,credit card,no,Summer,Sat,64.25
ORD303874,40.0,7.6,5,12.6,37.7,Home & Kitchen,upi,yes,Summer,Sat,118.72
ORD301000,57.0,11.2,13,16.9,11.1,Clothing,credit card,no,Winter,Thu,116.79
ORD302805,48.0,10.1,3,28.3,14.7,Sports,credit card,no,Spring,Sat,36.65
ORD304762,68.0,8.6,11,4.4,43.2,Books,wallet,no,Summer,Mon,55.98
ORD304060,44.0,8.4,12,32.1,2.0,Clothing,credit card,no,Summer,Sun,77.21
ORD302434,40.0,3.0,1,25.7,14.9,Electronics,upi,yes,Summer,Sat,190.46
ORD301212,56.0,7.8,6,3.3,2.4,Sports,upi,no,Spring,Wed,124.57
ORD304876,68.0,2.6,8,24.6,10.5,Home & Kitchen,upi,no,Spring,Wed,99.24
ORD300193,41.0,4.6,1,20.3,4.6,Beauty,credit card,yes,Monsoon,Thu,72.43
ORD303594,66.0,6.7,10,16.5,5.6,Books,upi,yes,Monsoon,Mon,66.75
ORD301854,61.0,7.0,12,33.1,6.9,Beauty,debit card,yes,Summer,Wed,99.16
ORD300495,62.0,2.4,2,11.2,1.3,Electronics,debit card,no,Spring,Fri,252.03
ORD301895,67.0,5.3,4,0.3,4.3,Home & Kitchen,credit card,yes,Spring,Wed,156.88
ORD303526,41.0,6.0,14,7.5,6.8,Beauty,credit card,no,Summer,Wed,95.14
ORD304042,45.0,0.2,7,19.6,4.4,Electronics,debit card,yes,Spring,Sat,356.01
ORD304496,40.0,0.4,9,23.1,1.1,Beauty,credit card,no,Monsoon,Sun,50.63
ORD301787,59.0,10.7,5,20.7,1.4,Clothing,debit card,yes,Spring,Mon,67.19
ORD301740,25.0,10.6,13,30.1,26.5,Electronics,debit card,no,Winter,Sun,419.3
ORD301169,51.0,2.8,1,35.9,2.3,Sports,upi,no,Summer,Thu,34.69
ORD301255,24.0,2.1,10,38.1,14.3,Home & Kitchen,credit card,no,Spring,Mon,105.2
ORD304342,61.0,9.7,12,39.9,5.9,Electronics,upi,no,Winter,Fri,324.69
ORD302773,44.0,11.8,2,0.1,8.9,Electronics,upi,no,Winter,Wed,301.7
ORD304285,67.0,7.5,3,18.2,2.5,Clothing,credit card,no,Summer,Thu,84.57
ORD301308,43.0,4.9,11,27.0,2.1,Books,debit card,no,Monsoon,Sun,20.77
ORD303227,45.0,5.0,13,20.299269776876265,8.2,Electronics,credit card,yes,Spring,Wed,573.7
ORD302995,65.0,5.6,2,19.3,16.8,Clothing,upi,yes,Summer,Mon,75.57
ORD303850,66.0,6.9,6,22.9,3.6,Electronics,debit card,no,Summer,Sun,337.77
ORD302904,57.0,4.5,2,35.6,5.1,Electronics,credit card,no,Spring,Fri,169.47
ORD300135,44.0,5.1,9,28.2,1.6,Home & Kitchen,debit card,no,Summer,Thu,146.86
ORD300977,24.0,3.7,14,14.1,11.4,Books,credit card,no,Spring,Wed,35.49
ORD302782,19.0,4.6,2,36.1,14.3,Home & Kitchen,credit card,no,Winter,Mon,88.96
ORD302422,68.0,5.3,6,21.1,12.4,Toys,upi,no,Winter,Sun,30.16
ORD302603,26.0,0.2,12,25.5,2.6,Toys,credit card,no,Summer,Tue,28.38
ORD302201,27.0,11.6,4,5.2,11.6,Home & Kitchen,debit card,no,Spring,Thu,145.52
ORD301812,30.0,5.3,10,7.2,8.7,Books,wallet,yes,Summer,Tue,33.14
ORD303815,36.0,11.4,13,21.8,10.3,Clothing,credit card,no,Spring,Wed,110.78
ORD304896,26.0,11.9,12,1.5,8.2,Beauty,upi,no,Winter,Fri,122.18
ORD303766,24.0,0.7,2,22.6,17.2,Toys,upi,no,Spring,Sun,12.48
ORD302219,50.0,9.1,9,29.6,1.2,Beauty,debit card,no,Spring,Thu,103.04
ORD301997,18.0,4.2,3,15.0,2.5,Home & Kitchen,debit card,no,Winter,Sun,79.37
ORD304595,48.0,11.9,14,38.2,8.6,Sports,credit card,yes,Monsoon,Sat,157.62
ORD303310,50.0,4.9,6,32.2,11.4,Clothing,upi,no,Monsoon,Tue,70.08
ORD300754,29.0,4.8,8,37.1,10.055118434603502,Electronics,credit card,no,Winter,Sun,317.92
ORD302152,58.0,7.1,4,19.8,12.9,Home & Kitchen,debit card,yes,Spring,Tue,154.28
ORD301847,62.0,5.0,14,17.3,24.1,Sports,upi,no,Monsoon,Sun,107.41
ORD302101,36.0,6.6,3,16.0,10.055118434603502,Toys,upi,no,Spring,Sat,24.19
ORD300836,52.0,5.1,5,0.3,2.0,Toys,credit card,no,Winter,Thu,38.67
ORD301770,59.0,3.0,10,25.4,2.9,Electronics,upi,no,Spring,Fri,342.08
ORD302341,63.0,10.5,4,12.7,4.8,Beauty,wallet,no,Spring,Sun,72.85
ORD302481,38.0,5.9,8,39.2,-0.0,Clothing,wallet,no,Summer,Sat,76.08
ORD300971,35.0,6.6,14,15.2,17.0,Beauty,upi,no,Summer,Tue,81.7
ORD301379,20.0,9.8,12,11.6,60.9,Clothing,upi,no,Spring,Thu,125.16
ORD300545,20.0,9.3,5,12.2,13.4,Beauty,upi,no,Summer,Wed,78.12
ORD300515,38.0,9.6,8,38.0,9.1,Electronics,credit card,no,Winter,Tue,302.2
ORD300361,23.0,4.0,3,8.7,2.1,Clothing,debit card,no,Winter,Tue,58.9
ORD303132,58.0,10.7,7,6.7,27.9,Beauty,debit card,no,Monsoon,Mon,73.84
ORD302946,35.0,5.0,14,35.3,20.7,Beauty,upi,yes,Winter,Sat,57.42
ORD303192,21.0,10.5,12,3.9,11.8,Clothing,credit card,no,Monsoon,Sun,120.57
ORD302414,44.0,10.4,13,11.0,17.0,Home & Kitchen,wallet,no,Spring,Thu,212.34
ORD302355,41.0,5.933483606557377,14,25.0,20.0,Sports,upi,no,Summer,Thu,136.36
ORD301285,31.0,5.933483606557377,9,38.4,8.0,Electronics,credit card,no,Summer,Fri,295.5
ORD303425,26.0,6.7,13,34.3,7.5,Clothing,upi,yes,Monsoon,Sun,132.56
ORD304593,19.0,7.7,10,0.8,4.9,Books,credit card,no,Winter,Fri,47.34
ORD303277,48.0,1.8,10,29.5,10.055118434603502,Clothing,upi,no,Monsoon,Sun,93.0
ORD302600,25.0,5.8,6,37.3,29.2,Clothing,credit card,yes,Winter,Thu,73.77
ORD302108,22.0,3.6,4,8.0,0.9,Sports,debit card,no,Summer,Wed,98.95
ORD300268,45.0,3.7,10,30.4,7.9,Toys,debit card,no,Spring,Sun,48.47
ORD301883,22.0,0.2,12,1.2,4.4,Beauty,debit card,no,Summer,Mon,89.43
ORD300214,65.0,5.933483606557377,7,34.7,2.1,Home & Kitchen,upi,yes,Summer,Mon,157.5
ORD300017,41.0,4.8,7,1.9,2.4,Books,upi,yes,Monsoon,Mon,64.68
ORD302852,22.0,2.5,10,12.1,0.7,Electronics,credit card,no,Winter,Sun,460.29
ORD301151,45.0,6.7,12,25.5,7.4,Beauty,upi,no,Summer,Wed,83.16
ORD302837,44.0,0.9,8,21.9,22.2,Home & Kitchen,debit card,no,Monsoon,Fri,141.85
ORD300778,42.0,5.3,10,33.7,1.8,Sports,credit card,no,Summer,Tue,106.33
ORD303313,66.0,1.8,5,38.3,16.4,Home & Kitchen,wallet,no,Summer,Sat,77.24
ORD300227,49.0,7.5,7,30.2,11.6,Beauty,wallet,yes,Spring,Wed,65.1
ORD300252,47.0,1.3,14,31.1,28.2,Electronics,credit card,no,Summer,Fri,388.51
ORD300643,53.0,11.0,13,18.4,3.2,Electronics,debit card,yes,Spring,Sat,504.84
ORD301504,29.0,1.2,8,10.8,12.0,Clothing,upi,yes,Spring,Fri,133.02
ORD303490,22.0,1.5,2,21.5,19.6,Clothing,debit card,no,Winter,Mon,59.66
ORD303789,35.0,1.2,12,16.8,8.0,Clothing,credit card,no,Spring,Sun,92.8
ORD303046,63.0,5.0,11,11.2,8.7,Sports,wallet,no,Spring,Tue,123.95
ORD304396,31.0,0.9,11,0.1,31.6,Beauty,upi,no,Summer,Fri,70.64
ORD302722,57.0,7.9,6,11.0,1.1,Sports,debit card,no,Winter,Fri,133.08
ORD303045,47.0,7.6,12,20.9,3.5,Beauty,debit card,no,Monsoon,Fri,97.66
ORD303171,38.0,6.4,1,20.5,1.8,Toys,upi,yes,Spring,Thu,52.88
ORD304226,34.0,0.8,11,0.4,1.4,Toys,upi,no,Winter,Wed,73.76
ORD304064,39.0,4.1,7,20.299269776876265,13.6,Home & Kitchen,wallet,no,Winter,Mon,113.5
ORD302004,43.0,4.1,2,38.8,7.4,Home & Kitchen,credit card,no,Spring,Thu,86.65
ORD302379,21.0,10.9,12,26.4,2.2,Clothing,upi,no,Winter,Sun,73.54
ORD301511,57.0,9.6,9,27.6,0.9,Sports,credit card,yes,Summer,Tue,127.55
ORD301010,43.26208443809912,8.4,2,17.0,31.2,Books,wallet,no,Summer,Thu,18.54
ORD303295,62.0,2.1,5,17.4,1.6,Beauty,credit card,no,Winter,Thu,50.17
ORD302254,54.0,2.9,6,34.1,14.9,Home & Kitchen,debit card,no,Spring,Tue,92.9
ORD303660,38.0,11.9,11,19.3,41.1,Toys,debit card,yes,Spring,Sat,54.79
ORD302409,25.0,8.7,6,32.9,9.8,Electronics,credit card,yes,Monsoon,Mon,308.75
ORD302280,27.0,8.5,12,2.0,6.4,Beauty,upi,yes,Monsoon,Fri,122.65
ORD304832,64.0,11.6,4,26.6,35.9,Electronics,upi,no,Winter,Fri,286.96
ORD300902,59.0,10.2,14,37.6,11.6,Toys,credit card,no,Summer,Wed,99.47
ORD301585,21.0,8.7,3,0.2,19.3,Toys,credit card,no,Monsoon,Sat,59.81
ORD304127,24.0,5.5,7,32.4,5.5,Clothing,credit card,no,Spring,Mon,62.63
ORD303328,44.0,8.0,5,26.4,0.3,Home & Kitchen,wallet,no,Winter,Wed,92.11
ORD304773,26.0,7.9,13,30.7,7.5,Beauty,credit card,no,Summer,Thu,93.49
ORD302830,45.0,11.9,12,22.2,0.2,Beauty,wallet,yes,Summer,Sun,125.4
ORD304380,27.0,11.8,5,24.9,14.0,Toys,wallet,yes,Winter,Sat,77.83
ORD300079,58.0,5.4,12,14.0,12.1,Clothing,credit card,yes,Spring,Sun,122.44
ORD302919,25.0,8.7,2,8.4,7.0,Home & Kitchen,wallet,no,Monsoon,Tue,121.19
ORD301389,53.0,3.4,4,13.8,2.1,Books,credit card,yes,Monsoon,Thu,48.61
ORD304626,47.0,5.0,11,28.5,4.1,Home & Kitchen,credit card,yes,Summer,Thu,181.59
ORD303172,31.0,10.9,2,39.7,11.3,Clothing,credit card,no,Monsoon,Fri,54.62
ORD301130,52.0,9.0,7,26.7,3.9,Toys,wallet,yes,Winter,Tue,75.26
ORD304883,31.0,8.5,4,22.0,4.9,Beauty,upi,no,Summer,Thu,7.57
ORD300847,30.0,8.8,13,8.0,26.3,Clothing,wallet,yes,Winter,Thu,114.81
ORD302265,20.0,1.9,6,7.7,5.6,Home & Kitchen,wallet,yes,Spring,Wed,115.6
ORD302395,21.0,1.3,1,2.1,13.9,Beauty,upi,no,Monsoon,Tue,37.21
ORD300203,49.0,6.3,9,7.5,3.9,Sports,wallet,no,Spring,Mon,126.88
ORD304414,66.0,2.5,6,27.6,8.3,Electronics,debit card,no,Summer,Sat,252.18
ORD301605,20.0,6.6,9,29.8,3.8,Sports,upi,yes,Monsoon,Wed,159.77
ORD302675,28.0,6.5,5,20.299269776876265,64.0,Sports,upi,no,Winter,Tue,74.64
ORD304634,18.0,2.6,12,5.1,6.6,Clothing,debit card,no,Monsoon,Wed,105.18
ORD301465,24.0,8.4,8,19.4,18.2,Beauty,debit card,no,Winter,Tue,58.2
ORD302167,67.0,5.2,2,21.0,5.8,Clothing,credit card,no,Monsoon,Fri,61.22
ORD300442,65.0,1.2,13,37.8,40.4,Beauty,debit card,no,Spring,Sun,73.22
ORD304906,61.0,1.6,14,37.4,4.8,Toys,credit card,yes,Spring,Tue,54.13
ORD300935,40.0,6.2,6,6.3,9.5,Clothing,wallet,no,Winter,Thu,93.29
ORD302631,23.0,5.3,14,2.9,1.8,Clothing,wallet,no,Winter,Thu,113.71
ORD303190,49.0,6.2,13,19.0,5.1,Books,wallet,no,Winter,Sat,62.65
ORD301181,69.0,5.933483606557377,14,28.2,6.2,Toys,debit card,no,Spring,Sun,73.24
ORD304021,36.0,3.0,6,37.9,7.1,Electronics,credit card,no,Monsoon,Thu,229.08
ORD303977,32.0,10.6,13,1.1,9.5,Electronics,wallet,no,Winter,Sun,556.65
ORD304829,35.0,8.4,6,18.8,15.8,Beauty,credit card,yes,Spring,Sun,70.81
ORD300907,25.0,3.1,8,25.4,7.2,Electronics,credit card,no,Winter,Sat,333.77
ORD303845,43.0,0.4,10,3.0,20.4,Electronics,wallet,yes,Winter,Wed,510.72
ORD301776,63.0,0.4,7,4.5,7.5,Books,debit card,no,Spring,Sun,5.0
ORD304348,53.0,5.3,4,23.6,12.8,Beauty,credit card,yes,Summer,Sat,72.06
ORD300234,34.0,4.6,9,20.6,22.5,Sports,upi,no,Summer,Mon,98.94
ORD300149,33.0,7.8,7,38.7,7.1,Beauty,wallet,yes,Winter,Wed,50.6
ORD302306,55.0,9.0,7,31.1,6.1,Clothing,upi,no,Winter,Sat,63.23
ORD301919,49.0,2.7,9,22.9,10.055118434603502,Clothing,wallet,no,Summer,Thu,62.15
ORD300180,18.0,3.2,14,9.1,1.0,Clothing,credit card,no,Winter,Thu,84.35
ORD302894,68.0,9.3,9,37.6,3.6,Home & Kitchen,credit card,no,Monsoon,Sun,88.92
ORD302840,64.0,6.8,2,30.8,6.4,Beauty,wallet,no,Monsoon,Mon,24.86
ORD301769,26.0,7.0,6,15.2,13.4,Beauty,upi,yes,Spring,Mon,105.2
ORD300278,24.0,10.8,12,18.5,5.4,Home & Kitchen,credit card,no,Monsoon,Tue,184.84
ORD303113,44.0,8.4,8,8.4,2.6,Toys,credit card,no,Monsoon,Wed,76.47
ORD301005,58.0,11.6,4,28.0,4.4,Sports,credit card,no,Winter,Thu,118.07
ORD303061,65.0,4.3,7,25.5,1.5,Clothing,debit card,no,Summer,Mon,69.27
ORD303315,43.0,6.7,10,27.4,34.5,Electronics,wallet,yes,Winter,Wed,340.73
ORD300026,65.0,4.2,4,20.4,4.5,Home & Kitchen,debit card,no,Monsoon,Thu,105.14
ORD304693,36.0,11.5,7,17.9,9.3,Clothing,upi,yes,Summer,Tue,88.68
ORD301871,62.0,1.2,5,27.7,10.8,Beauty,wallet,no,Summer,Tue,42.71
ORD300582,48.0,3.5,2,22.0,17.5,Electronics,credit card,no,Spring,Wed,203.22
ORD303921,66.0,2.3,6,38.3,22.7,Sports,wallet,no,Monsoon,Sun,68.02
ORD301736,43.26208443809912,5.933483606557377,2,1.0,4.2,Clothing,credit card,yes,Spring,Thu,60.33
ORD302740,60.0,5.8,12,21.3,15.8,Home & Kitchen,upi,yes,Winter,Fri,151.71
ORD302050,43.0,6.7,3,3.0,15.7,Beauty,debit card,no,Spring,Sat,64.22
ORD301463,27.0,1.5,8,15.7,2.2,Clothing,wallet,yes,Monsoon,Sat,91.72
ORD301428,29.0,1.3,9,37.7,12.2,Clothing,wallet,yes,Spring,Mon,88.77
ORD303300,24.0,10.1,12,13.3,14.2,Books,upi,yes,Winter,Fri,60.23
ORD304001,42.0,1.0,12,22.9,10.4,Sports,upi,no,Monsoon,Sat,108.46
ORD303618,67.0,5.6,5,6.7,12.5,Beauty,credit card,yes,Monsoon,Thu,37.3
ORD302865,54.0,11.1,9,30.4,1.5,Clothing,credit card,no,Spring,Sat,98.06
ORD302766,35.0,8.8,14,39.2,3.3,Home & Kitchen,wallet,no,Spring,Thu,161.79
ORD300504,23.0,9.1,11,35.8,7.0,Electronics,credit card,no,Winter,Mon,336.66
ORD300057,30.0,1.6,10,13.3,6.8,Sports,credit card,no,Winter,Mon,139.95
ORD301712,41.0,11.4,10,9.1,19.6,Electronics,wallet,no,Spring,Wed,454.95
ORD303538,34.0,2.3,11,36.8,6.3,Clothing,debit card,no,Spring,Fri,79.65
ORD301472,53.0,4.0,12,5.3,0.9,Home & Kitchen,credit card,no,Spring,Mon,177.34
ORD304886,52.0,3.5,8,9.1,19.8,Toys,upi,no,Spring,Mon,412.2000000000001
ORD304212,42.0,6.6,14,34.5,2.1,Home & Kitchen,debit card,no,Spring,Mon,150.62
ORD304319,36.0,10.5,9,31.7,20.5,Sports,debit card,no,Winter,Fri,90.46
ORD304297,45.0,5.2,8,36.4,10.6,Sports,credit card,no,Monsoon,Sun,105.28
ORD301453,63.0,11.6,6,26.2,19.0,Clothing,credit card,no,Spring,Thu,84.95
ORD303882,22.0,5.3,2,11.9,41.5,Beauty,wallet,no,Winter,Thu,70.24
ORD300738,53.0,6.1,10,20.4,3.7,Clothing,debit card,no,Spring,Sun,109.56
ORD303574,29.0,8.0,13,6.3,1.8,Electronics,credit card,no,Summer,Mon,522.3
ORD301474,41.0,7.4,1,36.6,20.5,Toys,credit card,no,Spring,Sat,24.07
ORD301568,44.0,10.0,12,34.3,22.8,Books,upi,no,Spring,Sat,25.58
ORD302730,45.0,4.8,13,2.4,3.0,Clothing,wallet,no,Summer,Mon,146.76
ORD303029,36.0,4.0,14,31.4,20.4,Books,credit card,yes,Winter,Wed,35.33
ORD301023,49.0,0.2,13,18.3,12.2,Clothing,upi,no,Monsoon,Mon,103.42
ORD301589,43.26208443809912,3.6,5,10.1,31.6,Electronics,debit card,yes,Summer,Sun,311.7
ORD304632,49.0,9.6,8,13.2,3.3,Home & Kitchen,debit card,no,Spring,Tue,169.01
ORD301008,20.0,3.3,13,12.9,3.5,Beauty,credit card,no,Spring,Mon,110.53
ORD303920,42.0,4.9,12,20.8,1.5,Home & Kitchen,debit card,no,Spring,Fri,173.1
ORD301579,49.0,6.9,1,6.6,3.0,Sports,upi,yes,Winter,Sun,85.31
ORD303806,49.0,4.8,7,5.8,22.4,Clothing,debit card,yes,Winter,Tue,74.11
ORD304465,40.0,6.7,1,37.1,1.4,Beauty,wallet,yes,Winter,Mon,55.91
ORD300346,22.0,9.0,1,34.6,2.8,Sports,upi,no,Summer,Wed,62.9
ORD300502,63.0,4.3,1,10.0,2.5,Beauty,upi,yes,Spring,Thu,72.12
ORD301232,51.0,5.1,2,0.0,4.8,Electronics,debit card,no,Winter,Tue,286.94
ORD301643,31.0,4.7,3,23.9,30.4,Beauty,wallet,no,Winter,Mon,51.21
ORD300833,30.0,4.0,2,29.6,20.3,Toys,upi,no,Monsoon,Wed,40.67
ORD304805,44.0,9.5,6,30.5,9.1,Electronics,wallet,no,Winter,Wed,292.67
ORD303969,21.0,9.8,9,17.1,19.9,Beauty,credit card,yes,Winter,Thu,120.34
ORD301164,66.0,4.1,5,31.9,9.9,Books,credit card,no,Winter,Sun,6.41
ORD303384,61.0,10.7,10,26.0,7.3,Electronics,debit card,no,Summer,Sun,389.0
ORD302813,37.0,1.7,11,6.9,18.4,Sports,wallet,no,Winter,Wed,131.91
ORD301425,54.0,1.1,1,29.3,9.1,Beauty,upi,no,Spring,Mon,18.52
ORD301491,18.0,0.2,14,14.4,11.6,Toys,credit card,no,Summer,Wed,67.15
ORD302193,35.0,7.1,13,13.5,7.2,Home & Kitchen,debit card,no,Winter,Tue,196.76
ORD304044,25.0,5.933483606557377,7,30.6,2.8,Beauty,debit card,no,Spring,Tue,87.21
ORD303378,55.0,9.0,5,8.0,19.5,Home & Kitchen,credit card,yes,Summer,Thu,153.61
ORD300565,22.0,4.5,6,13.1,19.8,Toys,debit card,no,Summer,Thu,50.1
ORD300263,39.0,11.5,7,5.1,5.2,Sports,debit card,no,Monsoon,Sat,133.66
ORD304023,53.0,6.6,12,20.6,7.5,Clothing,upi,no,Monsoon,Thu,103.2
ORD301324,38.0,10.7,3,13.7,8.3,Books,credit card,no,Summer,Mon,30.36
ORD300381,61.0,3.9,6,26.8,11.4,Beauty,upi,no,Winter,Tue,44.36
ORD303832,43.0,4.8,8,13.0,0.4,Books,credit card,yes,Spring,Fri,37.8
ORD300613,22.0,3.6,9,20.9,6.7,Sports,credit card,no,Winter,Wed,111.2
ORD304242,44.0,2.1,14,8.6,2.5,Books,upi,no,Monsoon,Sun,56.49
ORD304076,35.0,4.2,2,3.6,45.5,Books,upi,yes,Monsoon,Thu,43.22
ORD303758,40.0,1.2,7,10.9,18.0,Home & Kitchen,credit card,no,Monsoon,Wed,152.92
ORD301102,45.0,8.2,7,30.4,19.0,Clothing,wallet,no,Monsoon,Mon,76.05
ORD301978,29.0,12.0,14,22.9,1.3,Clothing,credit card,yes,Spring,Fri,138.05
ORD303655,48.0,11.7,11,20.8,20.3,Clothing,debit card,yes,Monsoon,Sat,98.34
ORD302509,38.0,0.7,14,37.7,4.1,Beauty,wallet,no,Spring,Sun,25.39
ORD304008,43.26208443809912,3.9,14,1.5,13.6,Home & Kitchen,debit card,no,Summer,Mon,199.21
ORD301693,22.0,10.1,1,26.9,2.2,Clothing,credit card,no,Monsoon,Mon,56.61
ORD301617,51.0,6.6,14,21.5,33.1,Electronics,upi,no,Summer,Wed,457.65
ORD300032,35.0,10.9,3,8.6,6.0,Sports,credit card,no,Winter,Tue,82.78
ORD302234,32.0,5.6,14,4.5,4.8,Home & Kitchen,credit card,no,Monsoon,Tue,242.28
ORD300114,57.0,1.7,10,38.3,0.3,Electronics,wallet,no,Monsoon,Tue,282.4
ORD303058,50.0,7.7,3,18.6,8.9,Beauty,upi,no,Winter,Sun,44.78
ORD303609,33.0,4.6,1,10.8,28.3,Electronics,upi,yes,Winter,Tue,221.41
ORD300820,18.0,2.3,3,8.8,3.4,Clothing,upi,yes,Spring,Sun,54.06
ORD303886,33.0,6.1,1,22.3,0.4,Sports,wallet,no,Monsoon,Sun,33.55
ORD301347,35.0,0.3,13,32.8,14.5,Beauty,debit card,no,Spring,Sun,6.13
ORD301098,65.0,7.8,4,25.3,29.3,Electronics,debit card,yes,Spring,Thu,275.1
ORD301363,29.0,1.4,9,15.8,4.2,Beauty,wallet,no,Winter,Sat,73.65
ORD300393,69.0,10.3,1,17.2,3.1,Electronics,credit card,no,Monsoon,Sat,214.87
ORD303081,29.0,0.8,3,28.5,6.3,Home & Kitchen,debit card,no,Summer,Wed,90.06
ORD304457,54.0,5.8,4,10.6,0.3,Electronics,debit card,no,Winter,Thu,314.42
ORD304515,63.0,8.5,6,10.4,2.6,Electronics,upi,no,Winter,Fri,334.24
ORD302124,32.0,9.0,14,21.6,17.7,Clothing,debit card,no,Monsoon,Mon,131.77
ORD301851,44.0,5.2,13,35.3,6.6,Electronics,credit card,no,Spring,Fri,392.0
ORD301522,49.0,10.0,1,36.5,4.7,Electronics,credit card,no,Monsoon,Fri,163.25
ORD300217,43.0,1.9,10,33.6,5.9,Sports,wallet,no,Winter,Mon,76.49
ORD303326,51.0,10.6,5,16.3,4.2,Electronics,credit card,no,Monsoon,Tue,301.98
ORD303133,21.0,3.1,4,25.5,1.8,Clothing,credit card,yes,Summer,Fri,65.25
ORD300983,65.0,11.4,8,14.1,16.5,Electronics,credit card,no,Monsoon,Wed,387.88
ORD300189,63.0,0.3,4,7.0,0.8,Books,credit card,no,Monsoon,Wed,26.04
ORD303873,47.0,3.1,8,1.4,10.055118434603502,Books,wallet,no,Winter,Mon,51.63
ORD304230,31.0,9.6,5,15.4,11.3,Electronics,upi,no,Winter,Mon,309.59
ORD301621,51.0,8.2,3,16.6,24.1,Clothing,wallet,yes,Winter,Sat,53.12
ORD300553,69.0,7.5,4,11.4,4.9,Clothing,debit card,no,Winter,Wed,63.71
ORD304337,47.0,0.7,2,5.0,7.1,Beauty,credit card,yes,Monsoon,Tue,50.47
ORD302831,40.0,8.4,14,6.2,24.8,Clothing,wallet,no,Summer,Fri,140.27
ORD302992,64.0,9.6,6,13.6,13.5,Books,credit card,no,Spring,Wed,43.39
ORD301380,60.0,11.3,3,3.0,12.7,Home & Kitchen,debit card,yes,Winter,Thu,120.28
ORD301253,48.0,4.1,8,3.6,6.6,Electronics,debit card,no,Summer,Fri,435.83
ORD302513,36.0,5.8,10,20.9,1.8,Clothing,debit card,no,Summer,Sat,65.63
ORD302246,25.0,7.4,8,21.2,18.2,Clothing,upi,no,Winter,Thu,100.64
ORD304548,43.26208443809912,6.6,10,6.3,17.1,Beauty,credit card,no,Summer,Thu,87.33
ORD302936,51.0,10.2,1,4.2,23.7,Electronics,upi,yes,Summer,Sat,276.46
ORD300404,37.0,8.1,1,21.2,1.5,Beauty,upi,no,Winter,Wed,60.68
ORD301783,19.0,4.1,4,1.7,9.4,Toys,wallet,yes,Summer,Mon,47.69
ORD300666,40.0,11.9,10,13.0,22.9,Beauty,upi,no,Spring,Wed,99.14
ORD303143,36.0,0.7,2,18.6,7.3,Books,upi,no,Winter,Mon,20.62
ORD301413,27.0,1.3,3,10.5,2.1,Electronics,upi,no,Winter,Tue,305.13
ORD302537,64.0,8.7,13,27.2,13.3,Beauty,upi,no,Summer,Sat,116.05
ORD303709,67.0,11.8,1,5.4,3.8,Beauty,wallet,no,Summer,Wed,74.16
ORD301386,30.0,11.1,3,25.5,1.0,Toys,debit card,no,Spring,Sun,54.88
ORD303881,64.0,2.8,10,10.3,5.9,Clothing,upi,no,Monsoon,Sun,74.56
ORD303433,35.0,10.1,10,6.2,4.7,Home & Kitchen,wallet,no,Winter,Wed,184.63
ORD302060,29.0,2.9,12,17.7,9.7,Electronics,credit card,no,Spring,Sat,448.96
ORD300485,48.0,1.6,1,17.1,25.6,Electronics,upi,yes,Summer,Tue,207.04
ORD303505,42.0,7.1,12,24.3,8.9,Toys,credit card,no,Monsoon,Mon,59.24
ORD303689,20.0,4.1,12,38.1,7.4,Electronics,credit card,no,Spring,Sat,345.43
ORD302272,24.0,3.8,14,8.4,21.1,Clothing,debit card,yes,Winter,Fri,109.79
ORD302174,48.0,11.3,1,24.4,5.3,Beauty,credit card,yes,Spring,Sun,79.26
ORD304250,50.0,6.7,7,39.8,0.2,Clothing,upi,no,Spring,Wed,81.46
ORD304471,65.0,10.7,1,17.2,10.055118434603502,Beauty,upi,yes,Spring,Sat,105.09
ORD301597,21.0,5.4,2,20.299269776876265,8.4,Electronics,upi,no,Summer,Sat,256.26
ORD300598,34.0,2.4,8,25.2,7.4,Home & Kitchen,credit card,no,Spring,Wed,112.71
ORD300158,48.0,8.1,10,11.1,4.4,Books,credit card,no,Summer,Thu,52.13
ORD302289,61.0,7.0,13,8.7,4.3,Books,wallet,yes,Summer,Tue,78.55
ORD304361,34.0,4.4,8,30.5,0.1,Electronics,upi,yes,Spring,Thu,318.77
ORD304969,21.0,5.9,1,25.4,17.7,Beauty,wallet,yes,Winter,Mon,89.01
ORD302578,37.0,6.8,14,13.5,3.8,Home & Kitchen,wallet,yes,Monsoon,Mon,191.24
ORD303005,48.0,5.3,3,8.9,21.2,Electronics,credit card,no,Spring,Tue,288.08
ORD302844,41.0,11.2,1,9.3,2.5,Books,debit card,no,Winter,Tue,28.33
ORD301123,30.0,7.2,9,8.1,17.4,Home & Kitchen,credit card,no,Monsoon,Wed,159.48
ORD304533,45.0,9.0,10,34.8,7.2,Clothing,debit card,yes,Winter,Sat,93.12
ORD300226,42.0,7.5,4,19.2,20.8,Clothing,upi,no,Monsoon,Thu,75.3
ORD304676,25.0,8.1,6,16.0,1.7,Sports,debit card,no,Summer,Tue,77.89
ORD302498,31.0,4.8,11,21.5,16.0,Clothing,upi,yes,Monsoon,Thu,119.89
ORD300555,69.0,9.0,5,27.3,10.3,Sports,credit card,no,Winter,Fri,81.79
ORD302650,63.0,4.6,10,39.2,0.5,Electronics,credit card,no,Summer,Mon,292.34
ORD303244,63.0,11.3,5,26.6,4.5,Electronics,upi,no,Monsoon,Mon,293.69
ORD304401,68.0,7.3,6,18.4,10.055118434603502,Electronics,credit card,no,Winter,Wed,345.4
ORD304200,24.0,0.1,4,14.1,9.4,Beauty,credit card,yes,Spring,Mon,68.74
ORD302687,59.0,2.7,13,24.1,21.0,Sports,debit card,no,Monsoon,Fri,129.86
ORD300707,42.0,0.1,14,30.0,8.8,Clothing,credit card,no,Winter,Mon,81.5
ORD304666,68.0,4.5,12,15.7,4.5,Clothing,wallet,no,Spring,Mon,114.41
ORD303783,19.0,0.8,12,15.0,6.4,Clothing,upi,no,Summer,Wed,63.81
ORD304344,49.0,7.8,7,20.299269776876265,18.6,Toys,debit card,yes,Spring,Wed,76.75
ORD302347,63.0,8.2,12,11.4,1.5,Beauty,credit card,no,Spring,Sun,78.18
ORD301171,31.0,1.7,6,3.5,13.2,Clothing,credit card,no,Monsoon,Sun,85.13
ORD301455,36.0,0.4,7,17.8,21.1,Beauty,wallet,yes,Monsoon,Mon,70.87
ORD303342,31.0,1.2,5,17.9,3.3,Books,credit card,yes,Winter,Wed,73.01
ORD304806,49.0,4.5,12,2.7,0.3,Electronics,credit card,yes,Summer,Mon,558.19
ORD303696,63.0,10.7,13,9.4,0.5,Electronics,credit card,yes,Summer,Wed,563.34
ORD300326,39.0,3.9,12,9.4,8.1,Home & Kitchen,credit card,no,Monsoon,Fri,192.47
ORD302244,46.0,7.0,4,29.6,1.5,Home & Kitchen,debit card,yes,Summer,Wed,77.82
ORD300476,43.26208443809912,4.0,13,20.7,8.1,Electronics,debit card,no,Summer,Tue,445.07
ORD304093,65.0,10.0,11,32.3,25.2,Sports,upi,no,Summer,Tue,79.3
ORD302639,54.0,0.7,5,5.9,31.6,Books,upi,no,Summer,Thu,29.37
ORD302652,49.0,8.6,10,17.4,2.6,Clothing,debit card,yes,Winter,Sat,106.28
ORD304827,45.0,6.0,8,27.9,3.9,Electronics,upi,yes,Summer,Sat,338.6
ORD304752,45.0,9.1,2,14.3,2.9,Beauty,debit card,yes,Summer,Sat,102.72
ORD301419,48.0,11.1,3,24.0,1.8,Clothing,wallet,no,Spring,Sat,79.82
ORD302745,39.0,0.1,2,10.0,0.1,Beauty,debit card,no,Monsoon,Tue,50.96
ORD302305,66.0,10.8,12,4.9,4.5,Sports,debit card,yes,Summer,Wed,143.42
ORD303863,60.0,5.2,7,31.5,15.7,Electronics,credit card,yes,Summer,Fri,332.24
ORD300523,26.0,0.6,6,39.3,55.2,Beauty,credit card,no,Spring,Mon,6.33
ORD300992,43.0,5.933483606557377,12,39.1,1.2,Books,credit card,no,Winter,Sat,23.12
ORD301830,63.0,8.5,5,36.9,13.3,Books,credit card,no,Monsoon,Fri,14.35
ORD303129,33.0,5.7,3,20.4,10.8,Home & Kitchen,credit card,no,Winter,Sat,110.72
ORD300730,41.0,7.0,12,0.1,10.3,Clothing,wallet,yes,Monsoon,Mon,146.24
ORD303560,50.0,10.0,13,20.2,1.7,Clothing,credit card,no,Winter,Sat,75.73
ORD302311,26.0,2.8,2,17.5,9.7,Sports,upi,no,Summer,Sun,111.38
ORD304329,60.0,9.5,5,36.9,3.5,Books,credit card,yes,Monsoon,Wed,79.49
ORD304959,50.0,6.3,8,25.3,8.4,Toys,upi,yes,Spring,Tue,52.71
ORD301939,55.0,10.6,9,13.7,13.9,Home & Kitchen,debit card,no,Summer,Tue,149.11
ORD301396,35.0,5.5,12,32.6,2.1,Home & Kitchen,upi,no,Spring,Fri,165.78
ORD300751,53.0,4.2,8,4.2,8.1,Electronics,debit card,yes,Spring,Wed,434.19
ORD300488,44.0,1.1,7,39.5,0.9,Electronics,debit card,no,Monsoon,Thu,264.19
ORD302228,49.0,5.7,13,4.4,5.7,Electronics,debit card,no,Winter,Tue,526.31
ORD301016,69.0,2.3,1,17.1,21.4,Clothing,debit card,no,Summer,Fri,63.7
ORD302106,29.0,6.3,10,29.5,18.7,Clothing,debit card,no,Winter,Thu,1174.44
ORD304770,25.0,10.0,1,19.0,0.8,Electronics,wallet,yes,Spring,Thu,259.84
ORD302003,36.0,7.5,7,7.2,1.8,Beauty,debit card,no,Monsoon,Fri,40.05
ORD302658,26.0,10.3,3,38.6,5.8,Sports,debit card,yes,Summer,Thu,75.25
ORD304697,41.0,1.2,3,14.2,5.7,Electronics,debit card,no,Winter,Fri,277.35
ORD303961,61.0,5.9,14,2.0,3.0,Clothing,upi,no,Winter,Fri,1730.64
ORD301724,26.0,4.8,7,24.2,25.6,Clothing,credit card,no,Monsoon,Tue,82.25
ORD300010,53.0,10.2,11,19.3,5.8,Clothing,upi,yes,Monsoon,Thu,130.85
ORD302200,38.0,1.7,12,18.5,3.4,Home & Kitchen,upi,no,Summer,Sat,175.01
ORD302097,38.0,7.5,5,11.8,6.8,Sports,credit card,yes,Winter,Tue,99.46
ORD300978,27.0,0.4,6,10.8,7.3,Electronics,upi,yes,Spring,Wed,346.57
ORD300774,69.0,6.3,10,26.8,18.5,Clothing,credit card,yes,Summer,Sun,119.1
ORD300759,35.0,6.4,14,18.9,11.7,Books,credit card,no,Spring,Sat,45.47
ORD301611,52.0,5.0,4,2.2,14.2,Sports,credit card,no,Monsoon,Sat,113.98
ORD303911,48.0,3.9,11,11.7,26.1,Toys,wallet,no,Summer,Wed,37.35
ORD303706,43.26208443809912,5.4,7,35.6,22.6,Beauty,wallet,no,Summer,Fri,65.52
ORD302075,39.0,8.3,1,21.9,4.0,Clothing,wallet,no,Spring,Sun,59.65
ORD300110,63.0,7.1,1,24.2,6.7,Clothing,credit card,yes,Spring,Mon,73.96
ORD304138,44.0,7.2,1,16.6,5.1,Books,debit card,no,Summer,Tue,26.9
ORD304313,60.0,1.3,1,30.7,11.2,Electronics,upi,no,Spring,Fri,184.14
ORD300490,62.0,4.0,6,14.2,4.2,Sports,upi,no,Winter,Thu,92.73
ORD301190,46.0,9.3,9,18.1,44.0,Clothing,debit card,no,Winter,Mon,99.74
ORD304334,68.0,1.0,11,28.0,12.4,Toys,credit card,no,Winter,Mon,90.08
ORD303678,18.0,10.8,6,19.3,17.5,Home & Kitchen,debit card,no,Monsoon,Wed,101.45
ORD301479,60.0,1.2,6,14.3,2.5,Toys,debit card,no,Winter,Tue,29.6
ORD304678,53.0,4.6,8,3.8,27.5,Home & Kitchen,wallet,no,Summer,Mon,125.96
ORD302456,49.0,10.1,8,9.2,10.8,Books,wallet,no,Winter,Fri,59.68
ORD301906,47.0,6.9,2,24.7,0.7,Sports,credit card,no,Winter,Mon,73.49
ORD304454,63.0,0.0,5,26.8,9.4,Beauty,upi,no,Summer,Thu,48.97
ORD301298,35.0,6.8,14,17.9,12.2,Clothing,credit card,no,Spring,Tue,110.19
ORD302072,29.0,1.3,12,37.3,5.9,Clothing,upi,no,Spring,Mon,68.19
ORD303406,40.0,7.8,6,3.9,9.5,Beauty,credit card,no,Monsoon,Thu,60.85
ORD300071,68.0,4.4,2,37.7,9.6,Beauty,wallet,yes,Summer,Fri,54.01
ORD303437,60.0,5.933483606557377,9,16.5,4.7,Home & Kitchen,credit card,no,Summer,Thu,177.85
ORD303672,24.0,3.9,1,34.6,7.8,Sports,upi,no,Summer,Thu,51.34
ORD301852,25.0,6.5,7,32.5,4.4,Clothing,debit card,no,Winter,Tue,57.61
ORD301942,43.0,3.4,6,15.5,7.3,Beauty,credit card,no,Monsoon,Thu,17.11
ORD301254,56.0,1.5,4,20.0,7.8,Sports,upi,yes,Spring,Tue,88.7
ORD303033,35.0,2.7,10,18.9,22.4,Clothing,wallet,no,Winter,Sun,54.95
ORD300184,26.0,10.3,12,10.0,4.8,Clothing,debit card,no,Summer,Thu,121.38
ORD300824,61.0,10.6,8,31.3,1.4,Clothing,debit card,no,Spring,Sat,124.06
ORD300386,41.0,11.3,2,28.6,11.1,Home & Kitchen,upi,yes,Winter,Thu,101.31
ORD301719,66.0,7.5,14,14.2,10.0,Beauty,upi,yes,Winter,Sat,116.73
ORD304897,38.0,0.6,10,8.3,2.6,Toys,credit card,no,Winter,Sat,22.36
ORD303780,48.0,1.3,8,8.8,6.9,Electronics,debit card,yes,Spring,Thu,404.98
ORD304429,62.0,10.3,7,15.0,7.2,Toys,upi,yes,Monsoon,Tue,72.61
ORD300468,33.0,1.5,12,7.7,5.5,Electronics,debit card,no,Monsoon,Wed,494.15
ORD301418,32.0,5.933483606557377,10,5.3,3.4,Electronics,upi,yes,Winter,Sat,517.4
ORD303810,22.0,2.5,1,21.0,15.0,Clothing,debit card,yes,Winter,Mon,55.17
ORD300536,61.0,6.6,5,18.4,12.4,Home & Kitchen,wallet,no,Spring,Fri,78.8
ORD304540,33.0,6.5,3,17.7,25.6,Books,wallet,yes,Spring,Wed,55.15
ORD300341,21.0,9.1,1,9.1,5.6,Beauty,debit card,no,Monsoon,Fri,42.62
ORD303944,54.0,7.7,2,16.4,5.7,Beauty,wallet,yes,Monsoon,Thu,72.32
ORD303900,26.0,5.6,6,9.2,11.0,Toys,credit card,yes,Spring,Fri,96.52
ORD301995,29.0,7.8,14,8.6,7.0,Electronics,credit card,no,Monsoon,Mon,541.04
ORD303234,58.0,5.933483606557377,13,10.6,2.0,Beauty,credit card,no,Monsoon,Tue,90.55
ORD301619,22.0,6.6,14,38.8,1.7,Electronics,credit card,no,Summer,Sun,384.92
ORD303681,59.0,10.1,9,29.3,0.7,Beauty,credit card,no,Winter,Fri,61.71
ORD303460,23.0,6.7,8,15.2,6.3,Electronics,upi,no,Monsoon,Mon,376.84
ORD304142,67.0,9.2,10,33.7,20.4,Home & Kitchen,debit card,no,Spring,Thu,139.04
ORD304612,54.0,1.8,13,20.299269776876265,22.3,Home & Kitchen,credit card,yes,Summer,Sun,180.19
ORD301927,37.0,5.5,6,25.7,13.6,Clothing,upi,no,Summer,Thu,58.87
ORD302562,53.0,1.7,6,19.4,3.8,Home & Kitchen,wallet,yes,Spring,Wed,136.77
ORD300719,41.0,11.3,5,31.1,30.0,Electronics,credit card,yes,Winter,Wed,255.6
ORD301083,67.0,7.9,1,31.3,10.0,Home & Kitchen,upi,no,Monsoon,Mon,83.18
ORD302671,39.0,0.2,2,30.1,10.0,Books,debit card,no,Winter,Thu,5.0
ORD302820,44.0,8.0,6,11.7,2.1,Beauty,credit card,no,Winter,Wed,84.89
ORD300749,46.0,1.8,2,31.1,1.6,Electronics,debit card,no,Monsoon,Thu,161.4
ORD303191,31.0,0.2,10,23.9,12.0,Home & Kitchen,debit card,yes,Spring,Wed,132.6
ORD302417,31.0,11.1,7,6.6,3.5,Beauty,credit card,yes,Spring,Sun,99.76
ORD302762,60.0,11.6,9,2.9,10.4,Home & Kitchen,upi,yes,Summer,Sun,195.46
ORD301558,54.0,8.3,6,16.3,44.2,Sports,upi,no,Spring,Sat,68.51
ORD301081,28.0,9.9,6,31.0,1.1,Clothing,wallet,yes,Summer,Thu,98.62
ORD300920,45.0,1.0,10,32.3,15.0,Sports,upi,no,Spring,Sat,115.49
ORD303159,59.0,11.4,6,38.7,10.055118434603502,Home & Kitchen,upi,no,Summer,Wed,77.4
ORD301853,39.0,3.0,1,12.5,12.1,Electronics,credit card,no,Monsoon,Sat,203.76
ORD303217,60.0,1.0,6,38.3,5.7,Beauty,debit card,yes,Spring,Wed,41.86
ORD304807,60.0,3.8,13,26.8,1.9,Electronics,debit card,no,Monsoon,Fri,408.85
ORD300848,18.0,1.4,12,25.7,5.5,Electronics,debit card,yes,Summer,Fri,422.32
ORD301603,52.0,10.9,13,32.1,5.6,Beauty,credit card,no,Monsoon,Sat,88.32
ORD303978,63.0,4.0,3,17.1,6.4,Beauty,upi,no,Summer,Fri,8.38
ORD304844,46.0,6.1,6,26.1,17.1,Sports,wallet,no,Monsoon,Fri,79.86
ORD302288,24.0,9.9,14,20.7,7.5,Clothing,credit card,no,Summer,Thu,131.01
ORD302757,30.0,0.1,6,11.6,2.7,Electronics,credit card,no,Summer,Fri,306.87
ORD304452,39.0,7.2,9,25.5,10.7,Toys,upi,yes,Winter,Tue,77.47
ORD303037,50.0,7.2,3,16.3,12.3,Clothing,upi,no,Summer,Thu,60.79
ORD304532,38.0,10.4,2,13.8,8.3,Sports,debit card,no,Summer,Thu,60.32
ORD304888,57.0,6.2,3,28.6,1.3,Clothing,upi,yes,Winter,Thu,99.39
ORD304554,43.26208443809912,6.6,11,19.1,10.055118434603502,Books,wallet,no,Spring,Mon,43.33
ORD301294,41.0,2.1,11,30.9,1.1,Clothing,wallet,no,Monsoon,Fri,83.16
ORD302189,18.0,3.6,10,32.5,1.2,Electronics,upi,yes,Winter,Sat,364.35
ORD301531,64.0,0.5,8,36.6,6.9,Home & Kitchen,debit card,no,Monsoon,Tue,94.66
ORD302561,30.0,2.0,1,31.6,10.9,Beauty,credit card,no,Summer,Sun,64.08
ORD301387,35.0,10.5,9,10.2,0.6,Sports,credit card,yes,Winter,Sat,137.03
ORD302421,39.0,1.8,3,3.8,14.5,Clothing,credit card,no,Spring,Mon,79.44
ORD301251,57.0,4.6,10,13.9,4.4,Electronics,wallet,no,Summer,Sun,450.66
ORD301892,68.0,7.6,6,20.6,17.0,Home & Kitchen,debit card,no,Spring,Fri,129.6
ORD300568,32.0,2.8,10,11.6,5.0,Beauty,wallet,yes,Winter,Wed,102.58
ORD303240,36.0,4.5,7,38.3,12.6,Sports,wallet,no,Summer,Sat,82.04
ORD300436,23.0,9.7,10,30.8,16.1,Electronics,wallet,yes,Spring,Sat,375.72
ORD301559,36.0,4.5,14,27.9,15.6,Clothing,upi,no,Winter,Mon,82.79
ORD303110,26.0,1.0,12,34.5,2.3,Home & Kitchen,wallet,no,Winter,Sat,117.1
ORD300655,49.0,3.6,11,35.6,10.055118434603502,Home & Kitchen,credit card,no,Spring,Fri,132.49
ORD304227,28.0,0.3,14,20.299269776876265,12.3,Books,credit card,yes,Spring,Sat,44.27
ORD300780,62.0,6.8,3,24.0,20.3,Electronics,debit card,no,Spring,Wed,218.29
ORD304451,57.0,4.0,4,6.1,5.5,Beauty,debit card,no,Monsoon,Sat,58.89
ORD302873,36.0,9.9,8,14.8,7.4,Electronics,credit card,no,Summer,Tue,376.25
ORD303697,37.0,4.5,10,15.0,24.5,Electronics,debit card,yes,Monsoon,Mon,419.4
ORD301197,36.0,7.4,3,19.8,20.2,Electronics,credit card,no,Spring,Sat,254.69
ORD303568,18.0,1.6,2,17.3,10.9,Books,credit card,no,Spring,Mon,24.55
ORD303294,18.0,8.7,13,28.4,4.3,Sports,wallet,no,Spring,Fri,120.47
ORD301987,43.26208443809912,0.7,12,26.2,8.5,Electronics,debit card,no,Spring,Sat,403.26
ORD300845,22.0,3.5,8,35.3,3.3,Clothing,credit card,no,Spring,Wed,77.11
ORD300602,42.0,1.9,7,25.8,4.8,Beauty,upi,no,Spring,Tue,46.42
ORD303658,26.0,5.7,5,5.7,54.2,Home & Kitchen,credit card,no,Spring,Sat,128.21
ORD302605,60.0,1.0,11,10.7,11.5,Clothing,debit card,no,Summer,Tue,83.04
ORD300108,25.0,5.933483606557377,13,15.0,17.5,Home & Kitchen,upi,no,Winter,Tue,177.7
ORD304310,53.0,4.8,12,15.7,6.1,Clothing,debit card,no,Summer,Thu,105.57
ORD302983,49.0,3.8,8,23.9,10.8,Beauty,debit card,no,Summer,Sat,65.06
ORD304288,33.0,7.2,5,38.6,1.8,Home & Kitchen,debit card,no,Summer,Mon,101.02
ORD301302,45.0,1.9,4,30.6,7.7,Beauty,debit card,yes,Spring,Tue,76.34
ORD300828,49.0,6.9,10,20.299269776876265,17.3,Clothing,credit card,yes,Monsoon,Sun,1296.84
ORD300151,47.0,7.1,14,11.3,20.4,Sports,debit card,no,Winter,Thu,162.73
ORD303731,46.0,6.7,9,28.8,2.4,Home & Kitchen,credit card,no,Summer,Thu,101.19
ORD303125,58.0,11.4,9,39.5,13.6,Clothing,upi,no,Spring,Mon,111.3
ORD304160,62.0,9.8,6,1.9,20.7,Home & Kitchen,debit card,no,Spring,Tue,139.56
ORD304404,56.0,5.933483606557377,6,2.3,3.1,Electronics,credit card,no,Summer,Fri,398.88
ORD302084,23.0,8.7,11,29.3,17.2,Books,debit card,yes,Summer,Mon,60.56
ORD302073,69.0,0.4,12,28.6,17.9,Toys,credit card,no,Spring,Fri,5.68
ORD303671,30.0,9.7,9,15.7,4.2,Clothing,credit card,yes,Winter,Fri,91.62
ORD300397,27.0,0.5,3,21.4,42.1,Clothing,credit card,no,Winter,Mon,54.36
ORD300166,43.26208443809912,4.2,8,12.7,1.2,Beauty,credit card,no,Summer,Mon,70.06
ORD302531,33.0,2.9,11,0.9,3.1,Home & Kitchen,wallet,yes,Spring,Sun,197.93
ORD301225,31.0,3.1,9,11.3,2.1,Clothing,wallet,no,Monsoon,Tue,80.84
ORD301796,24.0,3.7,9,34.9,19.1,Sports,debit card,no,Spring,Thu,95.92
ORD301642,61.0,8.7,11,11.5,11.1,Clothing,wallet,no,Spring,Mon,111.22
ORD300142,36.0,7.5,2,4.2,13.1,Clothing,credit card,no,Monsoon,Mon,64.79
ORD301240,45.0,5.0,14,14.0,12.5,Beauty,debit card,no,Winter,Tue,90.04
ORD301986,33.0,3.6,8,6.2,10.055118434603502,Home & Kitchen,credit card,yes,Monsoon,Sun,191.44
ORD303727,43.26208443809912,0.2,13,10.1,15.3,Home & Kitchen,credit card,yes,Summer,Mon,191.0
ORD302223,50.0,8.3,9,24.2,24.8,Toys,upi,no,Summer,Tue,47.97
ORD300237,36.0,1.4,5,11.3,8.9,Clothing,upi,no,Summer,Wed,19.48
ORD300989,21.0,9.7,13,14.1,4.5,Sports,upi,yes,Spring,Fri,167.21
ORD304239,48.0,5.6,3,38.4,15.2,Electronics,credit card,no,Monsoon,Sun,185.03
ORD301758,29.0,1.5,7,23.0,11.6,Clothing,credit card,no,Winter,Sun,85.66
ORD301021,26.0,2.6,1,27.0,5.0,Clothing,credit card,no,Winter,Fri,46.81
ORD304174,62.0,5.933483606557377,14,18.7,9.8,Toys,credit card,no,Summer,Sun,73.35
ORD300866,54.0,5.2,13,1.8,9.3,Toys,credit card,no,Spring,Sun,76.24
ORD304491,29.0,7.1,1,31.3,6.0,Toys,debit card,yes,Monsoon,Tue,41.39
ORD303634,41.0,8.1,14,38.6,50.0,Beauty,upi,yes,Winter,Tue,103.59
ORD304428,23.0,3.2,1,18.3,12.6,Books,upi,no,Summer,Wed,21.48
ORD304782,18.0,1.0,1,23.3,15.2,Clothing,credit card,yes,Summer,Thu,35.15
ORD301697,68.0,6.4,6,28.7,1.1,Home & Kitchen,upi,yes,Summer,Mon,162.78
ORD302460,31.0,5.4,8,21.7,6.2,Toys,upi,yes,Summer,Sat,103.24
ORD302217,35.0,10.1,11,9.6,6.6,Sports,upi,yes,Winter,Wed,151.88
ORD303087,38.0,10.5,7,9.7,1.8,Books,upi,yes,Monsoon,Thu,84.88
ORD303256,37.0,10.3,2,30.3,18.7,Toys,credit card,no,Spring,Sat,27.05
ORD304232,57.0,4.0,5,38.7,0.7,Clothing,credit card,yes,Monsoon,Sat,53.37
ORD301582,62.0,11.4,5,38.3,31.5,Toys,credit card,no,Spring,Fri,58.5
ORD300803,32.0,5.0,12,0.2,4.7,Sports,upi,no,Spring,Fri,144.94
ORD301226,27.0,4.9,5,7.3,34.0,Clothing,credit card,no,Winter,Tue,49.52
ORD301203,33.0,9.5,11,34.0,20.2,Clothing,credit card,no,Spring,Tue,46.14
ORD303219,19.0,4.8,5,3.6,10.055118434603502,Beauty,credit card,no,Monsoon,Sat,28.86
ORD303218,58.0,9.0,10,35.0,17.3,Electronics,upi,no,Monsoon,Tue,310.01
ORD302741,49.0,11.2,1,29.1,1.6,Clothing,credit card,no,Winter,Tue,53.5
ORD304946,28.0,2.5,5,11.9,47.5,Electronics,upi,yes,Winter,Thu,330.42
ORD304989,57.0,10.2,13,32.6,3.4,Electronics,credit card,no,Winter,Wed,426.55
ORD300401,48.0,5.1,5,20.5,2.2,Home & Kitchen,credit card,no,Summer,Tue,104.97
ORD302796,40.0,1.7,6,2.0,19.3,Electronics,upi,no,Spring,Sat,351.76
ORD303931,37.0,6.9,13,8.1,3.5,Sports,upi,no,Winter,Wed,167.44
ORD301267,47.0,4.4,14,35.2,6.1,Sports,upi,yes,Spring,Tue,98.79
ORD300805,47.0,5.3,1,29.3,4.7,Clothing,debit card,no,Spring,Wed,33.23
ORD301443,55.0,6.6,10,10.1,10.6,Home & Kitchen,credit card,no,Spring,Fri,175.96
ORD300959,58.0,6.5,6,19.4,7.7,Books,credit card,yes,Winter,Wed,70.55
ORD304987,19.0,8.0,14,20.1,7.7,Toys,upi,no,Winter,Wed,81.65
ORD300185,40.0,11.9,8,4.3,7.8,Clothing,credit card,no,Monsoon,Fri,77.33
ORD303802,66.0,3.8,14,39.1,14.4,Home & Kitchen,upi,yes,Summer,Fri,157.71
ORD302085,23.0,6.2,14,8.4,17.9,Clothing,credit card,no,Monsoon,Mon,127.1
ORD300096,54.0,10.0,8,35.6,18.1,Books,credit card,no,Spring,Sun,37.38
ORD302794,66.0,6.5,6,29.5,23.4,Home & Kitchen,debit card,yes,Winter,Sun,115.4
ORD304781,64.0,10.3,14,29.7,22.2,Beauty,credit card,yes,Winter,Mon,51.43
ORD302119,49.0,3.5,12,37.2,10.055118434603502,Beauty,credit card,yes,Spring,Tue,86.2
ORD302547,50.0,9.7,13,12.7,11.4,Clothing,debit card,no,Spring,Thu,141.1
ORD300669,65.0,9.4,13,32.7,0.9,Home & Kitchen,upi,no,Monsoon,Fri,174.65
ORD301752,57.0,5.8,8,31.3,9.8,Clothing,debit card,no,Summer,Fri,90.57
ORD304901,18.0,8.2,10,25.7,18.2,Toys,credit card,yes,Monsoon,Thu,68.21
ORD302553,34.0,4.4,14,7.4,0.0,Clothing,debit card,no,Spring,Sun,138.63
ORD303002,36.0,11.7,12,14.1,0.3,Books,upi,no,Spring,Thu,59.57
ORD301659,43.26208443809912,1.5,1,7.9,9.5,Electronics,upi,no,Summer,Fri,218.9
ORD304990,58.0,10.3,9,27.4,8.8,Electronics,upi,no,Monsoon,Tue,350.73
ORD302928,37.0,5.8,11,28.2,9.3,Electronics,debit card,no,Winter,Mon,337.21
ORD304919,18.0,6.7,1,21.0,35.7,Sports,wallet,yes,Spring,Thu,135.9
ORD303324,62.0,3.7,1,34.8,43.6,Clothing,wallet,yes,Spring,Mon,48.62
ORD301377,47.0,6.6,1,22.1,3.6,Beauty,credit card,no,Winter,Sat,66.11
ORD303114,25.0,11.4,5,39.6,10.7,Clothing,wallet,no,Spring,Sat,101.0
ORD304482,40.0,6.9,5,10.8,2.4,Beauty,credit card,yes,Winter,Mon,95.93
ORD304569,19.0,1.1,12,12.3,3.8,Toys,wallet,no,Winter,Mon,62.34
ORD304296,46.0,11.0,12,5.9,6.1,Clothing,credit card,no,Winter,Sun,117.1
ORD303567,25.0,5.8,13,9.2,10.055118434603502,Clothing,debit card,yes,Spring,Wed,134.67
ORD304638,59.0,8.4,4,30.4,12.7,Home & Kitchen,debit card,no,Monsoon,Fri,101.15
ORD302656,36.0,8.2,9,4.3,20.6,Books,wallet,no,Spring,Thu,54.54
ORD302736,27.0,2.5,4,19.4,12.7,Home & Kitchen,debit card,no,Spring,Fri,93.18
ORD304675,46.0,10.8,2,9.3,19.6,Electronics,debit card,yes,Summer,Sat,286.05
ORD300943,32.0,11.2,11,36.1,17.2,Toys,credit card,no,Summer,Wed,83.24
ORD304599,20.0,10.6,4,20.5,12.7,Electronics,upi,no,Summer,Sat,294.06
ORD302608,59.0,10.7,11,19.5,11.4,Clothing,upi,no,Summer,Tue,92.24
ORD300241,55.0,4.9,14,16.2,7.2,Books,upi,yes,Summer,Wed,56.77
ORD301789,54.0,10.5,10,23.8,13.8,Sports,wallet,no,Spring,Sun,135.42
ORD301926,22.0,6.9,4,4.7,9.4,Clothing,wallet,no,Monsoon,Wed,71.03
ORD300526,18.0,0.5,7,26.2,10.9,Sports,wallet,no,Monsoon,Wed,75.0
ORD304915,52.0,7.6,10,4.2,5.6,Electronics,credit card,yes,Winter,Wed,486.38
ORD302567,44.0,2.9,8,34.3,19.3,Sports,upi,no,Summer,Thu,80.29
ORD302586,34.0,5.5,9,17.0,10.3,Electronics,debit card,no,Winter,Sat,395.87
ORD302252,69.0,0.6,12,31.5,13.8,Sports,credit card,no,Summer,Mon,65.17
ORD304128,69.0,5.7,14,22.4,0.8,Electronics,upi,no,Summer,Thu,468.59
ORD302136,27.0,6.9,3,6.4,11.4,Sports,wallet,no,Spring,Fri,82.91
ORD303345,38.0,8.5,12,2.0,8.8,Beauty,upi,no,Monsoon,Sun,79.27
ORD300429,31.0,10.7,3,20.3,14.9,Clothing,wallet,yes,Monsoon,Mon,113.97
ORD304960,27.0,4.7,5,8.1,6.3,Books,credit card,yes,Summer,Sun,80.85
ORD302066,44.0,1.8,4,32.5,2.2,Home & Kitchen,wallet,no,Monsoon,Fri,80.59
ORD302325,41.0,3.4,5,20.2,5.4,Electronics,debit card,no,Spring,Tue,267.33
ORD304124,34.0,5.3,2,4.1,2.9,Beauty,debit card,no,Summer,Thu,44.21
ORD304197,27.0,2.3,5,26.9,18.0,Clothing,debit card,yes,Winter,Wed,72.26
ORD301478,53.0,11.8,13,36.1,18.8,Home & Kitchen,credit card,no,Summer,Tue,150.32
ORD300338,49.0,5.0,12,28.9,13.5,Electronics,credit card,yes,Winter,Thu,380.38
ORD302074,64.0,11.7,2,4.3,3.1,Toys,debit card,no,Spring,Tue,75.87
ORD302011,36.0,8.3,6,5.8,5.0,Electronics,credit card,no,Winter,Mon,371.73
ORD300253,30.0,6.4,4,25.3,21.8,Beauty,debit card,yes,Summer,Sat,63.89
ORD300320,55.0,0.6,12,26.0,13.8,Beauty,wallet,yes,Spring,Sat,63.28
ORD302048,46.0,0.4,8,3.4,0.5,Sports,credit card,yes,Spring,Sat,115.01
ORD300946,55.0,1.8,1,38.7,3.8,Sports,wallet,yes,Summer,Sun,63.51
ORD302554,60.0,1.7,14,24.6,7.9,Home & Kitchen,wallet,no,Spring,Mon,139.39
ORD301084,65.0,11.4,1,19.2,12.8,Sports,credit card,yes,Winter,Sun,124.83
ORD301191,55.0,4.1,9,22.9,7.3,Clothing,wallet,yes,Monsoon,Thu,102.44
ORD300620,58.0,7.8,1,1.5,2.7,Electronics,credit card,yes,Spring,Tue,256.94
ORD302098,64.0,0.3,9,23.7,2.0,Electronics,credit card,yes,Monsoon,Fri,345.24
ORD300750,45.0,7.3,6,31.5,5.4,Electronics,credit card,no,Spring,Tue,298.49
ORD303976,63.0,2.1,9,2.1,9.0,Toys,upi,no,Monsoon,Thu,82.57
ORD303922,18.0,8.1,2,22.8,22.8,Beauty,credit card,no,Monsoon,Tue,45.34
ORD301864,60.0,4.9,13,7.0,1.0,Clothing,debit card,yes,Monsoon,Thu,128.73
ORD301958,22.0,5.2,12,4.7,2.3,Home & Kitchen,upi,yes,Spring,Fri,198.96
ORD303019,53.0,2.6,8,24.0,5.0,Clothing,wallet,no,Monsoon,Mon,43.8
ORD302599,64.0,7.6,5,0.4,10.055118434603502,Clothing,debit card,yes,Spring,Tue,74.44
ORD301777,59.0,3.3,3,13.5,10.5,Toys,credit card,yes,Monsoon,Mon,71.54
ORD300577,67.0,2.7,13,28.0,81.3,Sports,wallet,no,Summer,Mon,108.78
ORD301667,43.26208443809912,8.4,10,26.7,10.055118434603502,Clothing,credit card,no,Monsoon,Sun,78.32
ORD301395,42.0,2.0,10,0.2,0.4,Clothing,debit card,no,Winter,Mon,103.15
ORD302183,22.0,8.0,2,24.2,40.5,Clothing,credit card,yes,Spring,Sat,75.97
ORD301805,43.26208443809912,5.1,12,20.299269776876265,14.1,Clothing,credit card,no,Spring,Thu,88.36
ORD304391,37.0,3.3,3,13.3,0.5,Beauty,upi,yes,Spring,Fri,58.78
ORD300270,58.0,11.8,11,8.0,4.0,Clothing,debit card,yes,Summer,Wed,125.72
ORD300170,52.0,10.6,1,4.4,2.1,Beauty,upi,no,Winter,Tue,41.47
ORD302041,26.0,3.9,8,14.0,3.3,Clothing,upi,no,Winter,Mon,95.16
ORD304087,47.0,6.5,13,5.4,1.1,Toys,credit card,yes,Monsoon,Tue,100.15
ORD303750,18.0,8.4,11,22.1,1.7,Clothing,upi,no,Spring,Thu,111.56
ORD301815,32.0,10.5,3,2.1,7.9,Beauty,credit card,yes,Winter,Sat,79.62
ORD303632,69.0,0.6,1,18.8,15.5,Clothing,credit card,no,Summer,Tue,46.35
ORD302565,27.0,5.3,13,9.5,6.3,Sports,credit card,no,Summer,Thu,169.2
ORD301496,20.0,4.4,13,0.2,1.8,Home & Kitchen,upi,no,Monsoon,Wed,216.27
ORD301275,27.0,10.6,8,15.9,31.4,Home & Kitchen,wallet,yes,Monsoon,Wed,157.05
ORD304440,46.0,3.1,7,30.1,2.7,Sports,debit card,yes,Spring,Mon,72.66
ORD301786,46.0,6.1,5,22.2,12.0,Sports,upi,no,Monsoon,Sat,95.18
ORD303032,33.0,10.4,4,28.6,19.4,Beauty,wallet,no,Spring,Sat,30.53
ORD303795,43.26208443809912,6.4,14,11.7,13.6,Home & Kitchen,wallet,no,Summer,Fri,220.6
ORD303283,53.0,8.2,9,5.2,0.5,Clothing,debit card,no,Spring,Sat,129.09
ORD304705,56.0,1.2,7,20.299269776876265,5.5,Electronics,credit card,no,Winter,Sun,378.92
ORD302170,20.0,11.2,6,13.2,7.1,Clothing,credit card,no,Winter,Thu,93.42
ORD302301,27.0,8.8,3,10.5,7.3,Beauty,upi,no,Summer,Fri,74.43
ORD303866,53.0,9.6,8,23.9,10.055118434603502,Beauty,credit card,no,Spring,Mon,81.9
ORD302502,68.0,5.933483606557377,6,9.9,2.2,Clothing,upi,no,Winter,Thu,97.13
ORD300295,62.0,4.4,3,32.4,21.8,Sports,wallet,no,Winter,Sun,43.14
ORD301070,18.0,5.933483606557377,1,31.9,0.4,Toys,wallet,no,Spring,Mon,19.09
ORD300053,49.0,8.3,13,32.4,5.5,Electronics,wallet,no,Winter,Fri,401.82
ORD304702,49.0,7.0,3,23.6,15.1,Beauty,debit card,no,Spring,Wed,57.43
ORD304536,37.0,3.5,8,17.3,5.0,Beauty,debit card,yes,Winter,Sun,101.21
ORD304114,31.0,2.1,7,21.0,6.9,Beauty,upi,yes,Monsoon,Mon,55.7
ORD302765,57.0,7.2,12,4.8,10.0,Electronics,wallet,no,Summer,Sat,515.43
ORD302006,51.0,5.933483606557377,4,20.0,0.9,Clothing,credit card,no,Winter,Mon,67.45
ORD300301,64.0,3.4,9,32.4,5.7,Books,upi,no,Spring,Fri,54.74
ORD300365,43.26208443809912,11.7,6,23.7,11.8,Electronics,debit card,yes,Monsoon,Sun,344.54
ORD300102,41.0,2.0,12,15.6,10.3,Sports,debit card,yes,Spring,Mon,154.03
ORD304517,34.0,8.3,7,16.9,9.1,Beauty,debit card,no,Monsoon,Sat,57.93
ORD304940,68.0,1.6,14,28.4,20.3,Sports,credit card,yes,Spring,Fri,110.13
ORD304246,45.0,6.0,3,2.1,5.1,Electronics,credit card,no,Summer,Wed,290.15
ORD302775,69.0,11.6,10,18.9,7.2,Clothing,wallet,no,Winter,Tue,82.91
ORD303757,45.0,9.6,13,39.5,25.5,Toys,credit card,no,Summer,Sat,54.8
ORD302990,35.0,5.1,1,26.7,0.0,Clothing,wallet,yes,Summer,Sat,89.29
ORD301487,18.0,0.5,4,10.1,24.9,Sports,upi,no,Monsoon,Sun,99.4
ORD303052,21.0,4.2,13,24.2,8.5,Sports,credit card,no,Summer,Tue,108.73
ORD300374,20.0,1.7,8,18.9,8.8,Home & Kitchen,upi,yes,Winter,Sun,149.6
ORD301213,51.0,5.933483606557377,9,22.3,12.8,Sports,upi,no,Monsoon,Mon,105.61
ORD300544,19.0,4.8,6,19.2,3.9,Home & Kitchen,credit card,yes,Monsoon,Fri,144.07
ORD301351,43.0,2.7,2,24.3,3.9,Toys,credit card,no,Winter,Tue,24.13
ORD300291,38.0,1.5,3,26.4,11.2,Books,wallet,yes,Spring,Sun,17.23
ORD303371,65.0,3.5,14,10.4,12.7,Home & Kitchen,credit card,no,Winter,Wed,240.35
ORD300389,33.0,2.2,13,15.6,21.7,Books,debit card,no,Winter,Thu,38.29
ORD304420,20.0,1.9,1,10.5,8.6,Books,upi,yes,Spring,Mon,9.25
ORD303380,68.0,9.0,5,10.6,9.0,Clothing,wallet,yes,Summer,Sun,119.24
ORD301870,66.0,9.5,1,32.5,0.2,Books,credit card,no,Winter,Mon,59.22
ORD304670,58.0,0.3,3,4.6,0.4,Clothing,credit card,yes,Summer,Sat,105.93
ORD300247,51.0,7.9,9,24.3,1.2,Clothing,upi,yes,Monsoon,Wed,128.0
ORD302797,43.26208443809912,5.933483606557377,9,0.4,3.5,Clothing,credit card,yes,Monsoon,Mon,142.42
ORD302164,59.0,2.9,12,3.4,0.3,Electronics,credit card,yes,Spring,Tue,512.16
ORD303169,58.0,4.7,7,12.9,6.5,Books,upi,no,Monsoon,Sun,32.37
ORD303624,28.0,7.7,6,19.9,3.8,Beauty,credit card,no,Summer,Tue,99.75
ORD300610,27.0,2.2,8,32.5,7.6,Sports,debit card,yes,Spring,Mon,129.68
ORD300410,46.0,8.0,3,26.9,0.0,Clothing,debit card,no,Winter,Wed,79.56
ORD302005,47.0,11.7,11,2.0,3.5,Electronics,debit card,no,Summer,Wed,522.63
ORD304356,22.0,0.1,9,4.4,0.7,Clothing,debit card,no,Monsoon,Fri,96.13
ORD301894,40.0,10.9,14,38.3,10.055118434603502,Clothing,debit card,no,Winter,Sat,58.96
ORD301184,23.0,9.7,13,38.9,10.055118434603502,Clothing,upi,no,Spring,Wed,93.06
ORD303547,21.0,7.6,14,6.6,11.6,Toys,upi,no,Monsoon,Mon,85.52
ORD300832,47.0,3.9,6,22.4,5.7,Sports,debit card,no,Winter,Tue,94.57
ORD302227,19.0,5.0,12,24.3,16.3,Toys,upi,no,Summer,Mon,31.34
ORD301803,28.0,7.9,14,28.8,4.6,Electronics,debit card,yes,Summer,Sat,459.01
ORD300690,56.0,5.9,3,39.9,0.9,Clothing,upi,no,Spring,Wed,37.83
ORD304147,34.0,11.9,8,7.7,17.3,Electronics,credit card,yes,Monsoon,Thu,438.74
ORD303314,46.0,9.6,2,11.3,11.2,Sports,debit card,yes,Summer,Wed,105.38
ORD303117,64.0,1.3,6,3.4,1.6,Electronics,credit card,no,Monsoon,Thu,378.06
ORD304433,33.0,5.3,2,15.5,18.1,Home & Kitchen,wallet,no,Summer,Fri,82.29
ORD304254,19.0,7.5,11,14.7,21.7,Electronics,debit card,no,Spring,Sun,443.52
ORD301075,22.0,6.5,11,0.7,49.1,Electronics,debit card,no,Summer,Sat,510.81
ORD304203,60.0,10.6,9,13.2,1.6,Books,debit card,no,Summer,Tue,54.81
ORD303319,22.0,4.1,6,38.8,3.2,Clothing,credit card,yes,Monsoon,Sun,89.1
ORD302439,49.0,6.9,13,18.9,11.5,Toys,credit card,no,Summer,Mon,52.92
ORD302111,37.0,6.5,10,15.4,20.7,Clothing,upi,no,Winter,Wed,82.22
ORD300769,25.0,1.1,7,2.1,1.0,Electronics,credit card,no,Winter,Thu,400.58
ORD304937,30.0,6.3,10,7.0,21.1,Beauty,debit card,no,Monsoon,Thu,83.0
ORD303566,51.0,9.9,9,36.3,7.0,Beauty,credit card,no,Winter,Wed,75.44
ORD301946,45.0,7.3,6,14.7,1.5,Electronics,credit card,no,Summer,Fri,337.93
ORD300554,47.0,2.9,2,6.3,22.8,Home & Kitchen,credit card,yes,Monsoon,Wed,101.33
ORD300752,54.0,3.1,1,20.4,3.5,Clothing,credit card,no,Monsoon,Wed,63.07
ORD303941,63.0,5.933483606557377,13,6.9,6.4,Clothing,debit card,no,Summer,Tue,120.09
ORD304228,60.0,8.7,3,8.7,1.7,Beauty,credit card,no,Spring,Sun,79.79
ORD301041,39.0,5.1,2,26.6,3.3,Clothing,credit card,no,Summer,Sat,56.99
ORD304015,48.0,7.2,1,8.6,5.3,Books,debit card,no,Winter,Sat,49.69
ORD304766,62.0,10.1,3,36.1,4.5,Sports,debit card,no,Winter,Thu,84.08
ORD300363,22.0,10.9,4,18.8,4.2,Toys,debit card,no,Monsoon,Thu,72.44
ORD303777,21.0,5.933483606557377,10,26.4,10.055118434603502,Electronics,upi,no,Summer,Thu,353.44
ORD301135,53.0,7.5,14,31.5,12.0,Sports,debit card,no,Monsoon,Fri,142.5
ORD303362,52.0,4.6,2,22.5,3.7,Books,wallet,no,Summer,Wed,5.0
ORD304083,60.0,7.6,10,11.7,10.9,Beauty,debit card,no,Summer,Mon,107.31
ORD300550,63.0,5.1,14,37.4,4.9,Toys,upi,no,Monsoon,Sun,44.53
ORD303073,52.0,6.4,9,1.6,4.5,Books,upi,no,Monsoon,Thu,41.27
ORD302878,31.0,5.933483606557377,1,1.3,6.9,Electronics,wallet,yes,Summer,Thu,268.73
ORD301622,45.0,5.8,7,13.4,3.3,Home & Kitchen,credit card,yes,Spring,Sat,175.13
ORD302520,38.0,6.3,6,15.3,6.9,Sports,upi,no,Monsoon,Sat,82.35
ORD304029,45.0,5.933483606557377,9,4.7,9.6,Home & Kitchen,upi,no,Spring,Wed,194.04
ORD302680,32.0,0.5,9,3.6,12.9,Electronics,upi,yes,Spring,Mon,450.26
ORD304213,43.0,3.2,4,29.6,27.9,Electronics,upi,no,Winter,Tue,202.31
ORD303950,23.0,6.8,1,28.0,2.8,Toys,wallet,no,Winter,Sat,64.43
ORD300842,52.0,3.0,12,17.7,10.7,Sports,credit card,no,Spring,Thu,125.59
ORD302495,45.0,9.5,12,1.6,7.5,Books,credit card,no,Monsoon,Thu,67.5
ORD302068,32.0,5.933483606557377,3,27.1,32.0,Clothing,credit card,yes,Monsoon,Fri,50.44
ORD304016,25.0,11.7,10,9.3,4.0,Clothing,upi,yes,Winter,Wed,123.36
ORD300879,36.0,0.6,13,5.9,1.5,Beauty,wallet,no,Monsoon,Tue,89.11
ORD304550,21.0,10.9,2,31.7,5.8,Clothing,upi,no,Monsoon,Thu,63.81
ORD302790,40.0,9.3,11,20.8,5.2,Clothing,credit card,yes,Winter,Fri,133.65
ORD300863,55.0,4.2,3,38.0,14.2,Electronics,upi,no,Monsoon,Sun,202.28
ORD304298,21.0,11.2,11,24.4,9.4,Clothing,upi,no,Spring,Tue,115.69
ORD303626,39.0,3.4,10,20.299269776876265,2.0,Electronics,upi,yes,Monsoon,Mon,500.16
ORD302402,26.0,9.9,11,26.6,39.7,Sports,upi,no,Spring,Wed,139.93
ORD302059,53.0,3.8,11,3.2,6.8,Home & Kitchen,upi,no,Monsoon,Mon,186.67
ORD302850,46.0,3.1,12,40.0,7.2,Books,upi,no,Spring,Fri,53.67
ORD301911,25.0,11.9,13,39.8,7.7,Home & Kitchen,debit card,no,Spring,Sun,135.03
ORD302787,56.0,6.7,13,24.6,7.6,Home & Kitchen,debit card,no,Summer,Mon,189.89
ORD304139,64.0,1.6,12,18.0,29.0,Electronics,credit card,no,Winter,Sat,444.5
ORD301073,65.0,8.8,4,37.9,3.9,Sports,upi,no,Summer,Fri,95.18
ORD301753,19.0,2.4,10,26.2,34.9,Toys,debit card,yes,Monsoon,Mon,52.97
ORD301159,29.0,5.0,14,38.8,12.3,Sports,debit card,no,Summer,Fri,98.69
ORD300058,31.0,7.8,8,29.0,58.0,Beauty,credit card,no,Spring,Sat,104.19
ORD301326,33.0,6.1,2,30.0,27.0,Home & Kitchen,wallet,no,Winter,Sat,36.9
ORD304302,25.0,4.8,4,8.2,22.2,Beauty,credit card,no,Monsoon,Sun,37.61
ORD302294,39.0,11.3,10,34.3,7.2,Clothing,credit card,yes,Spring,Mon,94.16
ORD303617,56.0,4.3,4,14.8,7.9,Clothing,upi,no,Spring,Sat,81.66
ORD301238,26.0,7.4,13,25.2,21.5,Toys,upi,no,Spring,Sat,72.19
ORD302398,62.0,1.7,1,28.4,7.6,Sports,debit card,yes,Spring,Sun,74.55
ORD300415,55.0,7.1,10,10.8,4.3,Electronics,credit card,no,Winter,Sat,459.52
ORD302529,28.0,2.2,6,5.9,14.5,Beauty,debit card,yes,Spring,Tue,59.58
ORD304435,25.0,8.1,10,23.7,9.6,Home & Kitchen,credit card,yes,Summer,Sat,149.91
ORD303446,31.0,12.0,4,15.1,2.3,Beauty,debit card,no,Spring,Thu,95.57
ORD301513,54.0,8.9,4,36.6,0.9,Home & Kitchen,debit card,no,Spring,Sun,60.0
ORD302196,31.0,10.7,8,29.7,10.055118434603502,Electronics,upi,no,Summer,Tue,327.03
ORD304900,39.0,8.4,13,30.6,5.3,Beauty,debit card,no,Winter,Fri,49.08
ORD302761,43.26208443809912,0.1,14,38.0,2.6,Sports,debit card,no,Winter,Sat,101.67
ORD301068,41.0,5.3,3,22.7,0.0,Clothing,upi,yes,Spring,Mon,90.49
ORD302195,24.0,8.2,5,27.6,4.1,Home & Kitchen,credit card,yes,Winter,Mon,109.13
ORD303914,50.0,3.2,6,14.7,0.7,Books,debit card,no,Monsoon,Thu,42.25
ORD300076,60.0,4.3,5,6.7,43.5,Toys,wallet,no,Spring,Tue,15.35
ORD300516,27.0,7.7,8,23.6,10.6,Beauty,upi,yes,Spring,Sun,108.11
ORD304317,34.0,5.933483606557377,10,29.2,2.6,Sports,upi,yes,Winter,Fri,131.76
ORD301799,35.0,1.2,4,27.3,6.0,Electronics,credit card,no,Monsoon,Fri,225.58
ORD303643,57.0,2.9,2,3.6,0.9,Clothing,wallet,no,Spring,Mon,68.63
ORD304177,29.0,1.5,10,28.4,5.8,Electronics,debit card,no,Winter,Tue,357.1
ORD302500,58.0,0.6,7,33.8,3.3,Clothing,upi,no,Summer,Sat,19.26
ORD304889,33.0,10.6,7,21.3,8.2,Beauty,wallet,yes,Summer,Sun,99.96
ORD304908,55.0,5.1,8,17.5,7.9,Electronics,wallet,yes,Summer,Sat,373.08
ORD300192,19.0,8.0,3,17.6,10.055118434603502,Home & Kitchen,credit card,no,Spring,Wed,102.64
ORD302958,69.0,10.6,5,13.4,2.4,Books,upi,no,Winter,Thu,52.52
ORD301038,32.0,6.1,2,35.4,4.7,Toys,wallet,no,Winter,Sun,10.62
ORD302178,66.0,5.933483606557377,7,8.7,10.055118434603502,Sports,wallet,no,Monsoon,Sat,97.8
ORD301959,37.0,5.5,8,14.6,10.055118434603502,Clothing,credit card,no,Spring,Fri,85.12
ORD304588,51.0,3.8,1,12.9,12.8,Books,upi,no,Winter,Wed,5.0
ORD304163,39.0,10.5,5,1.0,5.3,Books,upi,yes,Spring,Sun,65.93
ORD302505,50.0,3.0,1,36.5,10.055118434603502,Clothing,debit card,no,Monsoon,Mon,42.1
ORD301303,22.0,5.933483606557377,4,7.3,9.2,Clothing,credit card,no,Spring,Thu,71.43
ORD300626,29.0,5.8,11,16.0,4.0,Home & Kitchen,wallet,no,Monsoon,Fri,176.41
ORD304572,43.26208443809912,3.5,9,26.2,5.8,Books,upi,no,Monsoon,Sun,62.94
ORD304129,42.0,6.4,2,4.2,41.1,Sports,wallet,no,Spring,Sun,80.01
ORD301099,41.0,10.6,3,28.4,1.5,Sports,upi,no,Winter,Tue,101.1
ORD304936,33.0,9.6,14,1.0,1.6,Clothing,wallet,yes,Monsoon,Sun,135.52
ORD301908,59.0,8.9,1,36.3,0.6,Clothing,credit card,no,Spring,Wed,84.86
ORD304365,43.0,7.3,8,9.5,6.0,Sports,wallet,no,Summer,Tue,115.38
ORD302717,63.0,3.1,14,13.7,13.4,Clothing,wallet,no,Summer,Fri,79.95
ORD303582,38.0,3.7,6,36.8,11.1,Clothing,credit card,no,Winter,Fri,58.28
ORD301910,31.0,5.6,5,27.6,3.9,Clothing,wallet,no,Spring,Sat,67.9
ORD302198,54.0,1.9,10,23.8,21.3,Home & Kitchen,upi,no,Summer,Tue,168.64
ORD304487,51.0,11.9,11,28.8,35.3,Home & Kitchen,debit card,yes,Monsoon,Thu,181.06
ORD302948,57.0,8.2,11,29.0,4.2,Clothing,debit card,no,Winter,Thu,74.32
ORD304956,41.0,2.1,9,15.6,13.1,Electronics,credit card,no,Winter,Tue,384.6
ORD300309,64.0,9.7,6,15.1,9.3,Electronics,debit card,yes,Summer,Mon,354.73
ORD301412,41.0,7.7,3,25.6,9.3,Electronics,debit card,yes,Summer,Wed,283.62
ORD300775,24.0,7.6,12,31.7,4.8,Home & Kitchen,upi,no,Spring,Sat,138.37
ORD300484,69.0,1.3,11,21.1,4.2,Beauty,debit card,no,Monsoon,Mon,100.83
ORD304655,40.0,11.5,10,27.5,5.4,Sports,upi,no,Monsoon,Sat,113.85
ORD300367,58.0,2.0,10,16.2,6.4,Home & Kitchen,credit card,no,Summer,Thu,91.73
ORD300570,49.0,4.7,7,15.2,10.1,Books,credit card,yes,Summer,Mon,448.92
ORD303091,23.0,2.1,8,36.7,10.5,Electronics,credit card,no,Winter,Mon,276.83
ORD300649,56.0,9.9,5,1.0,10.5,Books,wallet,yes,Summer,Thu,54.38
ORD302917,40.0,9.5,1,16.4,12.6,Clothing,credit card,yes,Winter,Wed,63.9
ORD300441,33.0,2.9,12,35.6,4.6,Home & Kitchen,credit card,no,Monsoon,Sun,154.01
ORD301593,59.0,10.4,13,34.0,7.8,Home & Kitchen,wallet,no,Monsoon,Sat,165.0
ORD302263,21.0,10.5,7,37.3,2.2,Clothing,credit card,no,Winter,Tue,38.79
ORD300896,55.0,5.3,1,29.7,31.2,Books,credit card,no,Monsoon,Thu,16.44
ORD303897,56.0,5.8,12,17.6,5.1,Electronics,upi,yes,Monsoon,Wed,442.93
ORD301541,34.0,5.3,14,25.1,8.3,Books,debit card,yes,Winter,Sun,80.62
ORD301404,19.0,10.9,13,23.7,18.7,Clothing,wallet,no,Winter,Fri,82.89
ORD303522,49.0,11.9,6,12.9,0.9,Electronics,upi,no,Spring,Mon,379.5
ORD302943,63.0,4.3,10,10.6,12.5,Electronics,upi,yes,Summer,Wed,453.59
ORD304265,43.26208443809912,5.6,13,39.9,0.5,Sports,credit card,yes,Winter,Mon,116.85
ORD303812,43.0,3.0,2,19.1,0.0,Beauty,debit card,yes,Summer,Mon,71.29
ORD304983,29.0,11.8,4,11.2,42.6,Clothing,wallet,no,Summer,Fri,84.02
ORD302960,42.0,2.4,6,5.6,14.9,Clothing,credit card,no,Monsoon,Fri,75.76
ORD302031,23.0,5.4,4,17.8,4.8,Electronics,debit card,yes,Spring,Sun,288.24
ORD300945,64.0,3.4,11,22.8,59.4,Clothing,upi,yes,Spring,Tue,74.42
ORD301689,63.0,5.5,13,21.9,11.7,Sports,debit card,no,Monsoon,Tue,151.5
ORD304684,36.0,9.8,11,11.0,2.7,Clothing,debit card,yes,Summer,Sun,76.96
ORD300072,66.0,6.5,4,33.2,3.7,Clothing,credit card,no,Winter,Thu,112.39
ORD304218,46.0,4.9,13,25.5,0.0,Clothing,upi,no,Winter,Sun,108.73
ORD304046,35.0,3.8,9,27.9,4.3,Beauty,upi,no,Monsoon,Tue,68.67
ORD300994,48.0,2.0,10,34.8,0.8,Electronics,debit card,yes,Spring,Sun,355.29
ORD300762,24.0,5.7,6,5.6,6.8,Sports,debit card,no,Winter,Sun,118.43
ORD302137,38.0,8.5,7,32.0,7.0,Toys,wallet,no,Spring,Sat,46.92
ORD300173,23.0,11.1,8,37.5,12.0,Home & Kitchen,wallet,no,Summer,Fri,166.5
ORD302065,52.0,5.6,8,2.1,5.6,Electronics,upi,yes,Winter,Mon,437.5
ORD301734,59.0,2.7,10,19.1,6.6,Home & Kitchen,credit card,no,Monsoon,Fri,135.02
ORD304539,27.0,7.2,8,30.2,0.3,Electronics,wallet,yes,Spring,Thu,342.37
ORD304003,53.0,6.4,8,28.0,1.5,Electronics,debit card,yes,Monsoon,Thu,339.58
ORD302511,39.0,11.4,4,28.3,8.0,Sports,credit card,yes,Winter,Sat,97.46
ORD303242,31.0,8.2,1,7.3,4.3,Electronics,wallet,yes,Summer,Mon,262.67
ORD302351,52.0,6.2,12,36.2,14.8,Home & Kitchen,debit card,yes,Summer,Sat,143.1
ORD301775,52.0,4.0,7,14.3,13.0,Beauty,credit card,no,Spring,Wed,69.49
ORD304186,36.0,6.7,3,22.3,11.9,Electronics,upi,no,Winter,Thu,275.23
ORD300838,39.0,9.0,12,2.3,10.7,Books,credit card,no,Spring,Sun,69.9
ORD300864,55.0,0.4,13,34.2,17.9,Electronics,upi,yes,Monsoon,Fri,391.07
ORD303413,26.0,4.3,6,6.8,5.6,Electronics,credit card,no,Summer,Sat,341.2
ORD303688,61.0,10.3,9,8.0,9.0,Home & Kitchen,credit card,no,Summer,Fri,164.54
ORD301903,35.0,7.6,1,19.7,9.5,Beauty,credit card,no,Monsoon,Thu,62.7
ORD300298,56.0,3.5,9,19.4,2.3,Beauty,credit card,no,Winter,Tue,63.39
ORD300371,45.0,0.5,7,0.7,1.3,Sports,upi,yes,Winter,Sun,113.8
ORD301899,59.0,1.9,10,6.4,11.6,Electronics,upi,no,Winter,Sat,410.45
ORD301293,39.0,11.2,10,25.1,2.4,Electronics,credit card,no,Monsoon,Wed,382.7
ORD300266,43.0,7.8,11,20.299269776876265,9.3,Toys,credit card,yes,Monsoon,Wed,122.45
ORD303261,69.0,4.9,5,18.1,1.3,Home & Kitchen,wallet,no,Summer,Mon,121.63
ORD301784,21.0,4.8,6,13.0,11.7,Toys,credit card,no,Summer,Fri,28.45
ORD301029,20.0,5.933483606557377,5,23.6,1.3,Clothing,debit card,yes,Summer,Mon,116.74
ORD300519,61.0,2.7,13,22.3,10.4,Beauty,credit card,no,Summer,Wed,100.44
ORD302705,38.0,4.7,9,24.2,1.0,Clothing,debit card,no,Spring,Mon,91.41
ORD302446,48.0,8.3,12,20.299269776876265,16.9,Home & Kitchen,credit card,no,Summer,Fri,154.03
ORD302754,47.0,10.6,5,16.0,3.6,Clothing,wallet,no,Winter,Sun,79.46
ORD301914,62.0,6.5,3,29.5,7.5,Electronics,upi,no,Monsoon,Tue,221.4
ORD303705,60.0,0.5,4,4.9,6.6,Home & Kitchen,credit card,no,Winter,Thu,95.82
ORD304637,29.0,3.6,11,5.0,5.7,Sports,credit card,no,Spring,Sat,124.13
ORD301609,43.26208443809912,4.7,14,37.9,0.5,Home & Kitchen,credit card,no,Spring,Mon,112.85
ORD303765,35.0,9.4,13,2.9,5.0,Home & Kitchen,upi,no,Monsoon,Mon,220.14
ORD303236,28.0,0.2,11,39.1,0.1,Electronics,credit card,no,Winter,Sun,324.07
ORD300395,62.0,2.5,12,2.2,12.0,Electronics,debit card,no,Summer,Tue,530.21
ORD300094,29.0,3.6,7,28.6,13.3,Clothing,debit card,no,Winter,Thu,65.44
ORD304156,69.0,9.3,11,27.1,1.8,Home & Kitchen,wallet,no,Monsoon,Mon,149.82
ORD303770,44.0,1.1,3,26.5,0.3,Books,credit card,yes,Spring,Wed,5.0
ORD301785,68.0,2.4,3,26.9,13.9,Sports,wallet,no,Spring,Tue,56.94
ORD301983,26.0,0.9,11,11.3,18.3,Home & Kitchen,wallet,yes,Monsoon,Thu,172.65
ORD301936,32.0,10.0,12,10.5,8.5,Home & Kitchen,debit card,no,Summer,Sun,208.27
ORD300901,25.0,2.7,2,0.3,0.5,Sports,debit card,no,Summer,Sat,84.17
ORD303023,28.0,4.6,2,2.8,6.0,Electronics,upi,no,Winter,Fri,271.47
ORD303971,26.0,4.5,6,39.5,9.3,Clothing,upi,no,Summer,Fri,50.91
ORD304416,24.0,7.7,13,19.0,7.6,Sports,debit card,no,Summer,Wed,140.7
ORD303276,40.0,9.5,6,24.3,1.3,Books,upi,no,Monsoon,Thu,48.49
ORD304754,50.0,11.8,12,33.6,10.1,Beauty,credit card,no,Spring,Thu,73.72
ORD303228,18.0,11.9,13,39.0,4.5,Electronics,credit card,yes,Monsoon,Mon,399.21
ORD303386,66.0,6.7,11,12.9,11.3,Sports,wallet,no,Spring,Sun,153.13
ORD303354,55.0,9.2,2,30.2,25.0,Electronics,credit card,no,Monsoon,Sat,210.67
ORD300881,66.0,10.7,13,29.9,3.8,Clothing,wallet,no,Summer,Thu,137.59
ORD301431,28.0,3.3,6,39.6,0.6,Beauty,upi,no,Summer,Wed,46.68
ORD303104,43.26208443809912,6.3,12,8.2,16.5,Clothing,wallet,yes,Summer,Sat,151.14
ORD303055,53.0,0.2,1,1.6,0.6,Electronics,upi,no,Monsoon,Sun,241.87
ORD300112,23.0,11.8,11,0.7,7.3,Electronics,credit card,no,Summer,Sun,529.1
ORD302365,30.0,1.0,13,33.9,1.2,Electronics,credit card,no,Summer,Fri,379.68
ORD301321,43.0,11.5,3,29.5,9.8,Toys,credit card,no,Spring,Wed,80.1
ORD303368,39.0,11.2,12,39.9,12.4,Home & Kitchen,credit card,no,Winter,Fri,150.19
ORD302576,24.0,3.0,6,2.0,8.4,Home & Kitchen,upi,yes,Summer,Tue,135.99
ORD300947,66.0,6.4,3,4.0,6.7,Books,debit card,no,Winter,Fri,61.87
ORD304336,24.0,7.0,7,1.4,5.1,Electronics,credit card,no,Spring,Fri,393.99
ORD301587,55.0,4.6,11,2.8,1.8,Toys,upi,yes,Winter,Mon,130.32
ORD301177,67.0,3.9,6,31.4,16.8,Clothing,debit card,yes,Summer,Sat,85.33
ORD302641,23.0,1.2,13,30.7,14.8,Home & Kitchen,credit card,no,Monsoon,Mon,164.69
ORD303635,68.0,7.3,11,14.2,6.0,Home & Kitchen,credit card,yes,Summer,Thu,211.85
ORD302592,51.0,1.5,7,21.1,2.8,Electronics,debit card,no,Monsoon,Sat,298.15
ORD300630,43.0,2.5,11,33.2,16.4,Books,wallet,yes,Spring,Sat,44.87
ORD303801,59.0,11.2,3,1.4,2.0,Sports,upi,no,Monsoon,Thu,106.2
ORD304099,65.0,8.6,4,27.7,2.2,Electronics,upi,no,Winter,Thu,242.52
ORD303293,56.0,1.2,13,0.1,2.2,Electronics,debit card,no,Winter,Fri,568.21
ORD302683,42.0,7.7,1,31.5,10.3,Clothing,upi,yes,Monsoon,Thu,28.46
ORD301614,56.0,1.6,3,20.299269776876265,10.055118434603502,Clothing,credit card,no,Summer,Fri,72.92
ORD303395,49.0,5.933483606557377,2,27.4,14.5,Clothing,upi,yes,Spring,Sat,19.16
ORD303623,18.0,5.5,6,2.0,0.4,Toys,credit card,no,Winter,Fri,53.56
ORD302156,30.0,5.1,12,11.8,7.8,Electronics,wallet,yes,Monsoon,Wed,506.16
ORD301742,25.0,9.3,6,32.4,10.2,Books,credit card,yes,Summer,Sun,40.01
ORD303589,24.0,6.8,9,25.2,4.8,Beauty,wallet,no,Monsoon,Mon,81.6
ORD303501,39.0,11.4,14,6.6,29.8,Electronics,wallet,yes,Monsoon,Thu,574.07
ORD301877,22.0,7.1,11,38.3,12.6,Clothing,debit card,no,Winter,Tue,97.31
ORD303562,35.0,6.5,1,9.4,0.1,Beauty,debit card,no,Monsoon,Mon,41.03
ORD302089,64.0,2.6,5,22.5,2.5,Beauty,credit card,no,Monsoon,Tue,59.0
ORD304503,28.0,4.5,8,37.4,6.6,Electronics,credit card,yes,Summer,Fri,274.52
ORD302162,29.0,0.2,9,20.299269776876265,5.7,Electronics,upi,no,Summer,Mon,365.53
ORD304971,55.0,2.2,8,10.3,9.0,Toys,upi,no,Winter,Thu,40.56
ORD301923,41.0,6.6,7,6.0,6.2,Beauty,debit card,no,Spring,Tue,59.77
ORD300287,51.0,10.0,5,10.7,0.0,Home & Kitchen,upi,yes,Spring,Mon,173.73
ORD302976,66.0,0.1,14,5.9,0.7,Sports,debit card,no,Monsoon,Sat,165.71
ORD304383,59.0,10.6,12,2.8,12.5,Electronics,wallet,no,Spring,Sun,582.92
ORD303390,20.0,5.2,10,20.5,7.3,Home & Kitchen,wallet,yes,Summer,Tue,180.77
ORD302369,57.0,4.0,10,3.5,6.5,Sports,upi,no,Summer,Sat,117.16
ORD303714,56.0,5.933483606557377,13,21.6,12.6,Electronics,credit card,no,Winter,Sun,448.55
ORD303623,18.0,5.5,6,2.0,0.4,Toys,credit card,no,Winter,Fri,53.56
ORD301109,25.0,9.2,7,4.6,0.1,Clothing,wallet,no,Monsoon,Tue,97.36
ORD301224,46.0,2.8,4,16.1,11.7,Electronics,debit card,no,Summer,Sun,282.61
ORD302986,61.0,10.8,2,14.6,9.7,Clothing,credit card,yes,Monsoon,Thu,68.8
ORD303389,51.0,2.9,3,32.3,10.8,Home & Kitchen,credit card,no,Winter,Sat,71.6
ORD304798,24.0,8.8,2,35.0,2.0,Sports,debit card,yes,Spring,Wed,99.41
ORD300525,62.0,5.1,4,19.0,0.2,Beauty,wallet,no,Summer,Mon,58.68
ORD304635,55.0,5.5,2,16.7,11.5,Clothing,wallet,no,Summer,Sun,32.09
ORD304434,57.0,10.9,11,20.5,12.6,Books,debit card,yes,Monsoon,Mon,98.58
ORD303774,43.0,5.933483606557377,11,14.1,7.2,Beauty,debit card,no,Spring,Fri,106.5
ORD300506,49.0,0.9,3,2.6,6.7,Sports,credit card,no,Winter,Fri,47.62
ORD304942,46.0,3.5,6,6.0,1.4,Clothing,upi,yes,Winter,Thu,109.18
ORD302062,30.0,5.4,1,34.2,9.2,Home & Kitchen,upi,yes,Summer,Wed,83.14
ORD301223,18.0,0.9,11,1.3,0.5,Clothing,debit card,yes,Monsoon,Fri,119.98
ORD302444,23.0,3.6,9,17.4,11.5,Home & Kitchen,upi,yes,Monsoon,Tue,169.89
ORD303449,20.0,2.2,1,0.3,5.2,Electronics,credit card,yes,Winter,Thu,261.08
ORD302841,24.0,0.9,13,6.8,7.8,Sports,debit card,no,Summer,Sat,1678.1999999999998
ORD301695,49.0,9.4,13,17.5,8.0,Books,upi,no,Summer,Fri,63.39
ORD301449,42.0,5.933483606557377,3,30.2,1.4,Sports,debit card,no,Monsoon,Mon,54.57
ORD301626,66.0,8.0,13,21.3,5.7,Electronics,credit card,no,Spring,Sun,456.94
ORD301264,65.0,8.0,13,15.6,9.0,Toys,credit card,yes,Spring,Mon,112.76
ORD304461,49.0,1.1,8,13.1,7.4,Books,credit card,no,Monsoon,Fri,31.97
ORD300877,63.0,8.7,10,21.0,10.3,Toys,upi,no,Summer,Mon,99.68
ORD303504,22.0,3.9,4,33.6,1.2,Toys,upi,no,Spring,Mon,66.28
ORD303856,59.0,2.3,12,23.8,13.3,Sports,credit card,no,Winter,Tue,71.59
ORD300013,66.0,10.4,2,20.299269776876265,0.5,Toys,upi,no,Winter,Tue,59.55
ORD300481,38.0,2.3,12,23.1,2.5,Electronics,credit card,no,Winter,Fri,416.9
ORD303194,49.0,4.8,10,13.0,4.8,Toys,upi,yes,Summer,Wed,87.81
ORD304235,50.0,11.6,8,36.6,4.2,Clothing,debit card,yes,Spring,Tue,66.51
ORD304521,43.26208443809912,2.5,9,5.6,1.4,Clothing,credit card,no,Monsoon,Tue,98.6
ORD302424,57.0,3.7,1,14.8,26.9,Beauty,upi,no,Winter,Sat,42.26
ORD304403,26.0,7.2,3,1.6,10.055118434603502,Home & Kitchen,wallet,no,Summer,Sat,110.34
ORD303284,66.0,2.9,5,16.4,8.9,Beauty,upi,no,Spring,Fri,56.86
ORD304630,34.0,7.1,10,8.0,0.2,Books,wallet,yes,Monsoon,Tue,75.57
ORD300857,48.0,8.4,14,19.6,30.6,Electronics,credit card,yes,Monsoon,Thu,483.84
ORD302551,69.0,5.5,9,31.8,7.5,Beauty,credit card,no,Summer,Thu,35.05
ORD300046,45.0,7.2,10,30.4,3.6,Toys,credit card,no,Summer,Sun,17.16
ORD302314,27.0,10.5,2,25.6,0.0,Beauty,debit card,no,Spring,Thu,44.1
ORD303507,28.0,3.8,5,39.6,31.3,Toys,upi,yes,Summer,Thu,66.46
ORD302385,59.0,4.6,12,5.0,9.1,Beauty,credit card,no,Summer,Tue,78.42
ORD300899,56.0,10.9,9,7.9,48.0,Home & Kitchen,credit card,no,Spring,Sat,197.59
ORD301022,55.0,4.1,6,21.2,14.9,Sports,upi,no,Winter,Wed,47.9
ORD300232,69.0,4.1,6,2.1,5.2,Beauty,debit card,no,Summer,Sat,61.65
ORD300941,46.0,7.5,10,9.3,0.1,Home & Kitchen,debit card,yes,Spring,Sat,168.79
ORD304708,53.0,3.7,1,30.8,17.5,Electronics,upi,no,Spring,Mon,187.89
ORD304778,43.0,2.0,10,32.9,0.9,Electronics,debit card,no,Summer,Tue,317.25
ORD304920,42.0,9.1,4,38.8,0.9,Clothing,debit card,no,Monsoon,Sun,62.91
ORD303628,25.0,9.7,2,14.5,9.0,Electronics,upi,no,Monsoon,Mon,242.84
ORD303006,22.0,7.9,13,29.0,7.7,Beauty,debit card,no,Winter,Tue,71.45
ORD303659,40.0,7.3,3,13.1,8.5,Clothing,upi,no,Summer,Sat,104.65
ORD302221,64.0,0.8,6,12.6,23.9,Books,credit card,no,Winter,Tue,39.24
ORD301165,28.0,1.3,9,3.3,1.9,Electronics,debit card,no,Monsoon,Tue,455.71
ORD300204,23.0,5.6,2,29.3,3.8,Clothing,upi,no,Spring,Tue,72.02
ORD304144,67.0,8.1,4,9.2,20.3,Sports,upi,no,Spring,Wed,83.15
ORD304349,51.0,11.1,1,39.3,28.2,Books,upi,no,Summer,Mon,10.32
ORD304488,31.0,4.5,1,10.1,3.2,Electronics,upi,no,Winter,Thu,231.13
ORD301162,36.0,10.5,5,0.9,2.8,Beauty,debit card,no,Monsoon,Sat,97.07
ORD303859,26.0,7.4,1,21.4,5.6,Home & Kitchen,credit card,no,Winter,Wed,105.13
ORD302729,62.0,4.2,9,22.3,10.9,Beauty,debit card,yes,Spring,Wed,104.64
ORD301600,68.0,5.6,4,28.4,19.9,Electronics,upi,yes,Summer,Thu,243.0
ORD300086,62.0,1.7,5,28.0,4.7,Clothing,wallet,no,Monsoon,Wed,81.42
ORD301869,56.0,0.7,4,26.1,4.6,Home & Kitchen,debit card,no,Spring,Mon,111.17
ORD303904,34.0,4.2,7,8.6,7.0,Electronics,credit card,no,Summer,Fri,423.43
ORD303956,26.0,6.1,7,0.8,8.8,Beauty,credit card,no,Winter,Sat,57.62
ORD304362,51.0,4.0,6,20.8,23.7,Beauty,credit card,no,Monsoon,Thu,72.58
ORD300621,35.0,3.3,8,31.8,15.6,Books,credit card,no,Monsoon,Sat,23.78
ORD303481,63.0,8.8,10,9.1,12.4,Sports,wallet,no,Winter,Mon,166.85
ORD302872,34.0,10.0,13,26.1,6.7,Home & Kitchen,credit card,no,Winter,Sat,160.56
ORD304217,62.0,1.4,12,17.6,4.5,Books,wallet,no,Summer,Wed,33.66
ORD300364,38.0,8.2,1,24.7,0.8,Books,credit card,no,Summer,Tue,16.41
ORD302933,25.0,1.8,12,18.8,4.6,Clothing,upi,no,Spring,Thu,108.71
ORD304904,50.0,4.1,7,28.6,5.9,Home & Kitchen,upi,no,Winter,Fri,114.79
ORD301292,25.0,1.8,12,15.3,10.055118434603502,Clothing,credit card,yes,Summer,Tue,109.11
ORD303020,67.0,9.5,10,8.4,1.5,Sports,credit card,yes,Winter,Fri,149.46
ORD302989,47.0,2.9,10,35.4,5.4,Electronics,credit card,no,Monsoon,Fri,330.94
ORD303721,43.26208443809912,5.3,8,12.0,17.4,Clothing,credit card,no,Winter,Sun,80.47
ORD304504,52.0,8.8,1,36.8,8.4,Beauty,debit card,yes,Winter,Thu,37.98
ORD301036,30.0,5.8,5,20.299269776876265,5.1,Electronics,debit card,no,Summer,Sat,284.31
ORD304529,40.0,7.3,6,22.5,0.7,Clothing,credit card,no,Monsoon,Fri,67.61
ORD301653,26.0,6.4,10,36.5,14.6,Electronics,credit card,yes,Spring,Wed,319.07
ORD302869,54.0,2.9,8,18.5,8.7,Books,credit card,yes,Winter,Mon,55.81
ORD304815,38.0,0.5,3,0.2,0.3,Beauty,credit card,yes,Spring,Fri,72.16
ORD302694,65.0,3.6,6,1.3,3.9,Clothing,credit card,no,Winter,Sun,74.42
ORD302942,52.0,8.0,7,26.5,8.0,Electronics,credit card,no,Winter,Sun,304.52
ORD302905,31.0,6.7,2,38.2,7.0,Sports,wallet,no,Winter,Sun,60.75
ORD300220,36.0,3.8,13,29.0,2.7,Electronics,debit card,no,Summer,Mon,400.87
ORD302401,23.0,11.6,13,24.9,0.2,Electronics,credit card,no,Winter,Mon,443.39
ORD304091,25.0,4.1,4,0.0,0.9,Home & Kitchen,upi,no,Summer,Sun,137.36
ORD303952,53.0,10.2,4,37.4,0.3,Clothing,credit card,no,Summer,Tue,65.85
ORD303067,48.0,7.1,12,6.3,0.7,Clothing,upi,no,Monsoon,Mon,125.69
ORD303008,51.0,9.7,4,4.1,8.4,Home & Kitchen,debit card,no,Summer,Thu,163.78
ORD302007,44.0,8.3,3,26.8,4.7,Home & Kitchen,wallet,no,Summer,Fri,69.75
ORD302165,31.0,2.3,7,6.2,10.055118434603502,Books,wallet,yes,Monsoon,Thu,80.53
ORD300039,37.0,4.6,2,4.0,10.055118434603502,Clothing,wallet,yes,Monsoon,Sat,69.11
ORD301192,64.0,1.6,14,38.6,24.5,Electronics,debit card,no,Spring,Thu,338.78
ORD302858,61.0,0.7,8,22.2,0.8,Clothing,upi,no,Winter,Sun,75.0
ORD303492,34.0,9.3,10,6.1,9.5,Electronics,upi,yes,Summer,Tue,450.41
ORD300563,50.0,0.9,7,20.3,2.6,Beauty,credit card,no,Winter,Sat,80.21
ORD303552,38.0,7.1,14,24.9,4.3,Toys,wallet,yes,Monsoon,Wed,106.98
ORD302538,43.26208443809912,7.7,2,39.6,14.6,Home & Kitchen,credit card,no,Summer,Mon,88.23
ORD303995,61.0,7.7,9,38.8,31.3,Books,credit card,yes,Spring,Wed,59.64
ORD303788,67.0,1.0,8,18.5,15.3,Electronics,debit card,no,Spring,Thu,333.36
ORD303622,30.0,7.9,2,3.8,7.0,Clothing,debit card,no,Winter,Tue,49.53
ORD300522,57.0,11.2,13,25.8,17.5,Clothing,debit card,yes,Winter,Tue,116.79
ORD304079,38.0,7.3,14,33.2,5.6,Books,upi,no,Spring,Fri,59.63
ORD303438,39.0,5.9,10,36.5,2.0,Sports,wallet,yes,Monsoon,Sun,118.7
ORD303099,41.0,3.3,8,6.2,6.9,Home & Kitchen,debit card,no,Winter,Fri,169.96
ORD302225,53.0,6.9,4,2.0,10.3,Toys,credit card,no,Summer,Mon,55.6
ORD302259,20.0,1.3,8,7.6,14.2,Electronics,debit card,no,Summer,Mon,396.15
ORD304009,36.0,6.0,1,5.7,1.4,Electronics,upi,no,Spring,Sat,251.58
ORD304980,43.0,5.9,7,21.2,4.1,Books,debit card,no,Monsoon,Tue,38.4
ORD304779,63.0,8.2,10,18.2,0.4,Beauty,credit card,yes,Spring,Tue,71.28
ORD304327,25.0,4.9,3,19.6,1.3,Books,upi,no,Summer,Mon,42.95
ORD302657,29.0,9.7,11,4.2,29.6,Sports,wallet,no,Spring,Fri,162.69
ORD304364,51.0,11.7,7,11.6,39.6,Beauty,credit card,no,Summer,Fri,67.4
ORD303275,63.0,2.9,2,31.6,1.3,Home & Kitchen,credit card,no,Spring,Fri,81.09
ORD302526,40.0,10.5,10,0.8,16.6,Beauty,credit card,yes,Summer,Sun,129.4
ORD303453,66.0,5.933483606557377,9,28.8,1.9,Electronics,upi,no,Monsoon,Fri,305.22
ORD300576,31.0,4.8,3,33.7,6.1,Electronics,credit card,no,Monsoon,Mon,207.53
ORD301650,43.26208443809912,2.8,2,39.2,2.9,Electronics,wallet,yes,Summer,Thu,197.36
ORD303469,57.0,2.4,8,32.6,10.055118434603502,Home & Kitchen,wallet,no,Spring,Tue,111.35
ORD301960,52.0,0.5,11,36.9,12.6,Beauty,debit card,no,Monsoon,Fri,45.36
ORD304763,46.0,6.2,6,4.7,6.6,Books,debit card,no,Winter,Fri,45.01
ORD300551,57.0,7.6,10,17.0,10.7,Electronics,credit card,no,Summer,Tue,434.08
ORD301635,63.0,7.2,7,22.3,20.0,Toys,debit card,no,Winter,Sat,42.76
ORD301274,61.0,10.1,13,31.0,10.0,Clothing,credit card,no,Spring,Wed,90.35
ORD301816,25.0,1.1,4,23.9,9.7,Sports,upi,no,Summer,Sat,75.53
ORD300755,22.0,2.7,9,34.0,8.4,Books,credit card,no,Spring,Sun,5.0
ORD303834,18.0,1.9,13,37.5,11.5,Beauty,debit card,yes,Winter,Sat,45.9
ORD302634,41.0,7.4,5,8.0,8.2,Clothing,wallet,no,Monsoon,Fri,83.89
ORD301327,37.0,4.5,11,4.0,10.055118434603502,Beauty,upi,no,Winter,Mon,62.69
ORD300639,61.0,9.4,10,6.9,2.9,Books,wallet,no,Monsoon,Wed,59.71
ORD304860,62.0,1.7,3,14.3,0.1,Clothing,upi,no,Spring,Sun,32.63
ORD300043,23.0,7.3,5,14.5,1.7,Electronics,debit card,no,Spring,Fri,309.77
ORD300007,23.0,7.1,3,38.1,28.3,Clothing,debit card,no,Spring,Fri,46.26
ORD300480,28.0,1.9,6,34.9,10.055118434603502,Home & Kitchen,credit card,yes,Summer,Sun,105.35
ORD304661,42.0,2.0,9,35.8,24.5,Electronics,upi,no,Winter,Wed,288.03
ORD300471,47.0,4.1,9,20.299269776876265,5.8,Electronics,credit card,no,Summer,Thu,417.31
ORD300421,35.0,11.6,3,11.8,0.2,Books,wallet,no,Spring,Tue,36.38
ORD303840,47.0,1.4,8,20.6,5.5,Beauty,debit card,yes,Winter,Thu,95.85
ORD303785,33.0,5.933483606557377,14,15.4,13.7,Beauty,credit card,no,Summer,Thu,74.34
ORD304192,41.0,8.8,10,27.0,10.4,Electronics,debit card,yes,Winter,Sat,396.7
ORD300654,51.0,5.933483606557377,4,33.5,1.9,Home & Kitchen,debit card,no,Monsoon,Tue,108.2
ORD303280,39.0,8.0,4,32.4,10.9,Sports,wallet,no,Summer,Wed,77.15
ORD304549,62.0,6.4,13,20.299269776876265,6.1,Home & Kitchen,credit card,no,Winter,Sat,175.42
ORD303205,43.26208443809912,9.2,7,20.3,2.2,Clothing,debit card,no,Monsoon,Sat,69.3
ORD300464,67.0,11.9,3,10.0,1.6,Toys,upi,yes,Summer,Sat,80.6
ORD303119,68.0,8.7,11,7.4,11.7,Beauty,upi,yes,Summer,Wed,93.02
ORD301691,44.0,11.0,9,34.8,15.4,Books,upi,no,Summer,Wed,37.19
ORD301033,48.0,11.0,9,37.8,12.2,Books,debit card,yes,Summer,Thu,75.65
ORD300697,31.0,11.3,11,24.0,4.7,Clothing,wallet,yes,Spring,Wed,153.35
ORD302230,56.0,1.4,9,34.2,1.3,Beauty,debit card,no,Spring,Fri,57.61
ORD302049,28.0,7.5,9,10.4,0.2,Beauty,credit card,yes,Winter,Mon,99.78
ORD303340,43.0,11.6,4,26.8,4.4,Electronics,upi,no,Winter,Sat,284.14
ORD300065,58.0,2.3,7,7.3,23.1,Sports,credit card,no,Spring,Fri,121.3
ORD303397,63.0,1.5,11,13.6,1.8,Toys,credit card,no,Summer,Sun,73.82
ORD302969,26.0,8.6,10,37.1,9.3,Beauty,upi,no,Monsoon,Sun,64.62
ORD302480,52.0,9.7,2,31.9,12.4,Clothing,wallet,no,Monsoon,Thu,60.71
ORD301432,20.0,1.1,13,36.5,1.7,Electronics,credit card,no,Monsoon,Thu,334.98
ORD303528,34.0,3.2,12,38.2,16.5,Sports,credit card,no,Winter,Mon,100.58
ORD303491,44.0,1.9,12,37.4,2.2,Toys,debit card,no,Summer,Fri,30.23
ORD304251,31.0,6.7,5,8.7,5.2,Books,credit card,no,Spring,Thu,50.85
ORD302092,48.0,7.1,3,28.9,9.4,Clothing,upi,no,Winter,Sat,68.32
ORD304340,36.0,5.3,1,1.0,34.9,Toys,credit card,no,Winter,Sun,41.39
ORD300995,22.0,2.3,5,26.4,23.2,Sports,debit card,no,Monsoon,Tue,83.52
ORD302371,36.0,5.9,13,36.3,7.4,Clothing,upi,yes,Spring,Fri,122.74
ORD304784,25.0,11.1,12,27.7,10.1,Electronics,credit card,no,Monsoon,Sat,406.04
ORD303464,59.0,0.6,11,6.3,29.0,Toys,upi,yes,Winter,Mon,69.78
ORD304776,66.0,10.1,6,39.2,9.4,Clothing,upi,yes,Monsoon,Wed,87.88
ORD301780,51.0,6.3,6,13.4,10.055118434603502,Books,wallet,no,Summer,Tue,56.55
ORD304648,64.0,10.2,3,10.1,9.8,Home & Kitchen,debit card,yes,Winter,Wed,148.71
ORD302109,21.0,2.8,11,7.4,0.3,Clothing,upi,yes,Spring,Tue,116.09
ORD302972,59.0,1.5,11,12.0,10.4,Sports,wallet,no,Winter,Thu,122.15
ORD303443,53.0,5.7,4,15.0,2.1,Books,credit card,no,Summer,Mon,33.98
ORD300129,31.0,3.7,11,35.3,3.5,Sports,credit card,no,Spring,Sun,114.29
ORD303207,24.0,2.7,10,18.7,6.8,Home & Kitchen,credit card,yes,Winter,Thu,168.66
ORD304610,19.0,2.4,3,1.5,4.9,Home & Kitchen,debit card,no,Monsoon,Sat,138.56
ORD300849,64.0,8.5,3,22.5,1.8,Clothing,credit card,no,Monsoon,Sat,39.8
ORD303118,57.0,8.6,11,6.4,16.4,Books,credit card,no,Spring,Fri,52.67
ORD303329,43.26208443809912,7.1,13,32.9,4.5,Books,wallet,yes,Summer,Fri,976.2
ORD303708,37.0,7.2,13,0.2,30.5,Clothing,credit card,no,Winter,Sun,137.13
ORD303066,69.0,4.9,7,16.0,1.4,Clothing,upi,no,Winter,Sat,65.78
ORD302285,63.0,3.0,8,23.3,54.2,Home & Kitchen,credit card,no,Spring,Wed,99.23
ORD303691,36.0,4.6,9,31.4,1.9,Electronics,debit card,no,Winter,Fri,310.19
ORD303085,67.0,9.7,5,31.8,21.9,Clothing,credit card,no,Spring,Fri,60.51
ORD303263,25.0,10.3,13,9.5,1.6,Beauty,credit card,no,Spring,Wed,123.62
ORD300077,37.0,3.2,12,0.4,11.9,Beauty,credit card,no,Winter,Tue,76.46
ORD304841,60.0,0.2,3,5.7,11.5,Sports,credit card,no,Summer,Mon,34.97
ORD301922,51.0,5.8,2,3.5,1.1,Sports,upi,no,Spring,Fri,110.94
ORD304010,25.0,9.2,2,14.8,0.1,Sports,upi,no,Summer,Tue,127.16
ORD303879,20.0,10.7,7,39.3,7.0,Home & Kitchen,credit card,no,Monsoon,Thu,93.34
ORD302570,44.0,2.3,11,18.3,4.7,Electronics,wallet,no,Spring,Thu,419.98
ORD304868,68.0,6.9,10,39.5,1.1,Clothing,credit card,yes,Winter,Wed,90.27
ORD302102,68.0,8.5,9,23.9,8.7,Home & Kitchen,credit card,no,Monsoon,Tue,165.24
ORD304851,32.0,10.0,5,28.2,4.3,Clothing,debit card,no,Summer,Wed,56.29
ORD304707,29.0,10.9,3,12.2,3.2,Books,credit card,yes,Winter,Tue,87.5
ORD304068,24.0,8.3,1,2.0,2.0,Electronics,credit card,no,Winter,Mon,261.46
ORD304837,43.26208443809912,8.9,2,34.6,14.3,Clothing,credit card,no,Spring,Fri,48.88
ORD301481,19.0,4.6,7,32.6,11.7,Clothing,upi,no,Spring,Tue,60.45
ORD304222,36.0,1.7,8,38.4,12.7,Sports,debit card,no,Spring,Sat,67.42
ORD300382,49.0,9.3,2,1.0,0.5,Clothing,upi,no,Summer,Sat,79.24
ORD303221,60.0,5.0,5,11.0,1.4,Sports,debit card,no,Spring,Wed,103.99
ORD304468,30.0,7.1,6,18.5,13.2,Clothing,credit card,yes,Monsoon,Fri,105.86
ORD304073,18.0,1.8,11,2.7,28.6,Clothing,credit card,no,Monsoon,Mon,110.34
ORD304881,42.0,8.4,8,34.3,10.055118434603502,Beauty,wallet,yes,Summer,Mon,74.79
ORD304410,38.0,5.933483606557377,3,36.5,23.9,Home & Kitchen,upi,yes,Winter,Thu,84.27
ORD300558,63.0,2.1,12,29.0,13.2,Electronics,upi,yes,Winter,Wed,376.47
ORD300835,68.0,8.5,9,33.8,7.4,Clothing,credit card,no,Summer,Thu,82.91
ORD300029,64.0,5.2,8,6.3,1.3,Home & Kitchen,debit card,yes,Spring,Sat,152.11
ORD300463,52.0,2.7,9,32.5,9.5,Clothing,wallet,no,Summer,Wed,89.02
ORD303592,63.0,11.2,12,17.4,32.6,Clothing,credit card,no,Summer,Mon,107.86
ORD300916,46.0,9.3,2,0.5,15.0,Home & Kitchen,credit card,yes,Spring,Thu,113.1
ORD301825,29.0,7.7,13,21.8,20.7,Home & Kitchen,debit card,no,Winter,Fri,163.26
ORD301299,55.0,9.2,7,30.5,7.3,Sports,credit card,yes,Monsoon,Tue,127.22
ORD303698,24.0,6.9,6,20.0,5.5,Electronics,credit card,no,Winter,Sat,319.48
ORD303357,42.0,11.1,5,12.8,2.7,Clothing,credit card,no,Spring,Fri,87.44
ORD304325,32.0,0.8,13,25.3,14.9,Sports,upi,yes,Summer,Tue,119.53
ORD304636,67.0,1.5,10,16.0,14.2,Home & Kitchen,credit card,no,Spring,Mon,145.76
ORD300518,58.0,6.6,7,32.1,1.2,Books,upi,yes,Winter,Tue,32.28
ORD303090,25.0,7.2,4,13.4,6.7,Home & Kitchen,upi,no,Summer,Sat,129.52
ORD304268,39.0,6.2,8,26.1,2.9,Clothing,wallet,no,Winter,Tue,59.19
ORD301872,55.0,9.3,2,1.5,9.6,Clothing,debit card,yes,Winter,Mon,112.87
ORD303175,21.0,3.5,8,19.9,0.3,Beauty,credit card,no,Winter,Mon,80.08
ORD300595,27.0,4.5,14,25.8,6.5,Electronics,credit card,yes,Monsoon,Thu,487.65
ORD300469,65.0,4.3,14,26.0,36.2,Home & Kitchen,upi,yes,Spring,Sat,137.64
ORD303208,56.0,1.2,12,16.0,4.3,Clothing,upi,no,Spring,Sat,94.79
ORD303166,19.0,3.6,13,39.5,11.6,Electronics,debit card,no,Spring,Sat,357.26
ORD303829,41.0,9.5,9,39.2,17.7,Sports,debit card,no,Spring,Sun,889.1999999999999
ORD302415,49.0,7.2,7,10.1,3.1,Home & Kitchen,wallet,no,Monsoon,Sat,179.1
ORD302293,60.0,2.6,14,38.8,15.9,Clothing,credit card,no,Winter,Sun,97.03
ORD303021,51.0,1.4,12,30.4,2.8,Books,debit card,no,Spring,Fri,62.89
ORD301554,63.0,4.2,11,2.1,10.055118434603502,Beauty,upi,no,Summer,Tue,77.7
ORD300097,59.0,11.9,13,35.2,2.0,Beauty,upi,no,Spring,Sat,80.43
ORD303827,42.0,3.2,1,4.5,29.2,Clothing,wallet,no,Monsoon,Tue,45.53
ORD303954,24.0,7.0,5,6.2,9.3,Home & Kitchen,debit card,no,Winter,Tue,98.31
ORD302212,26.0,0.0,4,23.7,11.7,Home & Kitchen,upi,yes,Winter,Tue,114.1
ORD302429,32.0,5.933483606557377,8,35.5,18.5,Home & Kitchen,credit card,no,Monsoon,Wed,139.1
ORD302245,66.0,4.1,11,32.6,8.6,Clothing,upi,yes,Monsoon,Sat,73.77
ORD304358,53.0,5.6,3,23.1,2.5,Books,debit card,yes,Spring,Mon,77.33
ORD302076,23.0,5.5,5,26.7,14.9,Books,upi,no,Summer,Sat,26.72
ORD300447,51.0,7.4,9,38.6,3.3,Clothing,credit card,no,Summer,Sat,79.43
ORD304194,69.0,1.0,7,36.5,5.1,Clothing,credit card,no,Monsoon,Sun,29.62
ORD301733,23.0,2.9,13,22.7,15.1,Clothing,wallet,yes,Winter,Wed,122.81
ORD301897,33.0,8.3,9,36.2,26.8,Beauty,upi,no,Summer,Mon,12.52
ORD301017,50.0,7.0,12,21.5,7.2,Home & Kitchen,credit card,yes,Summer,Sun,178.5
ORD302868,21.0,4.4,11,2.5,8.0,Clothing,debit card,no,Spring,Thu,123.94
ORD300014,47.0,5.8,9,4.1,7.0,Clothing,debit card,no,Spring,Sun,101.55
ORD304000,41.0,11.4,9,37.9,16.7,Clothing,credit card,yes,Winter,Fri,110.85
ORD303756,52.0,5.933483606557377,2,22.5,13.6,Home & Kitchen,credit card,no,Monsoon,Wed,59.35
ORD301215,30.0,2.5,11,11.3,3.6,Beauty,credit card,yes,Winter,Fri,96.87
ORD304719,61.0,8.5,8,4.8,17.5,Electronics,debit card,yes,Winter,Wed,440.13
ORD303642,29.0,6.5,8,21.0,8.9,Sports,upi,no,Winter,Thu,67.74
ORD302130,22.0,5.3,11,7.0,5.3,Clothing,upi,no,Monsoon,Thu,124.38
ORD304628,25.0,6.8,8,31.2,7.3,Sports,upi,no,Monsoon,Fri,89.93
ORD302769,53.0,1.1,3,14.0,9.7,Home & Kitchen,debit card,no,Monsoon,Thu,96.93
ORD304295,64.0,5.5,12,23.6,2.7,Books,debit card,no,Spring,Mon,41.49
ORD303303,40.0,3.4,14,11.2,10.5,Toys,wallet,no,Spring,Mon,78.14
ORD303521,24.0,7.7,2,39.5,4.5,Home & Kitchen,wallet,yes,Summer,Wed,108.93
ORD300286,27.0,11.0,6,35.2,2.8,Electronics,upi,yes,Monsoon,Fri,293.09
ORD304025,29.0,10.8,3,23.0,25.1,Toys,debit card,no,Monsoon,Thu,14.52
ORD302312,63.0,5.2,2,25.3,3.7,Books,debit card,yes,Spring,Sat,57.94
ORD303811,40.0,0.5,4,0.8,7.8,Electronics,upi,no,Winter,Tue,301.83
ORD300779,43.26208443809912,1.0,10,5.3,4.1,Clothing,upi,no,Spring,Wed,121.21
ORD304688,25.0,3.2,2,10.5,8.2,Sports,debit card,no,Summer,Mon,58.33
ORD304739,38.0,3.8,11,26.7,2.9,Sports,credit card,yes,Monsoon,Sat,129.14
ORD302052,59.0,9.7,5,8.9,4.3,Electronics,debit card,no,Monsoon,Sun,349.35
ORD300428,63.0,7.3,2,23.5,7.4,Electronics,upi,no,Winter,Wed,222.03
ORD301951,51.0,7.2,5,22.6,9.0,Sports,credit card,no,Monsoon,Thu,98.48
ORD304973,27.0,1.9,12,35.3,6.9,Clothing,wallet,yes,Summer,Fri,115.69
ORD301467,42.0,6.0,10,13.6,19.1,Electronics,wallet,no,Spring,Thu,435.49
ORD304258,31.0,11.4,11,19.0,1.0,Home & Kitchen,upi,no,Monsoon,Mon,186.55
ORD304817,34.0,0.8,2,33.7,21.3,Books,debit card,no,Monsoon,Fri,45.0
ORD304558,48.0,11.3,14,23.0,7.1,Beauty,credit card,yes,Spring,Fri,119.03
ORD304819,41.0,4.5,6,10.3,9.3,Toys,credit card,yes,Winter,Wed,32.26
ORD300350,21.0,11.2,12,21.2,18.9,Electronics,wallet,no,Winter,Tue,437.66
ORD300165,24.0,7.5,6,14.1,17.4,Sports,wallet,yes,Monsoon,Sun,102.24
ORD303260,61.0,7.9,12,5.6,2.2,Electronics,credit card,no,Summer,Sun,503.19
ORD300660,27.0,0.7,4,25.8,0.7,Sports,wallet,no,Monsoon,Sun,46.18
ORD302295,67.0,0.0,6,17.6,0.2,Sports,upi,no,Winter,Mon,55.36
ORD301339,57.0,5.1,9,2.5,2.7,Beauty,wallet,yes,Winter,Wed,105.38
ORD302947,58.0,11.0,10,39.5,17.2,Beauty,wallet,no,Monsoon,Mon,77.2
ORD304161,22.0,4.3,4,20.2,2.0,Books,upi,yes,Summer,Tue,24.64
ORD302618,43.26208443809912,8.2,1,30.2,0.7,Sports,upi,no,Winter,Mon,103.78
ORD302206,32.0,7.1,13,19.1,47.4,Electronics,credit card,no,Summer,Thu,454.64
ORD300383,65.0,0.8,3,14.8,15.0,Home & Kitchen,credit card,no,Summer,Tue,57.75
ORD303135,28.0,11.4,5,14.0,0.2,Sports,credit card,no,Winter,Sun,135.63
ORD302216,59.0,5.4,12,20.299269776876265,4.5,Books,wallet,no,Summer,Mon,65.97
ORD302188,21.0,5.933483606557377,12,39.0,4.9,Beauty,credit card,no,Winter,Mon,67.9
ORD300465,38.0,10.3,10,4.4,20.0,Clothing,credit card,yes,Winter,Tue,125.18
ORD303997,32.0,9.3,1,3.1,10.7,Books,credit card,no,Summer,Sun,39.0
ORD301132,68.0,10.6,7,15.6,2.3,Sports,debit card,no,Summer,Sun,130.87
ORD300299,30.0,9.5,1,16.5,1.3,Sports,debit card,yes,Monsoon,Wed,91.83
ORD302445,48.0,7.4,3,37.7,18.4,Beauty,credit card,no,Monsoon,Mon,22.18
ORD301615,36.0,10.4,9,36.8,15.1,Books,debit card,no,Monsoon,Tue,53.18
ORD303807,58.0,0.9,3,22.8,16.2,Sports,debit card,no,Monsoon,Thu,73.06
ORD304027,48.0,2.0,11,35.0,11.6,Electronics,credit card,no,Spring,Tue,313.55
ORD303942,29.0,10.4,14,36.1,2.3,Toys,credit card,yes,Spring,Sat,99.32
ORD302317,40.0,1.7,1,34.1,2.9,Sports,credit card,no,Monsoon,Thu,41.69
ORD304453,67.0,7.4,8,19.0,1.0,Books,debit card,yes,Winter,Tue,55.91
ORD303305,18.0,7.8,12,2.2,3.3,Clothing,debit card,no,Summer,Fri,123.65
ORD301937,28.0,9.6,8,38.2,7.2,Clothing,debit card,no,Winter,Sat,92.77
ORD304835,18.0,4.6,6,11.4,5.8,Clothing,credit card,no,Spring,Wed,54.24
ORD304991,21.0,5.7,8,34.6,0.0,Clothing,credit card,no,Monsoon,Thu,68.97
ORD303053,47.0,1.9,4,18.3,7.8,Beauty,upi,no,Monsoon,Sun,46.6
ORD301048,47.0,3.9,3,26.0,5.3,Home & Kitchen,debit card,no,Summer,Fri,90.77
ORD304463,62.0,3.9,3,39.9,28.4,Clothing,credit card,no,Monsoon,Sat,78.49
ORD304150,54.0,5.933483606557377,12,32.6,8.9,Clothing,credit card,no,Monsoon,Wed,134.32
ORD301528,24.0,11.5,10,9.3,7.5,Home & Kitchen,credit card,yes,Spring,Fri,168.44
ORD300052,47.0,9.9,8,30.9,2.2,Clothing,debit card,no,Winter,Fri,54.79
ORD300846,39.0,6.4,14,39.3,9.2,Books,credit card,no,Monsoon,Wed,64.65
ORD300251,31.0,10.5,2,35.4,5.3,Electronics,upi,no,Monsoon,Sat,164.98
ORD303034,24.0,5.933483606557377,14,38.8,2.9,Electronics,wallet,no,Monsoon,Mon,389.11
ORD301027,22.0,0.4,1,38.4,4.6,Clothing,wallet,no,Monsoon,Mon,56.53
ORD301668,54.0,4.4,11,17.2,1.3,Home & Kitchen,upi,yes,Winter,Sun,149.72
ORD300806,39.0,5.6,1,18.5,12.1,Sports,credit card,no,Spring,Sun,71.8
ORD301552,64.0,4.6,14,29.3,3.7,Beauty,credit card,no,Spring,Sun,61.72
ORD300031,62.0,6.3,9,27.9,6.5,Beauty,upi,no,Winter,Tue,90.65
ORD300715,42.0,1.6,2,24.5,2.1,Clothing,upi,no,Winter,Sun,63.43
ORD302384,55.0,0.7,8,9.5,12.7,Clothing,wallet,no,Spring,Wed,67.9
ORD303076,37.0,2.4,10,39.2,1.1,Sports,credit card,no,Spring,Sat,93.78
ORD304783,23.0,7.1,13,3.8,20.7,Home & Kitchen,credit card,no,Winter,Mon,168.64
ORD304838,41.0,9.0,6,3.1,11.5,Clothing,upi,yes,Spring,Sat,100.25
ORD304689,47.0,6.5,9,29.0,1.5,Beauty,upi,no,Summer,Thu,64.13
ORD304167,50.0,11.2,12,38.9,7.9,Toys,credit card,no,Monsoon,Tue,102.96
ORD304797,24.0,8.7,7,19.8,23.0,Clothing,upi,no,Monsoon,Tue,68.86
ORD303247,54.0,4.5,3,26.7,17.7,Electronics,upi,no,Monsoon,Tue,226.89
ORD301044,61.0,8.2,5,36.4,50.7,Beauty,upi,no,Winter,Wed,53.37
ORD302327,20.0,7.1,8,22.7,0.6,Clothing,credit card,yes,Monsoon,Wed,94.79
ORD302020,34.0,4.7,8,2.3,3.9,Electronics,credit card,no,Summer,Sun,423.17
ORD301759,60.0,0.6,11,16.8,4.1,Clothing,wallet,yes,Monsoon,Wed,116.97
ORD302144,27.0,1.0,10,2.5,2.0,Sports,credit card,no,Spring,Tue,133.63
ORD302489,62.0,4.9,2,12.3,3.2,Beauty,credit card,no,Winter,Fri,45.37
ORD302356,30.0,0.0,6,23.8,23.6,Clothing,upi,yes,Summer,Fri,68.29
ORD304422,60.0,8.9,6,29.2,18.0,Home & Kitchen,wallet,no,Spring,Sat,93.94
ORD304470,49.0,6.8,1,22.4,3.9,Toys,credit card,no,Summer,Tue,16.37
ORD303535,19.0,5.9,8,22.5,32.6,Beauty,upi,no,Summer,Tue,41.5
ORD300330,63.0,5.7,14,5.5,2.9,Electronics,credit card,yes,Spring,Tue,581.42
ORD303478,55.0,10.3,3,31.6,12.0,Sports,credit card,no,Summer,Sat,57.75
ORD304534,68.0,11.2,5,13.3,1.5,Toys,debit card,yes,Winter,Wed,81.46
ORD301638,41.0,0.5,14,26.9,1.2,Beauty,credit card,no,Spring,Wed,77.0
ORD301515,54.0,5.5,2,2.8,0.2,Clothing,debit card,yes,Spring,Wed,87.67
ORD300861,31.0,5.1,5,29.3,4.4,Beauty,credit card,yes,Winter,Sun,63.47
ORD302717,63.0,3.1,14,13.7,13.4,Clothing,wallet,no,Summer,Fri,79.95
ORD301198,61.0,10.5,1,20.2,3.8,Beauty,credit card,no,Spring,Sat,62.01
ORD301111,41.0,7.8,11,37.6,4.0,Electronics,upi,no,Spring,Wed,343.76
ORD300327,61.0,3.3,12,19.1,15.3,Sports,credit card,yes,Winter,Tue,141.77
ORD301088,62.0,2.4,2,32.9,4.7,Books,upi,no,Spring,Thu,40.65
ORD304513,52.0,4.3,7,24.0,1.3,Home & Kitchen,debit card,yes,Winter,Sun,163.11
ORD302515,61.0,6.8,7,8.9,0.8,Sports,wallet,yes,Spring,Sun,110.01
ORD300003,27.0,4.1,3,29.9,0.8,Sports,credit card,yes,Summer,Tue,72.06
ORD302642,44.0,10.9,7,37.6,5.0,Sports,debit card,no,Summer,Fri,115.54
ORD301490,27.0,5.933483606557377,2,23.1,14.2,Clothing,credit card,yes,Monsoon,Mon,86.88
ORD302459,29.0,6.1,5,32.5,4.4,Toys,upi,no,Winter,Sun,60.69
ORD304668,41.0,0.0,5,21.9,1.2,Clothing,debit card,no,Monsoon,Fri,62.59
ORD300549,29.0,7.0,11,27.0,4.6,Sports,credit card,no,Monsoon,Tue,115.55
ORD300556,69.0,1.1,11,15.1,30.3,Clothing,debit card,no,Winter,Mon,76.57
ORD302202,42.0,11.2,7,4.1,23.0,Home & Kitchen,credit card,no,Summer,Tue,162.5
ORD302589,39.0,9.3,10,13.8,1.1,Clothing,credit card,no,Summer,Thu,90.92
ORD301485,32.0,9.6,10,2.0,14.2,Clothing,credit card,yes,Monsoon,Wed,166.64
ORD303848,62.0,9.8,13,11.8,8.1,Clothing,upi,yes,Summer,Thu,142.65
ORD300264,56.0,2.0,2,11.3,1.2,Clothing,debit card,yes,Summer,Sun,97.59
ORD304986,56.0,7.4,10,17.5,21.6,Home & Kitchen,credit card,no,Summer,Sat,167.05
ORD301471,37.0,8.8,1,18.5,4.0,Electronics,credit card,no,Summer,Sun,227.86
ORD301234,63.0,7.7,2,4.2,2.8,Beauty,debit card,no,Monsoon,Tue,95.3
ORD301154,21.0,1.4,5,14.0,27.8,Electronics,credit card,yes,Summer,Sun,300.84
ORD301401,37.0,4.1,1,25.5,9.8,Beauty,wallet,no,Monsoon,Sun,31.28
ORD303988,60.0,4.2,12,18.5,35.4,Clothing,debit card,no,Monsoon,Sun,93.86
ORD300918,39.0,8.8,11,33.8,18.3,Sports,wallet,no,Spring,Sun,112.25
ORD304753,55.0,5.933483606557377,1,28.3,2.7,Home & Kitchen,wallet,no,Monsoon,Fri,71.48
ORD301064,29.0,6.1,12,3.1,38.9,Home & Kitchen,credit card,no,Winter,Sat,186.35
ORD302348,69.0,1.9,13,26.8,1.7,Electronics,credit card,yes,Spring,Wed,452.34
ORD304320,25.0,7.4,1,27.6,3.6,Clothing,debit card,no,Winter,Mon,60.31
ORD303893,18.0,8.1,4,33.4,15.7,Books,credit card,no,Summer,Thu,65.03
ORD302601,66.0,7.4,12,9.2,7.2,Sports,debit card,no,Spring,Tue,139.35
ORD301512,53.0,0.2,14,5.9,14.8,Electronics,debit card,no,Summer,Mon,517.48
ORD301821,21.0,1.4,1,5.8,16.5,Home & Kitchen,debit card,no,Monsoon,Fri,104.06
ORD300467,43.26208443809912,5.933483606557377,9,8.8,17.0,Toys,credit card,yes,Winter,Sun,107.31
ORD300344,43.0,3.9,7,33.8,0.5,Toys,debit card,yes,Spring,Wed,30.56
ORD304957,26.0,6.2,7,36.3,17.0,Clothing,upi,no,Winter,Tue,61.44
ORD301492,43.0,6.0,2,32.0,3.5,Clothing,credit card,no,Summer,Thu,47.0
ORD304024,62.0,3.8,6,33.4,9.0,Beauty,upi,no,Spring,Thu,55.18
ORD301417,34.0,5.933483606557377,6,11.5,2.9,Electronics,credit card,no,Summer,Wed,372.22
ORD300607,46.0,8.4,1,16.6,10.4,Home & Kitchen,wallet,no,Spring,Fri,107.15
ORD303383,60.0,6.1,13,35.1,15.6,Beauty,credit card,no,Spring,Tue,69.33
ORD301448,45.0,5.0,5,26.0,7.9,Electronics,credit card,yes,Winter,Tue,298.1
ORD303938,55.0,11.6,2,7.1,8.1,Toys,upi,no,Summer,Thu,59.22
ORD304051,47.0,1.5,2,13.1,0.8,Beauty,wallet,no,Winter,Wed,60.73
ORD301888,52.0,10.2,13,28.5,26.2,Beauty,wallet,no,Spring,Tue,87.17
ORD303837,22.0,11.3,7,4.5,12.0,Clothing,upi,yes,Spring,Mon,129.37
ORD301709,26.0,1.7,13,38.1,10.055118434603502,Books,debit card,no,Winter,Fri,43.09
ORD303346,28.0,11.9,10,24.9,0.1,Clothing,wallet,no,Winter,Sat,142.15
ORD303128,47.0,5.933483606557377,7,35.8,21.0,Clothing,wallet,yes,Winter,Thu,119.21
ORD302487,39.0,6.6,10,23.7,3.4,Home & Kitchen,debit card,yes,Winter,Fri,170.75
ORD302024,47.0,5.933483606557377,7,35.5,0.8,Beauty,debit card,no,Summer,Wed,34.35
ORD303561,65.0,11.3,9,21.5,4.5,Sports,wallet,no,Winter,Sun,115.72
ORD300021,58.0,5.8,7,34.8,27.0,Sports,debit card,yes,Spring,Thu,98.62
ORD304560,47.0,4.7,10,18.2,7.5,Clothing,wallet,no,Winter,Sat,78.68
ORD304149,57.0,1.6,8,23.9,0.7,Home & Kitchen,debit card,no,Spring,Sun,128.63
ORD301079,45.0,7.7,9,31.4,8.6,Sports,wallet,no,Monsoon,Tue,91.88
ORD302428,62.0,0.2,12,9.8,1.3,Home & Kitchen,wallet,no,Winter,Wed,167.57
ORD303445,41.0,9.5,5,18.7,7.0,Toys,debit card,no,Spring,Tue,71.98
ORD303673,28.0,9.7,9,32.2,19.3,Electronics,upi,no,Monsoon,Fri,304.08
ORD302403,34.0,2.7,11,9.2,1.6,Beauty,upi,no,Spring,Wed,71.48
ORD304743,43.26208443809912,5.6,2,2.3,32.7,Electronics,debit card,no,Summer,Sat,280.33
ORD304390,56.0,11.5,3,7.6,14.6,Sports,debit card,no,Monsoon,Thu,97.03
ORD303496,55.0,0.1,9,24.9,10.055118434603502,Clothing,debit card,no,Monsoon,Wed,75.43
ORD302535,57.0,0.4,6,32.1,6.5,Clothing,credit card,no,Monsoon,Sun,37.67
ORD302277,20.0,3.9,13,31.6,4.9,Books,credit card,yes,Monsoon,Mon,49.87
ORD301047,36.0,5.933483606557377,1,18.1,8.9,Books,wallet,yes,Summer,Sun,5.0
ORD304913,43.0,7.7,6,39.7,8.3,Electronics,credit card,no,Monsoon,Wed,250.65
ORD302334,21.0,6.2,14,0.9,5.5,Clothing,upi,no,Spring,Tue,1577.16
ORD303700,33.0,6.6,12,20.299269776876265,17.3,Books,wallet,no,Winter,Sun,24.53
ORD301977,43.26208443809912,9.0,10,1.4,28.0,Clothing,debit card,no,Monsoon,Wed,97.31
ORD303285,26.0,9.0,2,12.9,36.8,Home & Kitchen,credit card,yes,Monsoon,Thu,141.58
ORD300810,36.0,5.3,12,21.2,0.4,Electronics,debit card,no,Monsoon,Tue,455.16
ORD304418,26.0,2.7,6,35.4,12.6,Beauty,wallet,no,Winter,Sun,28.35
ORD302479,40.0,4.3,9,5.4,2.4,Sports,upi,yes,Winter,Thu,114.86
ORD304952,31.0,2.9,1,24.8,14.0,Sports,credit card,no,Spring,Mon,54.28
ORD304282,45.0,9.0,8,7.8,29.8,Beauty,upi,no,Spring,Tue,62.37
ORD302416,36.0,6.5,12,21.6,5.6,Electronics,upi,no,Winter,Mon,434.31
ORD301368,24.0,2.0,11,6.2,20.1,Home & Kitchen,debit card,yes,Summer,Wed,196.79
ORD302668,47.0,2.2,4,3.5,0.8,Clothing,wallet,no,Spring,Wed,60.59
ORD303557,22.0,4.2,12,32.1,20.2,Beauty,upi,no,Summer,Mon,68.21
ORD301520,57.0,6.0,4,38.1,3.6,Clothing,debit card,no,Winter,Sun,38.32
ORD304736,43.26208443809912,5.933483606557377,2,35.4,13.4,Clothing,credit card,no,Summer,Sun,66.3
ORD300936,50.0,7.5,4,30.8,0.8,Clothing,wallet,no,Spring,Sun,51.91
ORD301205,47.0,5.933483606557377,13,15.5,2.4,Clothing,upi,no,Summer,Sun,128.85
ORD301202,25.0,4.6,5,32.0,5.9,Beauty,credit card,yes,Monsoon,Tue,57.86
ORD303142,29.0,0.7,8,22.2,3.8,Clothing,debit card,yes,Spring,Sat,113.83
ORD303187,37.0,7.1,8,5.7,13.3,Toys,debit card,yes,Summer,Sun,79.42
ORD303817,45.0,9.0,5,7.6,10.055118434603502,Sports,wallet,yes,Spring,Thu,127.18
ORD300130,66.0,3.1,14,15.0,5.2,Home & Kitchen,upi,yes,Summer,Fri,210.48
ORD300521,41.0,6.3,5,1.9,0.7,Toys,upi,no,Spring,Sun,34.76
ORD300955,35.0,3.9,10,32.2,4.7,Toys,debit card,no,Spring,Sun,49.38
ORD300913,64.0,0.7,13,32.0,7.3,Electronics,debit card,no,Winter,Fri,356.04
ORD300859,63.0,5.4,10,29.1,2.8,Books,wallet,no,Monsoon,Tue,30.99
ORD302033,64.0,9.1,14,30.7,1.3,Clothing,debit card,yes,Winter,Fri,122.93
ORD301651,26.0,1.1,2,25.7,23.2,Beauty,credit card,yes,Winter,Tue,50.43
ORD301315,51.0,6.5,4,32.1,4.9,Clothing,credit card,no,Spring,Wed,59.95
ORD302399,53.0,5.933483606557377,14,10.9,16.0,Electronics,credit card,yes,Winter,Fri,508.58
ORD302959,53.0,4.6,3,14.4,0.7,Home & Kitchen,upi,no,Summer,Sat,109.58
ORD302175,50.0,9.2,3,27.4,14.8,Home & Kitchen,upi,yes,Summer,Sat,1572.6
ORD301809,69.0,7.5,1,38.6,7.1,Beauty,upi,no,Monsoon,Sat,34.97
ORD302332,32.0,11.5,12,3.5,11.9,Home & Kitchen,credit card,no,Spring,Sat,209.77
ORD304243,41.0,8.4,14,37.5,47.2,Toys,credit card,no,Monsoon,Wed,38.58
ORD303026,59.0,6.9,3,13.0,29.2,Books,debit card,yes,Winter,Sun,30.05
ORD300623,67.0,11.9,4,15.6,6.0,Home & Kitchen,debit card,no,Winter,Sun,123.02
ORD300688,31.0,0.9,12,39.4,10.3,Clothing,upi,no,Monsoon,Thu,56.68
ORD303932,20.0,3.3,1,5.9,8.8,Electronics,upi,no,Monsoon,Sat,243.85
ORD301366,55.0,2.7,5,1.3,4.7,Toys,debit card,no,Winter,Sat,42.28
ORD303043,39.0,9.6,14,12.9,27.9,Toys,credit card,yes,Spring,Fri,89.07
ORD303846,42.0,2.5,4,29.6,17.9,Clothing,credit card,yes,Monsoon,Thu,65.06
ORD303953,35.0,2.9,10,3.3,10.0,Beauty,upi,yes,Winter,Tue,95.33
ORD300610,27.0,2.2,8,32.5,7.6,Sports,debit card,yes,Spring,Mon,129.68
ORD302506,20.0,1.1,10,26.6,0.2,Clothing,debit card,no,Spring,Thu,50.5
ORD304712,61.0,1.5,13,6.2,1.4,Beauty,upi,no,Monsoon,Wed,86.75
ORD304695,29.0,10.7,6,1.5,0.3,Sports,debit card,yes,Spring,Sun,145.52
ORD300462,36.0,11.3,8,5.8,16.4,Clothing,debit card,no,Winter,Tue,115.65
ORD301573,50.0,11.4,12,11.2,3.4,Clothing,credit card,no,Summer,Mon,119.84
ORD300792,49.0,6.9,5,1.5,7.8,Home & Kitchen,upi,no,Monsoon,Mon,126.63
ORD302552,55.0,7.7,3,16.9,33.3,Sports,credit card,yes,Winter,Sun,114.28
ORD300308,43.26208443809912,2.3,10,18.8,11.0,Home & Kitchen,credit card,no,Summer,Thu,148.57
ORD302121,43.0,7.3,9,20.8,24.8,Clothing,credit card,no,Winter,Fri,55.95
ORD302411,69.0,4.1,12,19.5,1.1,Electronics,debit card,no,Spring,Wed,439.21
ORD300579,55.0,7.5,9,5.9,6.5,Electronics,debit card,no,Spring,Sun,473.57
ORD300105,55.0,7.0,6,25.6,7.0,Beauty,credit card,no,Monsoon,Fri,71.72
ORD301705,39.0,1.2,8,8.2,5.1,Electronics,credit card,yes,Winter,Sat,404.83
ORD300999,28.0,10.1,13,18.5,2.1,Electronics,credit card,no,Summer,Mon,484.0
ORD303180,32.0,4.7,2,14.2,9.6,Electronics,debit card,no,Spring,Wed,244.94
ORD302555,34.0,5.5,6,36.3,1.7,Home & Kitchen,wallet,no,Summer,Tue,74.21
ORD301011,29.0,4.3,8,12.2,30.2,Sports,wallet,no,Summer,Wed,135.88
ORD304108,24.0,7.3,5,33.9,7.5,Sports,wallet,yes,Monsoon,Mon,96.01
ORD302994,64.0,0.0,5,20.299269776876265,11.3,Home & Kitchen,debit card,no,Winter,Tue,1144.32
ORD303253,25.0,6.1,6,31.9,0.7,Sports,upi,yes,Monsoon,Tue,115.83
ORD301034,52.0,10.4,5,10.1,2.9,Clothing,wallet,no,Winter,Thu,90.78
ORD304842,35.0,5.933483606557377,6,27.6,14.5,Books,credit card,no,Winter,Sat,5.0
ORD304476,54.0,4.1,9,17.8,0.6,Home & Kitchen,wallet,no,Spring,Thu,137.01
ORD301336,57.0,1.8,14,14.7,2.1,Books,debit card,no,Spring,Fri,69.7
ORD302037,38.0,8.9,2,2.8,7.8,Clothing,credit card,no,Monsoon,Fri,82.69
ORD303907,20.0,9.0,8,34.1,36.8,Clothing,credit card,yes,Summer,Fri,89.66
ORD302381,29.0,7.1,12,37.7,13.1,Beauty,wallet,no,Winter,Sun,70.95
ORD303456,64.0,7.7,3,33.6,4.5,Electronics,credit card,no,Monsoon,Fri,228.55
ORD302859,53.0,6.0,3,12.3,11.5,Clothing,debit card,no,Summer,Mon,58.39
ORD302236,43.26208443809912,8.0,8,23.1,5.3,Books,upi,no,Monsoon,Tue,70.02
ORD303759,68.0,8.8,3,28.0,7.8,Clothing,upi,no,Spring,Sat,55.3
ORD302095,43.0,0.1,2,15.4,23.0,Toys,credit card,yes,Winter,Mon,31.61
ORD300870,48.0,2.3,14,27.2,17.0,Beauty,upi,no,Winter,Fri,39.8
ORD303909,38.0,1.2,6,33.4,0.3,Electronics,credit card,yes,Spring,Wed,271.61
ORD303049,25.0,7.5,5,30.3,27.3,Clothing,debit card,no,Summer,Sat,47.0
ORD304928,67.0,4.8,2,9.7,2.3,Home & Kitchen,upi,no,Winter,Sat,92.84
ORD303350,44.0,3.1,11,37.6,10.7,Home & Kitchen,debit card,no,Winter,Tue,121.28
ORD303323,25.0,7.7,1,1.2,5.4,Electronics,debit card,no,Winter,Fri,248.49
ORD303916,68.0,7.1,4,14.2,2.3,Clothing,upi,no,Monsoon,Sun,60.08
ORD300976,32.0,2.0,14,23.8,27.2,Clothing,credit card,no,Spring,Fri,100.61
ORD302967,64.0,4.8,14,6.8,25.7,Books,upi,no,Winter,Fri,30.63
ORD301707,43.0,4.7,10,27.4,7.2,Sports,debit card,no,Monsoon,Thu,92.86
ORD303744,41.0,8.6,4,21.7,5.7,Home & Kitchen,credit card,no,Spring,Fri,122.15
ORD301818,30.0,11.3,11,0.4,0.1,Beauty,upi,no,Monsoon,Wed,128.77
ORD302910,27.0,6.3,2,20.299269776876265,1.4,Electronics,credit card,yes,Winter,Wed,215.59
ORD301173,56.0,0.7,8,3.3,1.7,Clothing,credit card,yes,Monsoon,Mon,67.7
ORD301340,58.0,5.9,14,18.1,2.4,Home & Kitchen,credit card,yes,Winter,Wed,160.57
ORD303768,22.0,6.9,9,7.3,4.4,Beauty,credit card,no,Winter,Wed,89.85
ORD304933,64.0,7.2,12,9.3,2.1,Home & Kitchen,credit card,no,Summer,Mon,187.11
ORD303650,45.0,2.6,6,0.1,25.0,Books,credit card,no,Monsoon,Sat,18.72
ORD301509,25.0,5.933483606557377,9,7.5,8.0,Home & Kitchen,debit card,no,Spring,Wed,164.59
ORD301929,34.0,3.0,12,25.7,3.7,Toys,upi,yes,Summer,Sat,87.38
ORD300205,47.0,5.4,6,38.9,9.1,Clothing,credit card,yes,Spring,Sun,61.71
ORD304935,26.0,4.2,10,22.6,2.0,Electronics,wallet,no,Winter,Sat,364.55
ORD300353,29.0,7.9,11,10.6,4.9,Clothing,upi,no,Spring,Wed,106.37
ORD303082,47.0,0.5,13,26.0,37.7,Sports,debit card,no,Spring,Wed,86.2
ORD304568,18.0,11.8,3,32.1,5.4,Electronics,credit card,no,Spring,Fri,238.51
ORD300731,65.0,5.7,1,39.0,1.6,Electronics,debit card,no,Monsoon,Mon,161.51
ORD301445,52.0,8.2,7,13.0,1.3,Books,credit card,no,Winter,Tue,54.49
ORD300702,43.0,10.5,9,11.2,1.8,Toys,credit card,yes,Winter,Mon,126.13
ORD302726,68.0,5.933483606557377,14,18.5,4.7,Clothing,wallet,yes,Monsoon,Fri,144.61
ORD304659,55.0,9.2,7,21.5,15.1,Beauty,upi,no,Monsoon,Thu,100.18
ORD302662,37.0,10.7,5,31.3,3.3,Home & Kitchen,debit card,no,Monsoon,Mon,101.55
ORD300160,33.0,2.4,12,22.6,10.055118434603502,Sports,credit card,no,Spring,Thu,99.07
ORD304729,55.0,11.3,2,34.7,18.3,Books,upi,no,Summer,Tue,37.05
ORD303631,61.0,2.3,5,20.299269776876265,2.6,Clothing,upi,no,Winter,Fri,85.88
ORD303200,63.0,10.0,3,39.4,8.4,Sports,wallet,no,Summer,Wed,73.16
ORD303510,47.0,2.5,3,6.9,1.5,Sports,wallet,no,Summer,Mon,91.73
ORD303185,26.0,7.6,9,24.3,8.2,Clothing,wallet,no,Monsoon,Fri,51.57
ORD301385,22.0,9.9,13,40.0,7.2,Clothing,credit card,no,Monsoon,Fri,111.58
ORD304347,32.0,8.6,13,33.1,5.6,Electronics,debit card,no,Monsoon,Fri,397.74
ORD300501,37.0,7.1,9,8.3,9.5,Electronics,wallet,no,Summer,Sat,421.03
ORD304387,67.0,11.9,9,14.1,23.5,Clothing,upi,no,Summer,Sun,110.04
ORD304360,61.0,10.1,10,36.5,5.4,Home & Kitchen,debit card,no,Winter,Sun,141.17
ORD302104,58.0,9.9,1,31.6,10.5,Toys,credit card,no,Spring,Fri,59.11
ORD304581,63.0,11.9,5,22.7,2.3,Toys,credit card,no,Summer,Thu,20.52
ORD302233,24.0,10.6,4,9.4,29.3,Home & Kitchen,upi,no,Spring,Sat,139.81
ORD304206,50.0,10.6,2,24.4,0.4,Sports,credit card,no,Monsoon,Sat,122.26
ORD303412,23.0,6.4,5,13.4,4.7,Books,wallet,no,Summer,Sun,70.69
ORD302665,32.0,11.4,9,21.0,0.4,Toys,upi,no,Spring,Wed,73.73
ORD301007,39.0,2.8,7,32.0,4.8,Electronics,upi,yes,Summer,Sun,3887.76
ORD304054,58.0,4.7,1,15.7,3.7,Sports,upi,no,Monsoon,Mon,47.57
ORD304764,33.0,3.6,8,38.6,9.4,Toys,credit card,no,Monsoon,Sat,60.35
ORD303279,45.0,5.5,1,37.9,19.2,Clothing,credit card,no,Winter,Tue,60.32
ORD302171,38.0,3.6,1,9.1,3.2,Home & Kitchen,credit card,yes,Monsoon,Sat,117.88
ORD301890,64.0,2.1,13,21.1,8.6,Home & Kitchen,credit card,yes,Spring,Mon,159.13
ORD301287,65.0,11.7,14,23.7,9.7,Electronics,debit card,no,Winter,Fri,463.31
ORD300368,24.0,9.9,11,27.8,3.3,Beauty,debit card,no,Monsoon,Fri,89.3
ORD303216,58.0,10.2,12,36.1,0.7,Toys,upi,no,Summer,Fri,66.39
ORD303613,52.0,10.0,9,0.9,4.3,Books,debit card,no,Winter,Tue,25.62
ORD301318,20.0,6.5,6,9.8,9.1,Sports,debit card,no,Winter,Fri,90.81
ORD300493,27.0,8.0,1,12.1,14.8,Electronics,credit card,yes,Monsoon,Sat,246.59
ORD301963,57.0,2.6,4,4.3,6.6,Clothing,wallet,no,Monsoon,Thu,82.21
ORD304223,30.0,2.7,5,11.4,14.4,Beauty,wallet,no,Summer,Wed,58.84
ORD304745,55.0,8.4,13,20.2,8.6,Clothing,upi,yes,Monsoon,Mon,121.4
ORD300333,60.0,8.3,14,4.8,2.3,Home & Kitchen,credit card,no,Spring,Wed,218.97
ORD300679,25.0,9.5,14,24.1,1.9,Sports,credit card,no,Summer,Mon,163.54
ORD302836,54.0,5.4,12,2.3,12.8,Home & Kitchen,upi,yes,Monsoon,Sun,176.87
ORD301138,26.0,5.5,1,32.0,11.0,Books,credit card,no,Spring,Wed,5.0
ORD301221,42.0,0.8,7,1.3,2.9,Books,credit card,no,Monsoon,Fri,18.22
ORD303869,22.0,1.7,5,4.0,4.0,Clothing,debit card,yes,Winter,Sun,81.61
ORD302898,61.0,9.4,8,38.1,5.6,Toys,upi,no,Summer,Tue,654.72
ORD300380,33.0,9.8,10,31.5,5.6,Electronics,credit card,no,Monsoon,Mon,364.22
ORD304164,37.0,7.2,14,14.8,10.5,Clothing,wallet,no,Monsoon,Sat,103.84
ORD304520,59.0,6.3,7,26.8,2.0,Books,upi,no,Winter,Wed,59.18
ORD300067,18.0,4.7,10,20.299269776876265,6.7,Electronics,debit card,yes,Monsoon,Mon,458.93
ORD303349,55.0,5.5,14,24.6,6.8,Beauty,credit card,no,Spring,Sat,79.56
ORD303772,43.0,11.9,1,18.3,8.4,Beauty,upi,no,Spring,Sun,70.84
ORD301882,46.0,8.6,9,34.1,0.6,Sports,wallet,no,Spring,Tue,100.81
ORD300477,61.0,5.1,6,3.1,7.7,Electronics,debit card,no,Winter,Mon,361.01
ORD304567,58.0,10.6,4,3.5,9.7,Home & Kitchen,debit card,yes,Winter,Sat,177.51
ORD304909,48.0,7.3,2,13.8,16.4,Beauty,credit card,no,Summer,Mon,65.28
ORD302382,26.0,11.5,12,30.4,10.055118434603502,Electronics,debit card,no,Spring,Sun,414.12
ORD301172,37.0,4.3,4,3.3,5.5,Sports,debit card,no,Winter,Mon,126.85
ORD304818,65.0,7.9,3,1.6,0.8,Beauty,upi,no,Spring,Wed,71.66
ORD302359,57.0,2.8,10,18.2,11.8,Clothing,credit card,yes,Winter,Tue,111.6
ORD300425,49.0,9.3,1,23.4,6.2,Electronics,credit card,no,Spring,Wed,218.37
ORD302255,59.0,4.6,8,19.6,1.8,Clothing,upi,yes,Summer,Fri,90.82
ORD301333,41.0,1.7,14,17.1,8.9,Clothing,upi,no,Summer,Wed,115.31
ORD300199,37.0,8.8,10,31.9,3.2,Beauty,debit card,no,Summer,Sun,53.24
ORD302357,43.26208443809912,1.2,8,15.8,16.9,Sports,wallet,no,Monsoon,Sat,76.13
ORD303356,36.0,2.0,4,31.8,10.0,Clothing,credit card,yes,Spring,Fri,52.77
ORD301938,40.0,10.4,5,17.0,46.6,Electronics,credit card,no,Monsoon,Sat,314.03
ORD304810,54.0,9.9,2,7.3,1.2,Electronics,credit card,yes,Spring,Mon,280.62
ORD300143,31.0,2.1,13,8.5,2.1,Beauty,upi,yes,Spring,Sun,107.46
ORD304931,22.0,4.6,3,20.299269776876265,3.2,Beauty,credit card,no,Spring,Thu,44.03
ORD300249,43.26208443809912,5.4,14,31.9,1.5,Beauty,upi,no,Monsoon,Tue,90.06
ORD304480,35.0,5.2,13,2.2,24.7,Beauty,upi,no,Summer,Sun,114.03
ORD301454,55.0,9.9,2,24.8,10.055118434603502,Clothing,debit card,no,Spring,Sat,99.68
ORD304086,66.0,5.0,1,38.7,1.2,Home & Kitchen,wallet,no,Monsoon,Thu,58.22
ORD300417,60.0,5.0,2,14.1,21.7,Clothing,credit card,no,Summer,Mon,41.33
ORD300911,47.0,2.2,11,13.2,21.0,Clothing,credit card,no,Summer,Thu,102.41
ORD304624,18.0,0.3,3,27.4,12.8,Home & Kitchen,upi,no,Monsoon,Sun,81.12
ORD302596,41.0,9.4,8,21.6,8.7,Beauty,credit card,no,Summer,Fri,38.49
ORD303730,26.0,0.4,4,35.5,12.3,Electronics,upi,yes,Summer,Sat,204.49
ORD303533,30.0,2.4,1,39.5,17.5,Sports,upi,no,Summer,Wed,45.79
ORD302309,42.0,0.9,1,13.2,1.2,Electronics,credit card,no,Winter,Fri,191.95
ORD302112,57.0,5.7,5,12.0,4.8,Beauty,upi,no,Summer,Fri,67.14
ORD304697,41.0,1.2,3,14.2,5.7,Electronics,debit card,no,Winter,Fri,277.35
ORD303499,40.0,1.3,13,30.5,5.5,Clothing,upi,no,Winter,Fri,68.84
ORD303176,59.0,8.3,7,23.2,19.2,Electronics,upi,no,Summer,Fri,355.15
ORD302695,30.0,0.3,13,20.299269776876265,1.1,Clothing,upi,yes,Summer,Mon,85.6
ORD301288,62.0,10.4,1,14.0,4.7,Electronics,credit card,no,Monsoon,Sat,213.58
ORD301655,50.0,9.6,4,28.5,0.1,Clothing,debit card,yes,Monsoon,Sun,99.22
ORD300912,69.0,8.8,8,16.6,18.5,Home & Kitchen,upi,no,Summer,Wed,155.28
ORD303512,50.0,1.2,6,0.7,14.1,Toys,wallet,yes,Winter,Thu,72.08
ORD302131,41.0,6.7,6,39.4,3.7,Sports,upi,yes,Summer,Sun,73.81
ORD300765,24.0,9.7,7,6.8,18.1,Books,credit card,no,Winter,Tue,35.68
ORD304293,47.0,4.2,3,24.0,23.8,Books,credit card,no,Summer,Sat,15.89
ORD300146,57.0,3.2,13,11.9,22.5,Electronics,upi,no,Winter,Mon,506.43
ORD301133,43.26208443809912,1.8,11,29.1,1.5,Sports,wallet,no,Summer,Tue,90.66
ORD302656,36.0,8.2,9,4.3,20.6,Books,wallet,no,Spring,Thu,54.54
ORD300394,60.0,7.6,11,0.9,14.1,Electronics,upi,yes,Winter,Fri,511.21
ORD304397,52.0,5.9,7,14.2,12.3,Clothing,wallet,no,Winter,Sat,82.16
ORD300045,50.0,5.9,4,23.1,1.8,Home & Kitchen,credit card,no,Monsoon,Sun,98.9
ORD303269,43.0,6.6,2,10.7,10.055118434603502,Electronics,wallet,no,Summer,Sun,272.98
ORD303364,25.0,9.7,9,14.9,1.6,Toys,upi,yes,Summer,Sat,86.05
ORD304850,30.0,3.6,11,19.0,10.6,Electronics,upi,yes,Winter,Thu,427.55
ORD300321,56.0,6.0,4,21.9,1.8,Books,credit card,no,Summer,Fri,69.65
ORD302159,60.0,8.5,14,9.1,23.7,Home & Kitchen,debit card,no,Winter,Wed,207.43
ORD304616,49.0,6.7,7,0.7,7.9,Books,debit card,yes,Spring,Fri,80.39
ORD301957,69.0,6.9,5,34.6,4.9,Electronics,credit card,no,Winter,Thu,226.2
ORD304146,30.0,8.9,4,32.8,0.8,Clothing,credit card,yes,Winter,Fri,117.6
ORD302427,36.0,2.1,9,1.7,10.055118434603502,Sports,credit card,yes,Spring,Sat,128.52
ORD303981,19.0,0.1,2,33.6,7.8,Books,debit card,no,Winter,Mon,23.4
ORD302184,29.0,7.0,6,8.5,3.7,Clothing,credit card,no,Winter,Fri,96.99
ORD303513,61.0,0.8,14,34.2,4.5,Beauty,upi,no,Winter,Mon,73.36
ORD302701,68.0,5.5,2,14.6,11.1,Clothing,credit card,no,Spring,Sat,68.53
ORD304037,43.26208443809912,7.3,6,10.0,22.5,Beauty,credit card,no,Spring,Mon,89.32
ORD302071,20.0,8.5,5,15.9,8.9,Clothing,debit card,no,Spring,Thu,97.97
ORD301367,55.0,11.3,9,26.7,14.9,Clothing,credit card,yes,Summer,Sun,120.84
ORD303095,22.0,8.9,8,5.6,52.9,Electronics,upi,yes,Monsoon,Thu,427.45
ORD302364,43.26208443809912,9.1,13,11.6,4.2,Electronics,credit card,no,Summer,Tue,524.2
ORD300930,47.0,2.1,8,11.2,18.0,Beauty,credit card,no,Spring,Sat,74.83
ORD302268,44.0,3.5,3,37.0,4.0,Toys,credit card,no,Spring,Sat,17.24
ORD302975,53.0,11.9,1,11.2,4.7,Electronics,upi,no,Summer,Fri,243.05
ORD303307,21.0,6.5,6,24.4,11.9,Clothing,credit card,no,Spring,Tue,60.62
ORD304040,33.0,7.7,3,4.9,10.0,Clothing,wallet,yes,Summer,Wed,115.65
ORD303141,36.0,8.0,2,20.0,19.2,Toys,debit card,no,Monsoon,Sat,28.87
ORD301945,43.0,3.4,9,22.6,5.7,Books,credit card,no,Monsoon,Sun,35.44
ORD304276,68.0,11.3,8,1.2,36.5,Beauty,wallet,no,Winter,Sun,58.8
ORD302581,53.0,4.4,14,12.7,5.2,Sports,debit card,no,Winter,Sat,176.6
ORD300435,46.0,4.2,4,2.8,15.1,Sports,debit card,no,Spring,Wed,75.91
ORD300606,38.0,11.3,14,13.3,24.1,Toys,credit card,no,Winter,Tue,103.03
ORD300074,66.0,2.5,7,19.3,3.4,Home & Kitchen,credit card,no,Monsoon,Fri,136.13
ORD301764,46.0,9.3,1,30.3,9.7,Home & Kitchen,upi,no,Monsoon,Fri,99.82
ORD303601,21.0,2.8,9,4.6,19.8,Books,upi,yes,Summer,Sat,77.03
ORD303238,28.0,7.0,8,37.0,23.3,Home & Kitchen,wallet,no,Spring,Tue,102.58
ORD301322,24.0,8.6,12,6.5,16.2,Home & Kitchen,debit card,yes,Monsoon,Fri,218.96
ORD301576,43.26208443809912,4.0,1,31.0,10.055118434603502,Beauty,credit card,no,Winter,Thu,15.49
ORD303830,56.0,10.9,5,29.5,10.055118434603502,Sports,credit card,no,Monsoon,Tue,68.62
ORD300113,63.0,0.5,1,36.8,8.9,Electronics,upi,yes,Spring,Sun,203.72
ORD300986,59.0,4.3,10,34.2,51.0,Toys,debit card,no,Spring,Sun,46.04
ORD304611,48.0,3.5,14,18.1,1.2,Books,debit card,yes,Monsoon,Sat,83.29
ORD300747,51.0,2.4,12,22.5,26.8,Home & Kitchen,credit card,yes,Monsoon,Mon,163.49
ORD301863,28.0,10.9,8,13.5,41.6,Clothing,credit card,no,Monsoon,Wed,70.39
ORD300222,27.0,3.7,12,9.9,6.1,Beauty,credit card,yes,Spring,Mon,57.57
ORD302566,46.0,2.9,12,35.1,7.5,Toys,wallet,no,Winter,Sat,42.35
ORD301348,49.0,2.6,7,30.3,9.6,Books,debit card,yes,Winter,Sat,44.68
ORD301502,28.0,1.0,5,22.4,5.3,Clothing,upi,no,Monsoon,Tue,57.07
ORD304185,52.0,2.9,11,20.299269776876265,7.4,Electronics,upi,no,Spring,Tue,386.53
ORD301665,22.0,7.8,2,18.4,9.6,Home & Kitchen,upi,no,Winter,Sat,99.91
ORD304035,32.0,7.4,2,21.1,25.8,Books,upi,no,Monsoon,Fri,44.49
ORD304304,33.0,10.7,12,1.9,0.7,Clothing,credit card,yes,Spring,Thu,152.55
ORD303167,39.0,2.3,9,18.4,0.4,Sports,credit card,no,Summer,Thu,69.33
ORD300035,39.0,4.4,7,19.5,29.3,Home & Kitchen,upi,yes,Summer,Sun,150.43
ORD300830,54.0,11.1,9,31.9,21.4,Electronics,credit card,no,Winter,Sat,320.69
ORD304802,58.0,3.1,12,28.6,16.5,Home & Kitchen,debit card,no,Spring,Mon,136.29
ORD304490,42.0,3.4,1,14.4,0.2,Clothing,credit card,yes,Winter,Tue,44.2
ORD301761,36.0,11.9,6,38.1,14.5,Clothing,upi,no,Summer,Sun,65.15
ORD302863,34.0,7.2,6,20.8,8.1,Sports,upi,yes,Monsoon,Wed,135.91
ORD300347,22.0,0.3,3,20.3,23.1,Toys,upi,no,Summer,Fri,63.78
ORD300167,38.0,5.5,8,21.0,3.9,Home & Kitchen,credit card,no,Winter,Sun,133.84
ORD304714,62.0,6.3,11,36.6,10.055118434603502,Electronics,credit card,no,Winter,Fri,328.95
ORD300116,32.0,2.0,10,11.1,0.1,Books,upi,no,Summer,Mon,32.34
ORD300530,43.26208443809912,5.933483606557377,11,24.0,2.2,Books,debit card,yes,Winter,Fri,42.86
ORD301394,43.0,5.2,2,17.4,5.6,Clothing,credit card,no,Winter,Sun,82.21
ORD302590,69.0,0.4,3,15.0,10.8,Books,credit card,no,Spring,Tue,23.48
ORD302368,43.0,7.4,12,39.6,8.3,Clothing,wallet,no,Summer,Mon,102.88
ORD301028,28.0,8.5,4,25.9,3.1,Clothing,upi,no,Winter,Thu,91.08
ORD301641,62.0,5.5,3,17.2,15.7,Electronics,credit card,no,Summer,Sat,282.98
ORD302521,47.0,1.9,8,35.4,27.2,Books,debit card,no,Spring,Fri,11.56
ORD304057,61.0,0.9,9,22.6,12.2,Home & Kitchen,upi,no,Monsoon,Sun,134.32
ORD303051,59.0,0.2,3,5.9,12.6,Electronics,debit card,no,Monsoon,Mon,261.08
ORD304631,58.0,9.3,1,4.9,6.2,Electronics,credit card,no,Summer,Tue,218.36
ORD304158,43.0,5.5,11,15.8,2.3,Clothing,upi,no,Spring,Fri,102.61
ORD304426,69.0,7.4,11,1.0,12.0,Electronics,debit card,no,Summer,Fri,555.06
ORD304601,19.0,10.1,9,29.0,16.6,Clothing,debit card,yes,Monsoon,Wed,111.78
ORD304253,20.0,4.8,7,30.6,17.4,Toys,credit card,yes,Spring,Tue,78.22
ORD304789,63.0,5.0,14,10.2,1.3,Home & Kitchen,wallet,yes,Spring,Mon,221.28
ORD303204,45.0,9.0,10,25.1,18.5,Sports,credit card,no,Spring,Thu,118.55
ORD304286,29.0,8.5,13,38.5,2.8,Home & Kitchen,upi,no,Monsoon,Sun,175.92
ORD301779,30.0,1.0,6,22.9,8.4,Electronics,credit card,no,Summer,Sat,285.01
ORD301025,36.0,4.4,1,0.1,0.8,Home & Kitchen,wallet,no,Summer,Fri,102.5
ORD304303,20.0,9.6,11,3.4,5.8,Beauty,debit card,yes,Monsoon,Wed,123.46
ORD303854,38.0,8.0,4,17.3,10.1,Sports,upi,no,Summer,Fri,88.2
ORD300081,53.0,5.6,3,0.4,9.8,Books,debit card,no,Spring,Tue,61.88
ORD303581,36.0,5.9,11,29.3,4.0,Clothing,wallet,yes,Monsoon,Sat,80.58
ORD302030,22.0,2.4,9,23.6,10.2,Books,wallet,no,Winter,Sat,42.84
ORD303809,54.0,1.6,7,30.8,4.6,Electronics,wallet,no,Spring,Sun,268.84
ORD303835,43.26208443809912,2.0,9,36.4,10.8,Books,credit card,yes,Monsoon,Mon,39.01
ORD301476,57.0,0.1,10,10.1,5.8,Toys,debit card,no,Summer,Sat,23.26
ORD302716,20.0,6.5,5,4.3,6.5,Home & Kitchen,credit card,no,Monsoon,Wed,136.26
ORD304207,34.0,4.0,5,37.0,27.6,Electronics,debit card,yes,Spring,Sat,261.74
ORD303543,41.0,2.9,10,11.6,0.5,Toys,upi,no,Summer,Fri,88.55
ORD304788,23.0,2.4,9,12.1,0.4,Sports,wallet,no,Spring,Thu,115.76
ORD302673,34.0,0.8,8,31.1,0.5,Clothing,upi,no,Spring,Tue,39.21
ORD301477,44.0,9.9,4,15.3,17.6,Beauty,credit card,no,Summer,Fri,79.55
ORD304126,48.0,9.6,2,25.9,10.2,Clothing,credit card,yes,Monsoon,Sat,70.93
ORD302483,20.0,0.7,2,30.0,8.6,Clothing,credit card,yes,Spring,Sat,20.18
ORD302563,43.0,9.3,7,21.1,0.5,Clothing,credit card,yes,Winter,Thu,113.48
ORD303402,57.0,3.4,13,27.7,10.7,Books,debit card,no,Summer,Sun,46.62
ORD304934,21.0,9.3,9,38.8,0.6,Electronics,credit card,yes,Monsoon,Thu,321.81
ORD302157,43.0,1.4,1,29.0,7.8,Sports,debit card,no,Monsoon,Wed,36.56
ORD301886,64.0,8.7,1,33.8,13.4,Electronics,debit card,no,Summer,Wed,189.92
ORD301956,51.0,4.2,10,26.1,9.4,Clothing,debit card,no,Monsoon,Sun,100.04
ORD301629,58.0,4.4,3,26.0,11.6,Books,debit card,no,Monsoon,Wed,62.99
ORD302698,58.0,7.5,14,25.7,14.2,Clothing,credit card,no,Monsoon,Mon,87.13
ORD304082,30.0,3.0,12,0.0,56.7,Home & Kitchen,wallet,no,Winter,Mon,174.69
ORD300040,40.0,4.5,1,23.2,3.5,Electronics,credit card,no,Summer,Fri,199.5
ORD301704,63.0,1.3,6,26.6,1.1,Home & Kitchen,credit card,yes,Summer,Wed,126.41
ORD302693,33.0,0.4,9,6.9,11.9,Beauty,upi,yes,Monsoon,Mon,91.33
ORD304751,37.0,10.1,7,15.5,20.2,Home & Kitchen,credit card,no,Spring,Fri,144.69
ORD303302,54.0,0.9,7,37.3,24.1,Electronics,upi,no,Spring,Fri,246.45
ORD304411,37.0,6.3,5,3.1,25.3,Clothing,credit card,no,Spring,Mon,102.62
ORD303173,32.0,3.0,3,4.6,2.8,Electronics,debit card,no,Summer,Sun,332.7
ORD303136,24.0,4.2,10,15.0,2.9,Clothing,credit card,no,Monsoon,Sun,105.38
ORD300311,44.0,2.1,1,39.3,1.2,Clothing,upi,no,Winter,Fri,40.51
ORD301631,20.0,9.5,13,16.2,6.3,Electronics,debit card,no,Winter,Sun,458.92
ORD303682,50.0,2.8,9,39.9,10.6,Books,debit card,yes,Winter,Fri,78.44
ORD302067,29.0,6.3,2,21.7,1.7,Clothing,debit card,yes,Monsoon,Tue,49.95
ORD301426,37.0,5.3,9,9.8,8.1,Home & Kitchen,wallet,yes,Winter,Sat,164.78
ORD302002,50.0,1.3,8,23.5,10.4,Clothing,credit card,yes,Summer,Wed,76.8
ORD300357,30.0,0.1,12,31.2,19.7,Sports,debit card,no,Monsoon,Tue,88.38
ORD302408,59.0,7.9,6,37.6,2.2,Electronics,upi,no,Winter,Fri,246.6
ORD301129,60.0,2.6,3,13.1,1.2,Sports,wallet,no,Summer,Sat,95.52
ORD303598,31.0,7.0,11,20.7,9.1,Electronics,wallet,yes,Spring,Thu,411.99
ORD302337,24.0,7.9,3,22.4,13.7,Books,upi,no,Spring,Tue,33.0
ORD301827,44.0,8.5,2,21.6,0.6,Sports,credit card,no,Spring,Fri,71.67
ORD302440,32.0,5.933483606557377,14,29.1,1.1,Electronics,debit card,no,Monsoon,Wed,455.0
ORD300128,35.0,8.6,10,8.8,1.7,Sports,upi,no,Monsoon,Sun,134.47
ORD301009,43.26208443809912,3.2,4,22.6,4.8,Clothing,credit card,yes,Spring,Sun,37.25
ORD301813,30.0,8.9,9,38.9,2.3,Clothing,wallet,yes,Summer,Tue,85.19
ORD303728,64.0,0.8,4,38.5,17.3,Electronics,wallet,yes,Winter,Thu,218.8
ORD300657,54.0,9.2,9,27.2,0.7,Sports,upi,yes,Summer,Mon,139.0
ORD301246,41.0,8.1,8,3.7,0.8,Clothing,credit card,yes,Summer,Tue,134.2
ORD304864,50.0,4.9,2,39.0,38.0,Beauty,debit card,no,Summer,Tue,14.88
ORD302771,54.0,9.6,14,20.299269776876265,3.5,Home & Kitchen,credit card,no,Summer,Sat,185.81
ORD300201,28.0,3.7,1,5.4,10.6,Beauty,debit card,no,Summer,Tue,5.0
ORD303344,36.0,0.9,8,33.0,1.0,Electronics,upi,no,Summer,Fri,301.55
ORD304907,58.0,10.3,3,17.5,3.8,Books,credit card,no,Winter,Tue,52.09
ORD301421,23.0,1.2,3,25.8,7.0,Clothing,credit card,no,Winter,Mon,108.18
ORD301817,41.0,7.7,2,32.2,5.4,Clothing,debit card,no,Monsoon,Sat,19.55
ORD300954,24.0,11.2,2,2.7,0.4,Beauty,debit card,yes,Summer,Fri,75.98
ORD303048,35.0,4.2,7,33.4,10.055118434603502,Home & Kitchen,debit card,yes,Winter,Wed,130.48
ORD302418,38.0,6.2,4,23.6,7.2,Beauty,credit card,yes,Winter,Mon,63.65
ORD303786,33.0,5.8,2,26.4,63.7,Electronics,upi,yes,Monsoon,Sun,195.84
ORD302361,29.0,1.3,1,38.5,21.8,Clothing,credit card,no,Spring,Sat,50.41
ORD303359,60.0,4.7,4,33.1,4.6,Electronics,credit card,no,Monsoon,Sat,223.78
ORD300996,28.0,2.8,9,21.3,1.6,Toys,upi,no,Monsoon,Mon,66.68
ORD300593,43.0,2.1,13,5.4,1.6,Clothing,debit card,no,Spring,Sun,105.65
ORD300970,30.0,5.3,1,7.5,14.5,Books,debit card,no,Monsoon,Wed,20.91
ORD300202,32.0,11.3,14,13.4,29.7,Sports,wallet,yes,Spring,Fri,159.12
ORD304618,55.0,7.8,4,36.3,17.7,Books,credit card,no,Monsoon,Sat,55.91
ORD301974,66.0,9.9,4,38.3,3.3,Electronics,wallet,no,Spring,Sun,219.62
ORD300982,69.0,3.7,8,36.7,0.1,Clothing,credit card,no,Summer,Sat,78.95
ORD304895,50.0,10.3,3,23.6,5.1,Beauty,credit card,no,Winter,Sat,33.71
ORD303318,23.0,1.8,4,20.9,0.4,Books,upi,yes,Winter,Sun,46.05
ORD303951,28.0,2.2,3,4.3,27.6,Sports,credit card,no,Monsoon,Wed,90.29
ORD303741,61.0,11.1,5,1.7,2.3,Beauty,credit card,no,Summer,Fri,72.25
ORD301980,61.0,5.8,7,36.3,4.9,Sports,upi,no,Monsoon,Tue,93.68
ORD302380,63.0,6.3,9,24.9,6.2,Toys,upi,no,Spring,Wed,69.03
ORD302486,50.0,11.5,5,9.9,45.3,Electronics,credit card,no,Spring,Sat,305.52
ORD302374,32.0,9.8,5,34.7,2.7,Home & Kitchen,credit card,no,Monsoon,Mon,80.24
ORD304153,68.0,3.0,6,25.3,5.8,Home & Kitchen,wallet,no,Monsoon,Thu,94.87
ORD304828,31.0,11.7,10,29.0,22.5,Electronics,credit card,no,Spring,Wed,388.06
ORD303097,33.0,8.8,9,26.3,4.9,Toys,credit card,yes,Winter,Mon,123.12
ORD304584,32.0,1.0,6,34.6,19.6,Books,upi,no,Winter,Mon,5.0
ORD303089,67.0,6.9,13,39.5,17.1,Toys,credit card,yes,Monsoon,Tue,71.5
ORD304479,54.0,8.9,14,27.3,8.5,Electronics,debit card,yes,Summer,Sun,486.07
ORD301187,41.0,8.2,9,35.3,2.0,Books,debit card,no,Winter,Thu,80.27
ORD302329,30.0,1.5,3,34.7,6.8,Beauty,upi,no,Summer,Sat,38.32
ORD302342,39.0,1.1,8,25.4,27.3,Beauty,debit card,no,Summer,Sat,49.11
ORD300351,30.0,7.4,9,16.3,1.5,Clothing,upi,yes,Spring,Mon,71.24
ORD303403,62.0,7.6,2,12.4,29.1,Sports,debit card,no,Spring,Tue,96.16
ORD301755,29.0,5.8,11,17.3,6.1,Clothing,wallet,no,Monsoon,Tue,73.28
ORD301595,37.0,6.1,10,34.9,25.1,Electronics,credit card,yes,Spring,Tue,308.54
ORD300042,68.0,3.7,6,26.6,6.3,Clothing,upi,no,Summer,Sat,46.76
ORD304792,35.0,1.4,11,20.1,41.3,Beauty,debit card,no,Monsoon,Tue,38.12
ORD302149,64.0,11.4,10,17.9,3.6,Sports,wallet,no,Winter,Mon,158.85
ORD303347,37.0,10.4,1,37.7,7.8,Home & Kitchen,upi,yes,Summer,Fri,107.6
ORD304580,62.0,7.5,11,33.9,3.6,Electronics,credit card,no,Summer,Sat,344.34
ORD302494,58.0,8.6,4,17.1,9.9,Electronics,upi,yes,Monsoon,Thu,296.61
ORD303718,28.0,6.6,14,9.2,4.0,Home & Kitchen,wallet,no,Summer,Fri,233.43
ORD301273,40.0,5.3,14,4.6,4.2,Electronics,credit card,no,Winter,Mon,562.03
ORD302182,49.0,2.4,4,14.2,30.8,Toys,credit card,no,Winter,Fri,49.06
ORD300574,22.0,8.6,10,15.8,6.0,Books,upi,yes,Summer,Sun,36.74
ORD301920,18.0,2.4,8,36.0,6.2,Beauty,credit card,no,Summer,Wed,64.91
ORD302924,46.0,5.933483606557377,7,11.0,36.0,Books,debit card,no,Winter,Thu,5.0
ORD304690,20.0,6.1,13,28.5,20.2,Sports,credit card,no,Winter,Sun,1722.6
ORD300856,50.0,11.6,9,28.8,8.5,Clothing,wallet,no,Spring,Fri,60.61
ORD302176,19.0,4.7,5,36.4,8.3,Toys,debit card,yes,Monsoon,Mon,78.59
ORD303548,64.0,8.9,3,6.2,0.3,Clothing,credit card,no,Summer,Sun,100.85
ORD302795,18.0,0.6,9,0.3,6.7,Toys,debit card,no,Winter,Sat,63.29
ORD302047,24.0,9.2,7,39.3,4.5,Beauty,debit card,yes,Winter,Sat,112.17
ORD301808,36.0,10.2,6,37.9,5.5,Clothing,upi,no,Summer,Sat,26.5
ORD302620,58.0,0.9,9,17.7,8.0,Home & Kitchen,credit card,no,Spring,Tue,145.12
ORD304609,53.0,3.6,4,15.5,12.4,Beauty,debit card,yes,Summer,Fri,56.93
ORD301898,66.0,8.3,9,2.8,0.4,Clothing,debit card,yes,Winter,Mon,91.4
ORD301846,55.0,5.933483606557377,5,13.4,19.4,Toys,upi,yes,Spring,Fri,81.78
ORD304523,31.0,0.7,14,18.2,31.0,Beauty,credit card,yes,Monsoon,Thu,112.99
ORD300875,27.0,4.9,6,31.0,0.5,Clothing,credit card,yes,Summer,Wed,78.02
ORD300103,60.0,6.4,5,25.6,2.4,Clothing,debit card,yes,Summer,Sat,76.29
ORD303763,43.0,10.4,9,18.8,8.3,Toys,debit card,yes,Monsoon,Wed,101.49
ORD302458,43.26208443809912,3.6,6,17.3,29.1,Clothing,debit card,no,Summer,Sun,59.17
ORD304122,35.0,10.8,9,15.4,32.7,Sports,credit card,no,Winter,Thu,107.75
ORD303226,35.0,10.8,3,14.8,56.1,Home & Kitchen,wallet,no,Spring,Mon,64.67
ORD303409,68.0,7.5,5,31.2,17.3,Electronics,upi,yes,Spring,Mon,290.55
ORD300604,34.0,1.9,3,1.5,10.055118434603502,Home & Kitchen,credit card,no,Monsoon,Mon,77.07
ORD300988,35.0,6.7,5,0.2,6.1,Books,debit card,no,Summer,Sun,49.06
ORD301233,23.0,0.3,7,20.8,2.7,Books,credit card,no,Winter,Thu,10.02
ORD300066,29.0,11.1,3,13.4,8.8,Home & Kitchen,debit card,yes,Winter,Tue,137.22
ORD301433,41.0,7.4,4,5.3,10.055118434603502,Home & Kitchen,credit card,yes,Spring,Thu,148.14
ORD300384,54.0,10.2,6,26.0,15.4,Clothing,credit card,yes,Monsoon,Wed,60.47
ORD300893,51.0,10.2,4,36.6,5.4,Electronics,credit card,no,Winter,Wed,223.24
ORD300056,51.0,1.6,2,20.299269776876265,13.2,Beauty,credit card,no,Winter,Sat,30.88
ORD300711,35.0,8.2,4,19.0,28.5,Books,debit card,yes,Winter,Sat,26.4
ORD302372,34.0,7.8,2,25.1,0.4,Toys,debit card,no,Winter,Fri,24.21
ORD302126,45.0,3.8,3,37.7,8.8,Clothing,wallet,no,Spring,Tue,5.0
ORD302588,50.0,6.4,10,16.3,8.4,Clothing,wallet,yes,Monsoon,Wed,103.89
ORD300355,65.0,5.2,2,32.3,27.5,Electronics,credit card,no,Monsoon,Sat,198.18
ORD303565,30.0,4.8,4,25.3,9.9,Home & Kitchen,wallet,no,Spring,Sat,104.89
ORD301842,52.0,11.0,2,33.9,6.8,Clothing,debit card,no,Summer,Sat,8.91
ORD302407,54.0,8.0,8,8.4,4.6,Toys,debit card,no,Spring,Thu,115.06
ORD301018,38.0,8.1,2,38.2,18.3,Books,debit card,no,Summer,Fri,33.26
ORD301314,22.0,5.1,12,5.5,5.9,Home & Kitchen,credit card,no,Summer,Mon,178.24
ORD303296,57.0,4.8,3,35.9,1.9,Electronics,upi,no,Summer,Wed,229.65
ORD302963,40.0,9.3,7,19.1,2.1,Books,credit card,no,Winter,Sat,57.9
ORD300307,49.0,3.6,4,11.4,29.1,Books,upi,no,Spring,Fri,37.56
ORD303461,53.0,4.0,1,9.8,27.7,Home & Kitchen,wallet,yes,Spring,Fri,120.24
ORD300813,24.0,3.5,12,39.1,10.4,Home & Kitchen,credit card,yes,Summer,Wed,140.25
ORD300041,44.0,11.9,7,36.4,30.0,Sports,credit card,no,Spring,Wed,125.9
ORD304691,25.0,1.7,10,19.5,5.9,Electronics,credit card,no,Spring,Tue,392.95
ORD301405,43.0,5.5,5,36.8,16.2,Toys,debit card,no,Monsoon,Thu,10.77
ORD303663,22.0,6.6,6,20.299269776876265,0.3,Electronics,upi,no,Summer,Thu,251.71
ORD301681,62.0,4.5,2,33.0,24.3,Sports,wallet,no,Summer,Sat,41.15
ORD300882,43.26208443809912,0.8,4,38.3,17.7,Electronics,wallet,no,Winter,Fri,200.39
ORD303687,38.0,6.8,1,31.2,7.1,Home & Kitchen,debit card,no,Winter,Fri,72.56
ORD300698,41.0,8.0,12,24.7,5.8,Home & Kitchen,wallet,yes,Monsoon,Sun,197.78
ORD303925,48.0,8.4,14,39.6,12.4,Electronics,debit card,no,Spring,Thu,382.37
ORD304070,23.0,3.0,14,31.8,10.055118434603502,Books,wallet,yes,Spring,Wed,36.83
ORD302051,46.0,4.0,14,19.4,1.7,Clothing,upi,no,Summer,Sun,99.57
ORD303945,56.0,9.9,7,10.9,5.1,Electronics,upi,yes,Monsoon,Fri,410.53
ORD300215,66.0,8.0,1,22.5,16.5,Toys,credit card,no,Summer,Wed,13.33
ORD303024,31.0,0.0,5,39.4,0.7,Home & Kitchen,upi,yes,Winter,Mon,112.94
ORD302146,24.0,10.5,4,36.6,28.5,Sports,upi,no,Spring,Fri,89.15
ORD302322,20.0,10.9,6,12.1,0.2,Electronics,debit card,no,Winter,Wed,353.26
ORD304804,31.0,3.7,5,7.5,5.5,Toys,debit card,no,Spring,Tue,38.55
ORD302482,69.0,7.2,8,26.3,1.5,Toys,upi,no,Winter,Tue,107.03
ORD301370,51.0,10.7,8,21.0,11.6,Books,credit card,no,Spring,Thu,84.2
ORD301566,45.0,11.4,3,16.4,0.9,Clothing,credit card,no,Winter,Wed,73.69
ORD302192,42.0,6.9,7,21.0,22.8,Beauty,credit card,no,Monsoon,Tue,61.64
ORD303596,65.0,1.6,14,24.8,18.4,Electronics,upi,no,Spring,Sat,466.08
ORD303320,39.0,5.5,14,24.4,8.3,Electronics,credit card,no,Spring,Sat,467.53
ORD304809,32.0,4.8,12,5.4,16.2,Home & Kitchen,credit card,no,Summer,Fri,197.59
ORD302711,63.0,4.7,3,0.1,28.1,Sports,wallet,no,Monsoon,Wed,109.75
ORD303919,21.0,10.4,8,14.1,8.2,Clothing,credit card,no,Summer,Sun,103.41
ORD301516,20.0,4.8,9,37.4,9.9,Electronics,debit card,yes,Monsoon,Fri,308.85
ORD302748,42.0,5.2,13,31.3,10.7,Home & Kitchen,debit card,no,Winter,Thu,146.87
ORD302503,28.0,8.3,11,28.4,23.8,Clothing,wallet,no,Monsoon,Sun,78.96
ORD303044,32.0,1.5,7,15.9,4.2,Clothing,debit card,no,Monsoon,Fri,91.55
ORD301766,43.26208443809912,9.7,5,31.6,33.6,Electronics,debit card,yes,Winter,Sat,255.5
ORD302186,31.0,10.9,9,38.9,1.2,Electronics,debit card,yes,Spring,Thu,304.67
ORD304884,65.0,10.8,1,25.8,1.3,Home & Kitchen,wallet,yes,Monsoon,Thu,108.56
ORD303308,59.0,3.9,6,38.0,4.8,Electronics,credit card,no,Summer,Sat,238.29
ORD304066,66.0,6.3,5,11.4,3.0,Clothing,upi,yes,Winter,Mon,98.92
ORD301037,66.0,1.6,6,24.7,1.7,Sports,credit card,no,Summer,Thu,90.76
ORD302437,39.0,7.0,7,30.3,4.4,Beauty,debit card,no,Summer,Sun,34.15
ORD302999,36.0,5.8,11,20.299269776876265,0.7,Beauty,debit card,no,Monsoon,Tue,63.21
ORD301510,20.0,2.2,13,20.0,31.1,Electronics,upi,yes,Spring,Sun,440.64
ORD300411,39.0,3.5,3,23.6,10.055118434603502,Sports,credit card,no,Monsoon,Thu,59.57
ORD303890,40.0,10.8,9,20.299269776876265,4.3,Clothing,credit card,yes,Summer,Wed,103.36
ORD303734,18.0,4.9,1,33.8,23.7,Toys,debit card,yes,Summer,Fri,30.9
ORD301301,67.0,3.9,4,0.0,3.3,Electronics,debit card,no,Monsoon,Fri,301.97
ORD303259,67.0,9.2,9,22.8,4.6,Beauty,credit card,no,Winter,Sun,79.9
ORD301296,49.0,2.2,3,21.3,5.5,Books,upi,yes,Spring,Wed,17.09
ORD303637,55.0,2.5,9,29.6,3.3,Clothing,credit card,no,Spring,Sun,75.6
ORD303316,39.0,1.7,6,28.5,4.9,Electronics,wallet,no,Winter,Sun,276.33
ORD303475,52.0,4.5,4,15.3,0.4,Home & Kitchen,upi,yes,Spring,Mon,105.69
ORD300777,65.0,8.0,9,4.9,20.2,Clothing,wallet,no,Spring,Sun,117.89
ORD304976,22.0,1.9,12,29.6,57.3,Beauty,credit card,no,Summer,Tue,34.57
ORD304402,54.0,9.1,1,30.1,1.7,Sports,credit card,yes,Monsoon,Fri,76.5
ORD302549,45.0,0.2,1,11.1,7.7,Clothing,credit card,no,Summer,Mon,67.68
ORD304984,20.0,6.6,1,22.3,44.3,Sports,credit card,no,Spring,Thu,40.61
ORD300758,59.0,6.5,4,14.2,4.7,Books,credit card,no,Winter,Fri,42.71
ORD302367,53.0,2.8,4,30.4,10.055118434603502,Sports,wallet,yes,Summer,Mon,102.48
ORD302476,46.0,11.9,7,4.4,12.0,Electronics,credit card,no,Spring,Wed,429.92
ORD303670,25.0,5.8,4,15.9,0.1,Clothing,debit card,no,Summer,Mon,65.94
ORD301317,37.0,9.2,9,33.9,28.1,Electronics,upi,yes,Monsoon,Sat,333.84
ORD303184,41.0,1.3,6,7.8,0.8,Home & Kitchen,upi,no,Summer,Mon,91.68
ORD300073,56.0,5.933483606557377,7,35.0,16.8,Home & Kitchen,credit card,no,Monsoon,Thu,98.46
ORD300025,33.0,8.3,1,18.2,14.2,Books,credit card,no,Monsoon,Wed,22.24
ORD303392,20.0,10.6,10,29.2,10.055118434603502,Home & Kitchen,credit card,no,Monsoon,Mon,133.57
ORD303665,18.0,1.6,9,36.8,10.1,Sports,debit card,no,Monsoon,Sun,66.5
ORD301126,46.0,4.7,3,21.9,33.9,Home & Kitchen,credit card,no,Monsoon,Fri,72.96
ORD303577,56.0,3.7,4,5.5,4.6,Beauty,upi,no,Summer,Sun,82.37
ORD301139,43.26208443809912,4.2,10,29.6,2.6,Home & Kitchen,wallet,no,Spring,Sat,128.84
ORD300505,61.0,0.6,10,36.8,4.5,Sports,credit card,no,Spring,Sun,96.44
ORD301560,25.0,7.2,5,17.1,4.8,Books,credit card,no,Spring,Thu,38.07
ORD304747,50.0,5.933483606557377,1,39.3,20.2,Books,upi,no,Spring,Fri,35.49
ORD304189,52.0,1.6,9,20.9,6.9,Clothing,wallet,no,Monsoon,Thu,20.51
ORD304885,32.0,1.5,8,3.5,1.8,Beauty,credit card,no,Spring,Fri,84.78
ORD304982,49.0,11.1,13,29.9,1.1,Electronics,upi,no,Winter,Sun,432.61
ORD303530,34.0,5.1,5,27.8,1.0,Clothing,wallet,no,Summer,Fri,42.91
ORD303702,56.0,3.4,13,5.0,18.7,Electronics,upi,yes,Winter,Mon,535.03
ORD301120,59.0,2.2,5,30.3,23.6,Electronics,wallet,no,Spring,Sat,241.37
ORD301112,42.0,7.3,10,13.5,2.0,Electronics,debit card,no,Spring,Sun,441.27
ORD300586,32.0,7.1,2,17.2,3.4,Beauty,wallet,yes,Summer,Mon,62.22
ORD300601,46.0,0.9,9,33.8,4.4,Beauty,upi,no,Winter,Mon,68.63
ORD300611,66.0,8.2,3,15.3,4.0,Beauty,upi,no,Winter,Sun,83.53
ORD303186,29.0,0.8,2,27.4,8.8,Electronics,debit card,no,Summer,Thu,164.56
ORD302473,42.0,8.5,11,3.5,18.7,Beauty,credit card,yes,Monsoon,Tue,115.58
ORD302696,28.0,4.4,8,0.6,2.1,Electronics,upi,no,Spring,Wed,433.46
ORD301089,49.0,5.4,10,33.9,6.7,Toys,credit card,no,Monsoon,Wed,46.1
ORD302737,43.0,4.5,2,28.6,6.8,Clothing,debit card,no,Winter,Sat,75.49
ORD301535,53.0,10.6,2,6.3,44.4,Home & Kitchen,wallet,no,Winter,Fri,121.37
ORD301408,33.0,7.5,2,10.6,2.1,Toys,credit card,yes,Spring,Wed,71.24
ORD302613,26.0,4.7,5,39.3,0.8,Clothing,upi,no,Monsoon,Mon,50.22
ORD300348,63.0,9.3,2,17.7,0.8,Toys,credit card,yes,Winter,Tue,94.87
ORD300885,63.0,1.5,9,14.1,12.4,Clothing,upi,no,Spring,Sat,94.37
ORD304977,27.0,6.4,5,21.4,2.2,Beauty,credit card,no,Summer,Wed,94.6
ORD304579,20.0,11.2,6,6.5,1.2,Beauty,credit card,yes,Summer,Wed,100.93
ORD300782,43.26208443809912,11.8,6,29.2,10.055118434603502,Home & Kitchen,upi,no,Summer,Tue,132.09
ORD304710,42.0,0.7,7,17.2,3.3,Clothing,credit card,no,Spring,Tue,53.69
ORD304074,20.0,7.8,14,32.0,15.1,Electronics,credit card,no,Summer,Tue,412.41
ORD300629,57.0,7.7,6,2.7,45.5,Clothing,credit card,no,Winter,Mon,59.37
ORD304166,24.0,8.7,4,12.8,1.7,Clothing,wallet,yes,Winter,Wed,98.5
ORD304669,43.26208443809912,4.1,9,20.299269776876265,11.5,Clothing,upi,no,Monsoon,Wed,64.19
ORD302548,69.0,5.933483606557377,6,22.8,33.6,Toys,wallet,no,Winter,Wed,37.79
ORD303888,57.0,10.1,2,38.4,0.9,Sports,wallet,no,Summer,Tue,113.91
ORD302457,39.0,1.8,1,14.6,1.1,Clothing,wallet,no,Summer,Wed,56.05
ORD300408,45.0,5.933483606557377,9,10.7,11.4,Books,upi,yes,Monsoon,Sun,79.93
ORD303391,63.0,1.9,3,33.7,0.5,Home & Kitchen,credit card,yes,Monsoon,Thu,81.77
ORD300164,46.0,1.4,14,0.9,14.7,Electronics,wallet,no,Monsoon,Fri,592.56
ORD303265,21.0,11.6,5,29.3,7.9,Electronics,debit card,no,Winter,Mon,302.9
ORD304701,57.0,9.0,11,5.5,32.1,Home & Kitchen,upi,no,Summer,Mon,216.27
ORD302336,51.0,11.4,13,38.3,12.5,Books,debit card,no,Summer,Wed,73.71
ORD302038,56.0,6.3,8,32.1,3.7,Clothing,upi,no,Spring,Sun,98.58
ORD301969,62.0,10.9,8,26.6,5.9,Clothing,credit card,no,Spring,Sat,90.24
ORD303508,32.0,1.6,6,31.0,0.6,Beauty,upi,yes,Summer,Sat,40.91
ORD303570,52.0,11.3,7,31.0,11.1,Beauty,debit card,no,Summer,Mon,94.97
ORD301649,64.0,3.6,6,21.8,6.7,Clothing,debit card,no,Summer,Fri,57.83
ORD302295,67.0,0.0,6,17.6,0.2,Sports,upi,no,Winter,Mon,55.36
ORD302426,21.0,9.5,1,25.7,7.1,Clothing,debit card,no,Monsoon,Sun,64.73
ORD301087,41.0,10.0,12,23.3,3.5,Clothing,wallet,yes,Spring,Tue,140.33
ORD304926,41.0,1.1,4,20.1,12.1,Sports,credit card,yes,Summer,Sun,68.72
ORD304219,63.0,3.4,12,38.1,0.3,Home & Kitchen,credit card,no,Winter,Thu,144.05
ORD303139,68.0,7.3,6,29.9,26.9,Toys,credit card,no,Monsoon,Sat,56.31
ORD303966,55.0,11.7,9,16.6,1.3,Toys,credit card,no,Spring,Fri,57.66
ORD304090,31.0,10.3,10,16.5,13.1,Electronics,credit card,yes,Winter,Fri,454.35
ORD301754,35.0,3.7,12,25.7,0.6,Home & Kitchen,debit card,no,Summer,Thu,162.62
ORD300294,43.26208443809912,5.933483606557377,2,7.7,14.0,Sports,wallet,no,Summer,Thu,69.94
ORD304069,34.0,1.2,9,7.7,3.5,Beauty,debit card,yes,Spring,Fri,63.6
ORD300965,30.0,8.5,11,20.299269776876265,12.8,Beauty,credit card,no,Spring,Mon,99.67
ORD301822,42.0,9.7,3,22.3,1.3,Home & Kitchen,debit card,yes,Monsoon,Sun,131.45
ORD301909,52.0,11.3,6,26.2,11.0,Home & Kitchen,upi,no,Winter,Tue,141.38
ORD302914,43.0,7.4,5,13.9,6.3,Home & Kitchen,upi,no,Monsoon,Sun,128.63
ORD302860,19.0,2.8,8,12.5,7.1,Sports,credit card,no,Spring,Tue,102.15
ORD303771,59.0,5.933483606557377,3,10.3,13.3,Clothing,upi,no,Spring,Wed,60.73
ORD302363,64.0,3.5,3,31.8,12.2,Clothing,wallet,yes,Summer,Thu,48.07
ORD300528,68.0,10.0,4,37.9,4.0,Home & Kitchen,upi,yes,Monsoon,Mon,100.1
ORD303202,62.0,3.7,2,8.9,13.1,Sports,upi,no,Monsoon,Fri,100.82
ORD303225,60.0,4.4,12,16.5,2.8,Clothing,upi,no,Spring,Thu,112.3
ORD301968,23.0,5.2,2,10.2,30.3,Beauty,credit card,no,Summer,Tue,41.44
ORD302237,20.0,0.5,4,11.5,1.1,Beauty,debit card,yes,Monsoon,Sat,62.55
ORD300027,45.0,7.3,7,22.3,-0.0,Home & Kitchen,debit card,yes,Winter,Wed,138.8
ORD304100,61.0,8.9,7,32.3,9.5,Home & Kitchen,upi,no,Winter,Mon,111.45
ORD301673,37.0,1.0,5,28.6,24.7,Electronics,credit card,no,Summer,Wed,236.08
ORD300274,52.0,9.6,3,6.8,2.6,Sports,wallet,yes,Winter,Sat,99.16
ORD301072,49.0,5.8,6,29.2,6.6,Home & Kitchen,credit card,yes,Monsoon,Thu,107.39
ORD301074,27.0,7.0,14,21.5,8.5,Home & Kitchen,debit card,no,Monsoon,Tue,222.29
ORD303915,61.0,1.3,4,32.2,5.7,Clothing,credit card,no,Spring,Sun,59.75
ORD304113,19.0,2.0,8,37.9,4.3,Home & Kitchen,upi,yes,Winter,Sat,140.15
ORD303717,57.0,10.2,9,35.2,6.0,Clothing,debit card,yes,Summer,Thu,101.06
ORD303999,44.0,1.0,1,6.8,4.9,Clothing,debit card,no,Monsoon,Sun,49.18
ORD304492,33.0,6.0,13,6.7,3.2,Clothing,debit card,no,Monsoon,Thu,121.84
ORD302302,22.0,4.4,2,18.2,10.055118434603502,Electronics,wallet,no,Monsoon,Wed,209.43
ORD303382,59.0,0.4,7,23.2,10.2,Home & Kitchen,credit card,no,Monsoon,Mon,158.34
ORD304385,24.0,4.3,9,24.4,11.6,Toys,credit card,yes,Monsoon,Tue,50.19
ORD301290,60.0,11.7,8,22.0,5.0,Electronics,credit card,no,Winter,Wed,363.56
ORD303704,38.0,8.1,12,25.7,6.1,Sports,credit card,no,Winter,Wed,100.81
ORD300585,57.0,8.5,7,9.7,3.1,Sports,wallet,no,Winter,Tue,117.02
ORD300837,27.0,6.1,11,29.8,13.4,Beauty,credit card,yes,Winter,Mon,81.94
ORD300710,30.0,3.9,12,4.3,10.055118434603502,Beauty,upi,yes,Summer,Mon,97.61
ORD304382,61.0,9.8,5,27.7,13.3,Electronics,debit card,no,Spring,Sat,246.9
ORD302615,38.0,3.7,8,14.6,2.2,Electronics,wallet,no,Summer,Mon,396.63
ORD301250,34.0,9.3,8,38.0,13.8,Beauty,credit card,no,Summer,Sun,39.95
ORD304289,37.0,8.0,2,2.8,3.4,Beauty,credit card,no,Spring,Fri,45.98
ORD302965,50.0,5.4,9,18.8,5.3,Clothing,debit card,no,Spring,Sun,100.6
ORD301437,50.0,4.6,3,24.5,16.3,Clothing,upi,no,Winter,Sat,44.95
ORD303887,49.0,4.3,1,8.7,9.8,Home & Kitchen,upi,no,Winter,Wed,134.04
ORD301553,51.0,1.8,7,21.1,82.7,Home & Kitchen,upi,no,Spring,Sun,142.24
ORD300816,53.0,6.3,11,28.5,1.0,Beauty,debit card,no,Summer,Tue,90.75
ORD301243,48.0,5.7,12,20.9,10.055118434603502,Beauty,wallet,yes,Winter,Thu,82.89
ORD304030,28.0,0.1,1,17.0,0.7,Books,upi,no,Winter,Tue,22.81
ORD300957,25.0,4.7,6,18.0,4.4,Toys,wallet,no,Summer,Mon,48.56
ORD300302,31.0,9.1,2,36.6,13.8,Home & Kitchen,credit card,no,Summer,Fri,103.41
ORD302619,19.0,6.3,2,7.2,16.8,Clothing,credit card,no,Spring,Fri,55.93
ORD304740,67.0,0.0,7,7.9,0.0,Clothing,upi,no,Summer,Thu,71.99
ORD304097,66.0,7.4,6,33.1,8.3,Books,wallet,no,Spring,Tue,55.55
ORD302678,46.0,9.8,6,15.4,10.055118434603502,Sports,upi,yes,Monsoon,Sat,136.5
ORD303559,43.0,5.7,9,2.0,0.2,Electronics,wallet,yes,Summer,Wed,476.65
ORD302485,69.0,6.8,7,4.2,49.6,Beauty,credit card,no,Winter,Mon,55.84
ORD304970,41.0,0.4,3,30.3,7.6,Toys,wallet,no,Spring,Mon,20.43
ORD303794,43.0,0.4,2,34.3,6.9,Electronics,upi,yes,Winter,Thu,219.11
ORD301063,31.0,7.5,3,10.6,0.4,Sports,credit card,no,Winter,Thu,89.84
ORD300872,20.0,0.5,7,22.6,10.055118434603502,Books,debit card,no,Winter,Fri,5.0
ORD304958,39.0,8.5,2,29.8,3.1,Clothing,credit card,yes,Summer,Fri,61.59
ORD302819,19.0,7.7,10,22.1,9.6,Clothing,wallet,no,Winter,Sun,99.26
ORD304101,39.0,8.5,12,21.0,15.4,Clothing,credit card,yes,Monsoon,Sat,156.81
ORD300952,45.0,4.7,8,35.8,5.9,Sports,debit card,no,Summer,Tue,85.4
ORD300159,24.0,4.9,3,33.6,16.5,Clothing,credit card,no,Winter,Fri,52.61
ORD300906,21.0,6.1,13,19.1,16.0,Toys,wallet,no,Winter,Sat,49.48
ORD300923,33.0,0.4,13,9.8,15.4,Clothing,debit card,no,Winter,Wed,121.2
ORD302770,41.0,0.8,1,38.0,7.0,Clothing,upi,no,Summer,Sun,29.36
ORD300059,30.0,5.933483606557377,12,5.8,3.6,Clothing,upi,no,Spring,Fri,119.1
ORD302922,59.0,0.1,1,19.8,3.0,Toys,credit card,no,Winter,Wed,58.13
ORD304667,50.0,6.8,14,10.0,10.2,Electronics,upi,no,Winter,Mon,551.32
ORD304821,33.0,2.8,14,26.2,9.8,Sports,credit card,no,Winter,Mon,107.56
ORD301975,23.0,7.5,7,37.1,3.5,Electronics,debit card,no,Winter,Mon,276.94
ORD300023,38.0,2.2,13,20.299269776876265,10.7,Clothing,credit card,no,Summer,Mon,55.99
ORD304095,66.0,8.3,3,23.2,7.1,Sports,debit card,no,Spring,Wed,94.16
ORD302625,58.0,7.4,5,23.8,15.4,Toys,upi,no,Spring,Sat,36.61
ORD300683,63.0,0.2,13,34.7,6.4,Books,debit card,no,Summer,Sat,34.85
ORD303735,39.0,2.0,5,1.7,4.3,Clothing,upi,no,Winter,Wed,96.72
ORD303063,61.0,4.6,13,11.2,13.0,Clothing,credit card,yes,Winter,Mon,99.06
ORD302394,19.0,6.6,11,21.4,26.0,Beauty,debit card,no,Summer,Sat,74.47
ORD304370,53.0,7.9,11,11.8,0.7,Sports,credit card,yes,Spring,Wed,194.59
ORD303715,22.0,8.0,2,35.1,1.9,Electronics,credit card,yes,Summer,Fri,202.13
ORD303603,21.0,2.2,13,15.2,10.9,Sports,upi,no,Summer,Mon,96.46
ORD302140,66.0,6.4,5,30.1,7.5,Clothing,upi,yes,Winter,Sun,95.77
ORD302056,47.0,8.8,3,32.8,27.7,Beauty,credit card,no,Spring,Mon,46.28
ORD302702,34.0,10.2,13,4.2,3.5,Sports,debit card,yes,Winter,Tue,213.36
ORD300228,57.0,10.6,8,36.5,2.7,Beauty,upi,no,Winter,Tue,74.16
ORD300489,52.0,2.1,6,27.3,1.8,Electronics,upi,no,Winter,Wed,272.54
ORD301237,69.0,10.9,2,20.6,17.9,Sports,upi,no,Spring,Mon,83.17
ORD303713,48.0,1.4,4,36.1,17.5,Electronics,credit card,no,Monsoon,Wed,193.86
ORD300829,64.0,0.7,8,8.2,3.5,Clothing,upi,yes,Winter,Tue,104.76
ORD304357,66.0,10.3,4,26.8,20.2,Home & Kitchen,credit card,no,Spring,Sat,122.63
ORD300385,49.0,11.1,3,6.1,12.1,Electronics,upi,no,Winter,Thu,305.23
ORD303814,68.0,10.7,12,20.299269776876265,3.0,Beauty,credit card,no,Monsoon,Wed,70.18
ORD302497,57.0,5.4,4,21.5,2.3,Clothing,wallet,yes,Summer,Sat,86.36
ORD302283,51.0,12.0,2,14.1,17.1,Sports,credit card,no,Monsoon,Wed,94.24
ORD300015,56.0,10.5,6,23.3,3.2,Electronics,upi,yes,Spring,Sun,329.41
ORD303989,43.26208443809912,11.2,12,38.0,3.7,Home & Kitchen,debit card,no,Monsoon,Fri,145.32
ORD303162,32.0,8.0,8,10.7,0.1,Beauty,credit card,yes,Winter,Tue,91.79
ORD304905,63.0,4.8,11,27.8,34.1,Sports,debit card,no,Spring,Mon,121.96
ORD301388,46.0,1.0,11,7.0,10.1,Toys,credit card,no,Spring,Sun,71.68
ORD304544,66.0,9.4,14,16.3,0.5,Electronics,upi,no,Spring,Wed,526.5
ORD301588,33.0,9.4,11,7.0,10.055118434603502,Clothing,credit card,yes,Spring,Thu,122.36
ORD301381,19.0,5.4,14,10.5,0.1,Clothing,upi,yes,Spring,Wed,127.42
ORD303348,43.0,6.9,7,4.2,44.6,Home & Kitchen,credit card,no,Summer,Thu,141.14
ORD304843,61.0,5.933483606557377,13,1.2,3.5,Home & Kitchen,wallet,no,Winter,Wed,206.63
ORD301751,31.0,8.0,14,2.9,1.5,Sports,debit card,no,Winter,Sun,196.27
ORD303274,43.0,1.5,14,31.8,13.3,Home & Kitchen,credit card,no,Monsoon,Wed,156.28
ORD301150,22.0,11.6,12,29.7,0.5,Beauty,upi,no,Spring,Thu,75.56
ORD303426,59.0,8.4,2,39.2,26.6,Sports,upi,no,Winter,Mon,52.92
ORD301304,67.0,1.2,5,14.2,4.6,Electronics,credit card,no,Summer,Sun,307.96
ORD301231,31.0,3.9,6,37.2,4.5,Electronics,upi,no,Summer,Tue,230.6
ORD302744,27.0,5.933483606557377,7,23.3,13.1,Clothing,upi,yes,Winter,Sat,105.7
ORD301792,62.0,5.2,14,6.8,5.0,Clothing,debit card,no,Spring,Sun,93.38
ORD304672,35.0,3.1,10,21.3,7.7,Sports,credit card,yes,Monsoon,Sun,127.98
ORD303555,36.0,1.5,3,2.2,3.6,Toys,credit card,yes,Monsoon,Fri,80.24
ORD301269,20.0,9.9,2,32.3,6.3,Electronics,wallet,yes,Summer,Wed,202.44
ORD303160,25.0,9.1,13,0.7,0.4,Toys,credit card,no,Monsoon,Mon,116.43
ORD303488,36.0,9.0,2,36.5,0.6,Clothing,upi,no,Spring,Tue,62.59
ORD300963,48.0,8.2,13,13.0,18.7,Books,upi,yes,Winter,Tue,38.11
ORD303154,19.0,3.7,13,2.2,10.9,Home & Kitchen,credit card,yes,Winter,Sun,214.86
ORD300497,23.0,5.4,7,6.7,4.6,Home & Kitchen,wallet,no,Monsoon,Wed,170.26
ORD300352,62.0,3.7,7,5.5,36.7,Beauty,upi,no,Summer,Wed,64.01
ORD301838,24.0,8.2,1,37.2,0.2,Electronics,wallet,no,Winter,Wed,190.64
ORD304020,24.0,10.1,7,14.2,12.8,Clothing,credit card,yes,Winter,Sun,98.55
ORD302490,52.0,2.9,8,7.8,4.3,Clothing,credit card,no,Summer,Fri,73.45
ORD300001,53.0,4.9,3,4.1,3.6,Clothing,debit card,no,Winter,Wed,61.63
ORD300285,23.0,5.933483606557377,3,36.2,3.0,Toys,debit card,no,Spring,Sat,82.85
ORD304863,28.0,2.9,10,0.1,1.4,Electronics,debit card,yes,Monsoon,Wed,509.18
ORD301646,46.0,0.2,7,16.9,3.7,Home & Kitchen,debit card,no,Monsoon,Fri,100.88
ORD300783,69.0,5.933483606557377,4,17.2,0.1,Clothing,debit card,yes,Summer,Sat,79.07
ORD302908,66.0,0.3,11,10.4,10.9,Sports,wallet,no,Summer,Fri,118.5
ORD304080,43.26208443809912,3.1,2,5.6,0.4,Beauty,upi,no,Summer,Mon,45.75
ORD304759,32.0,4.0,7,22.0,3.5,Clothing,credit card,no,Winter,Sat,68.5
ORD302396,59.0,6.8,3,34.5,3.3,Sports,credit card,no,Winter,Sat,38.28
ORD300068,41.0,6.9,3,28.7,9.1,Electronics,credit card,no,Spring,Thu,229.05
ORD300403,55.0,5.8,10,12.7,12.5,Clothing,debit card,no,Monsoon,Tue,88.21
ORD303434,61.0,8.2,10,15.8,1.5,Beauty,debit card,no,Monsoon,Fri,100.24
ORD302802,21.0,3.2,8,15.0,0.9,Clothing,credit card,no,Monsoon,Sat,64.28
ORD300797,57.0,7.3,13,9.3,15.1,Toys,upi,no,Monsoon,Fri,36.42
ORD303098,36.0,8.2,7,18.8,48.2,Beauty,debit card,no,Spring,Thu,92.87
ORD303131,43.26208443809912,8.7,6,7.8,7.5,Clothing,credit card,no,Winter,Mon,82.6
ORD304531,21.0,9.7,3,27.2,10.1,Toys,upi,no,Winter,Thu,94.9
ORD302023,53.0,8.1,4,3.8,66.1,Toys,credit card,yes,Monsoon,Wed,52.22
ORD300177,66.0,4.1,13,5.8,27.9,Home & Kitchen,debit card,yes,Winter,Tue,180.75
ORD300953,47.0,6.0,11,3.2,5.4,Beauty,credit card,no,Winter,Wed,113.44
ORD303428,22.0,10.4,14,39.2,0.4,Clothing,wallet,yes,Summer,Wed,87.76
ORD302139,45.0,8.4,2,22.9,4.5,Clothing,credit card,no,Winter,Sun,56.45
ORD301200,35.0,7.8,2,37.1,7.8,Electronics,debit card,yes,Spring,Mon,225.95
ORD304368,49.0,6.0,13,27.4,7.6,Toys,upi,yes,Winter,Tue,100.44
ORD302915,20.0,0.2,13,11.6,15.9,Electronics,credit card,no,Spring,Mon,469.51
ORD303983,66.0,11.5,10,28.6,0.9,Electronics,upi,no,Monsoon,Sat,401.53
ORD302300,34.0,11.5,14,39.7,11.9,Beauty,credit card,no,Spring,Sun,92.37
ORD301756,43.26208443809912,5.1,1,27.2,21.0,Beauty,debit card,yes,Monsoon,Thu,49.61
ORD303486,46.0,11.6,8,26.4,19.4,Books,debit card,no,Spring,Sun,59.26
ORD302606,59.0,9.9,4,0.2,0.6,Electronics,credit card,no,Summer,Sun,327.99
ORD301577,34.0,8.1,8,17.7,7.8,Electronics,debit card,no,Summer,Sat,370.76
ORD302719,25.0,3.8,13,18.1,3.4,Toys,wallet,no,Winter,Fri,98.59
ORD302241,43.0,11.5,8,32.0,5.9,Electronics,debit card,no,Monsoon,Fri,286.74
ORD301928,44.0,9.2,4,12.0,1.0,Beauty,debit card,no,Summer,Tue,79.31
ORD302774,32.0,2.3,6,20.299269776876265,33.9,Electronics,credit card,no,Winter,Mon,296.18
ORD301507,43.0,1.6,13,8.0,21.3,Clothing,debit card,yes,Summer,Fri,115.89
ORD301497,58.0,10.5,14,39.3,21.8,Sports,debit card,yes,Monsoon,Tue,136.41
ORD303749,37.0,9.2,10,3.2,1.7,Toys,credit card,yes,Monsoon,Tue,82.44
ORD302292,46.0,4.7,9,33.5,1.3,Clothing,credit card,no,Spring,Fri,92.94
ORD302493,40.0,9.1,5,25.9,15.5,Beauty,upi,no,Spring,Fri,59.06
ORD304284,37.0,0.2,10,20.299269776876265,10.7,Sports,debit card,yes,Spring,Wed,110.83
ORD300538,30.0,5.1,7,30.5,1.6,Sports,wallet,yes,Summer,Tue,147.23
ORD301330,68.0,9.5,12,35.1,2.3,Home & Kitchen,upi,yes,Winter,Sun,174.72
ORD302303,58.0,12.0,14,33.8,7.7,Sports,upi,no,Spring,Wed,163.82
ORD302499,59.0,11.9,7,6.7,17.0,Clothing,credit card,no,Spring,Thu,75.59
ORD301612,52.0,2.4,6,23.6,11.6,Beauty,upi,no,Monsoon,Mon,69.8
ORD301488,54.0,2.1,1,17.8,17.5,Clothing,credit card,yes,Winter,Mon,83.15
ORD302018,68.0,6.2,5,29.1,11.1,Beauty,wallet,no,Winter,Thu,36.68
ORD301744,42.0,7.9,14,9.5,3.1,Beauty,credit card,no,Winter,Thu,77.89
ORD304995,39.0,2.9,5,32.1,5.5,Clothing,upi,no,Winter,Wed,77.74
ORD304002,32.0,8.2,14,14.5,14.0,Toys,upi,no,Summer,Sun,1099.32
ORD304765,32.0,1.5,6,26.2,1.5,Toys,credit card,no,Spring,Wed,52.09
ORD300120,58.0,11.8,12,39.1,12.8,Electronics,credit card,yes,Winter,Wed,345.63
ORD304215,24.0,6.4,11,15.2,1.3,Electronics,wallet,no,Spring,Fri,446.79
ORD304943,38.0,0.2,12,19.2,3.2,Beauty,credit card,no,Monsoon,Fri,58.86
ORD300948,43.0,3.2,7,11.0,4.7,Home & Kitchen,upi,no,Monsoon,Fri,145.8
ORD300510,60.0,9.8,5,21.2,1.5,Clothing,credit card,no,Monsoon,Fri,113.95
ORD301393,54.0,2.2,13,8.8,1.9,Electronics,credit card,no,Winter,Tue,510.49
ORD301508,54.0,0.2,5,9.5,5.3,Beauty,credit card,yes,Summer,Fri,52.37
ORD303984,42.0,8.1,8,8.6,12.0,Electronics,upi,no,Winter,Sat,420.81
ORD304374,42.0,2.2,7,28.9,10.055118434603502,Books,debit card,no,Monsoon,Sun,36.45
ORD301331,67.0,4.1,10,39.0,0.5,Toys,debit card,yes,Spring,Sun,91.56
ORD301309,59.0,8.2,14,35.5,11.1,Clothing,credit card,yes,Winter,Sun,94.15
ORD303965,31.0,5.8,2,24.5,3.1,Clothing,wallet,no,Winter,Fri,45.29
ORD304727,56.0,4.1,7,20.4,1.4,Beauty,credit card,no,Summer,Sat,31.05
ORD302973,56.0,8.5,3,30.0,44.5,Clothing,debit card,no,Winter,Sat,67.7
ORD303800,37.0,6.2,6,9.0,1.9,Toys,upi,yes,Summer,Thu,116.05
ORD304306,53.0,6.2,9,15.2,0.2,Sports,wallet,no,Spring,Sat,134.07
ORD304700,49.0,0.1,8,29.4,1.0,Toys,credit card,no,Monsoon,Sun,81.36
ORD304019,48.0,9.4,14,18.4,5.4,Clothing,wallet,yes,Spring,Sat,104.52
ORD301931,24.0,5.2,4,37.8,6.0,Clothing,credit card,no,Summer,Sat,48.43
ORD302812,35.0,6.5,10,7.1,2.0,Clothing,credit card,no,Winter,Tue,91.05
ORD302539,60.0,4.1,3,28.4,7.7,Books,wallet,no,Monsoon,Sun,63.53
ORD302669,36.0,4.1,12,9.5,8.6,Books,upi,no,Monsoon,Tue,46.14
ORD304506,39.0,11.7,4,15.4,69.0,Electronics,credit card,yes,Summer,Sun,288.8
ORD303913,47.0,6.6,2,24.9,24.8,Books,wallet,no,Winter,Wed,25.65
ORD303719,65.0,9.6,3,18.6,7.1,Sports,credit card,no,Winter,Tue,91.04
ORD303748,69.0,3.3,13,25.1,32.5,Sports,upi,no,Winter,Tue,97.0
ORD301117,41.0,8.4,1,38.9,6.9,Clothing,debit card,yes,Monsoon,Mon,57.44
ORD303248,36.0,1.0,6,7.4,3.1,Clothing,credit card,no,Summer,Sat,70.19
ORD304530,59.0,10.7,6,35.0,16.8,Electronics,credit card,no,Winter,Wed,258.43
ORD300663,63.0,0.6,1,18.6,5.1,Home & Kitchen,credit card,no,Spring,Mon,63.64
ORD302822,61.0,4.0,7,37.3,20.8,Toys,credit card,yes,Winter,Wed,46.5
ORD300573,25.0,8.0,4,39.8,4.1,Home & Kitchen,wallet,no,Summer,Tue,127.69
ORD303652,63.0,4.5,11,38.0,7.1,Home & Kitchen,debit card,yes,Winter,Mon,164.58
ORD300696,66.0,6.4,4,27.6,7.0,Home & Kitchen,upi,yes,Summer,Fri,151.99
ORD303935,58.0,0.0,8,9.6,4.2,Clothing,credit card,no,Spring,Fri,89.04
ORD304722,47.0,0.6,7,34.9,7.0,Clothing,credit card,no,Winter,Tue,48.52
ORD304507,57.0,4.6,8,15.2,1.6,Electronics,debit card,yes,Spring,Tue,4863.96
ORD303169,58.0,4.7,7,12.9,6.5,Books,upi,no,Monsoon,Sun,32.37
ORD304121,54.0,5.3,7,5.7,34.9,Electronics,upi,no,Winter,Sat,371.76
ORD301071,35.0,11.1,1,37.9,24.1,Home & Kitchen,credit card,no,Winter,Sat,72.44
ORD304104,47.0,3.1,7,26.0,4.6,Books,upi,no,Summer,Wed,64.69
ORD302187,59.0,0.8,3,12.3,10.055118434603502,Clothing,credit card,yes,Spring,Sat,41.47
ORD304131,28.0,7.3,11,23.7,4.5,Toys,upi,yes,Monsoon,Sun,95.92
ORD302045,63.0,10.4,10,11.1,1.6,Toys,upi,no,Summer,Fri,89.28
ORD300282,19.0,1.8,12,7.1,4.8,Home & Kitchen,wallet,yes,Summer,Wed,237.71
ORD300258,31.0,3.9,11,10.0,9.6,Electronics,credit card,yes,Spring,Sun,492.17
ORD302664,37.0,1.7,14,25.7,4.7,Clothing,credit card,no,Spring,Fri,82.26
ORD301811,30.0,11.7,3,8.1,6.4,Sports,upi,no,Winter,Sun,128.17
ORD301797,63.0,10.6,14,4.7,4.8,Books,debit card,no,Winter,Sat,66.61
ORD300599,27.0,1.8,12,29.8,21.6,Sports,wallet,no,Summer,Mon,104.75
ORD303233,44.0,8.2,9,8.2,13.0,Clothing,credit card,yes,Summer,Tue,124.46
ORD300725,28.0,7.4,3,14.7,0.7,Sports,debit card,yes,Summer,Tue,104.44
ORD301636,22.0,0.4,2,9.4,3.0,Home & Kitchen,upi,no,Summer,Sat,83.76
ORD302918,27.0,2.1,2,22.6,17.2,Home & Kitchen,credit card,yes,Monsoon,Fri,96.06
ORD300677,45.0,4.5,3,32.6,10.6,Electronics,debit card,yes,Monsoon,Tue,239.56
ORD301329,46.0,0.2,13,27.1,6.3,Beauty,upi,no,Winter,Sun,78.48
ORD301152,34.0,3.0,6,13.0,4.7,Clothing,upi,no,Spring,Tue,76.16
ORD301346,44.0,7.8,1,38.9,1.2,Home & Kitchen,credit card,yes,Summer,Sat,118.6
ORD300055,59.0,6.0,12,36.6,5.9,Home & Kitchen,credit card,no,Monsoon,Wed,106.31
ORD304646,45.0,1.2,1,34.2,13.8,Beauty,credit card,yes,Spring,Fri,49.23
ORD300825,43.0,1.3,14,14.3,9.9,Clothing,credit card,no,Winter,Thu,88.4
ORD301411,33.0,11.0,3,36.9,20.9,Home & Kitchen,upi,no,Spring,Thu,77.52
ORD301546,42.0,6.1,14,25.3,14.3,Electronics,credit card,no,Summer,Sun,433.68
ORD303336,41.0,2.6,4,22.0,16.0,Electronics,debit card,no,Monsoon,Sun,268.46
ORD302214,50.0,2.1,8,33.1,22.5,Toys,credit card,no,Spring,Fri,44.55
ORD300085,59.0,2.0,1,9.3,14.6,Clothing,debit card,no,Summer,Sun,33.35
ORD302920,60.0,0.2,2,1.9,2.9,Home & Kitchen,credit card,no,Monsoon,Mon,119.69
ORD301361,27.0,11.3,3,30.2,9.2,Clothing,upi,no,Summer,Sat,89.14
ORD302935,43.0,6.8,14,22.5,18.2,Sports,debit card,no,Spring,Sun,147.51
ORD300888,25.0,4.3,8,1.4,1.0,Home & Kitchen,credit card,no,Monsoon,Sun,146.0
ORD302954,32.0,8.7,12,38.1,21.4,Sports,wallet,no,Spring,Mon,123.55
ORD301687,31.0,5.8,8,25.9,6.4,Toys,wallet,yes,Summer,Fri,587.16
ORD301819,35.0,3.4,14,28.3,2.0,Electronics,credit card,no,Winter,Thu,434.52
ORD303703,66.0,0.3,12,15.5,2.8,Electronics,wallet,yes,Monsoon,Tue,479.23
ORD301972,39.0,2.1,8,29.0,1.7,Electronics,wallet,no,Spring,Tue,338.24
ORD302546,49.0,5.2,4,9.7,9.2,Clothing,credit card,no,Winter,Tue,111.38
ORD300714,35.0,8.8,6,8.6,6.6,Clothing,wallet,no,Winter,Sat,101.47
ORD304811,53.0,1.0,3,28.4,18.7,Clothing,credit card,yes,Spring,Fri,47.03
ORD301056,55.0,11.0,13,7.2,9.5,Beauty,debit card,yes,Winter,Wed,130.0
ORD302286,31.0,1.1,9,19.9,5.4,Electronics,credit card,no,Monsoon,Wed,366.76
ORD304744,33.0,10.8,2,32.2,2.9,Electronics,debit card,no,Summer,Tue,223.82
ORD303961,61.0,5.9,14,2.0,3.0,Clothing,upi,no,Winter,Fri,1730.64
ORD302207,26.0,2.3,5,31.1,8.0,Clothing,credit card,no,Winter,Fri,49.19
ORD304625,27.0,6.9,6,3.5,0.9,Clothing,debit card,no,Winter,Sat,64.01
ORD304130,54.0,6.8,3,18.9,10.055118434603502,Beauty,credit card,no,Summer,Fri,29.51
ORD304822,25.0,9.6,3,16.8,1.4,Electronics,debit card,yes,Winter,Fri,287.56
ORD302848,24.0,8.9,7,16.9,0.1,Beauty,debit card,no,Winter,Tue,66.97
ORD300617,32.0,8.1,12,11.9,10.055118434603502,Books,credit card,yes,Monsoon,Fri,93.81
ORD303653,33.0,10.5,6,28.8,3.9,Sports,wallet,yes,Monsoon,Sat,91.49
ORD304458,22.0,5.9,10,20.299269776876265,5.5,Sports,upi,no,Spring,Fri,114.63
ORD300123,32.0,7.3,6,0.5,0.3,Home & Kitchen,upi,no,Summer,Fri,152.27
ORD304857,34.0,6.0,12,34.2,10.055118434603502,Electronics,debit card,no,Spring,Wed,363.4
ORD302042,23.0,2.6,12,0.4,0.1,Electronics,debit card,no,Spring,Tue,567.67
ORD300334,60.0,9.1,13,15.2,25.7,Toys,wallet,no,Summer,Tue,88.67
ORD304674,67.0,10.9,11,9.0,3.1,Clothing,debit card,no,Monsoon,Sat,132.92
ORD301362,66.0,6.0,12,33.5,11.3,Beauty,credit card,yes,Spring,Sun,92.16
ORD300304,45.0,0.2,13,13.0,3.5,Books,upi,no,Spring,Thu,43.49
ORD302772,30.0,10.7,13,12.1,3.8,Beauty,debit card,no,Spring,Sat,121.23
ORD300980,34.0,7.5,10,34.7,12.6,Toys,debit card,no,Winter,Sun,52.11
ORD303736,41.0,1.6,5,27.6,6.4,Electronics,credit card,no,Spring,Sat,208.72
ORD301407,51.0,4.4,10,26.9,4.2,Electronics,upi,yes,Winter,Wed,359.1
ORD303165,68.0,10.1,8,4.0,10.055118434603502,Clothing,debit card,yes,Summer,Sun,106.29
ORD302966,18.0,2.4,5,8.3,12.7,Beauty,upi,yes,Summer,Fri,72.94
ORD304578,27.0,8.8,3,26.7,4.8,Clothing,credit card,yes,Winter,Thu,55.92
ORD300175,19.0,3.4,14,18.4,7.8,Beauty,credit card,no,Summer,Wed,56.17
ORD300581,43.0,1.5,9,11.7,10.055118434603502,Electronics,credit card,no,Monsoon,Wed,5273.64
ORD304999,50.0,9.6,5,20.7,12.5,Home & Kitchen,credit card,no,Monsoon,Sat,108.95
ORD301616,69.0,1.5,1,1.6,7.9,Sports,upi,yes,Winter,Mon,74.74
ORD304464,44.0,1.6,8,9.5,9.6,Toys,wallet,no,Spring,Fri,70.84
ORD304510,39.0,4.9,12,32.1,0.3,Clothing,wallet,no,Monsoon,Tue,122.24
ORD301194,24.0,0.6,1,4.2,1.1,Electronics,debit card,no,Winter,Fri,243.48
ORD302876,60.0,1.2,2,32.3,12.1,Sports,credit card,no,Monsoon,Tue,32.99
ORD304918,58.0,4.2,14,1.0,3.4,Electronics,debit card,no,Spring,Fri,611.07
ORD304262,43.26208443809912,10.1,1,22.1,17.6,Electronics,wallet,no,Summer,Mon,217.17
ORD303243,63.0,10.8,11,30.6,8.4,Clothing,credit card,yes,Winter,Tue,109.45
ORD301824,44.0,2.2,1,5.0,0.5,Electronics,upi,yes,Spring,Mon,257.32
ORD301879,66.0,1.9,12,14.2,13.3,Clothing,credit card,yes,Monsoon,Wed,98.55
ORD301981,41.0,6.5,8,20.3,0.7,Home & Kitchen,upi,no,Monsoon,Thu,162.8
ORD301861,23.0,6.9,9,21.7,22.1,Clothing,debit card,yes,Spring,Wed,100.74
ORD301350,28.0,3.8,3,6.8,6.8,Sports,wallet,no,Spring,Fri,100.64
ORD303575,39.0,8.2,13,20.8,15.0,Home & Kitchen,credit card,no,Spring,Sun,214.17
ORD303606,42.0,6.7,10,35.5,10.055118434603502,Toys,wallet,no,Summer,Sun,85.32
ORD304787,28.0,2.1,8,7.4,10.0,Clothing,credit card,yes,Monsoon,Tue,78.96
ORD302974,68.0,5.933483606557377,5,37.2,1.0,Clothing,upi,no,Monsoon,Sat,39.81
ORD300409,51.0,6.2,6,2.1,2.4,Home & Kitchen,debit card,no,Spring,Tue,120.74
ORD300675,19.0,11.8,4,28.3,2.6,Beauty,credit card,no,Winter,Thu,76.65
ORD300297,44.0,6.5,6,2.3,1.5,Electronics,upi,yes,Summer,Tue,435.39
ORD300925,60.0,5.6,1,22.8,1.0,Electronics,credit card,yes,Summer,Thu,219.96
ORD300022,26.0,4.9,1,34.3,10.9,Beauty,credit card,yes,Summer,Tue,68.41
ORD304606,23.0,0.0,10,19.8,6.1,Sports,debit card,no,Summer,Fri,109.95
ORD302115,42.0,4.3,5,5.7,26.8,Electronics,debit card,no,Summer,Mon,336.31
ORD300728,30.0,0.8,8,35.5,1.9,Sports,debit card,no,Summer,Sun,94.72
ORD303669,18.0,12.0,3,35.6,5.9,Clothing,credit card,yes,Monsoon,Sun,89.0
ORD304233,60.0,0.5,13,7.9,10.055118434603502,Electronics,debit card,yes,Spring,Thu,566.1
ORD301307,68.0,7.3,5,26.9,0.5,Sports,wallet,no,Summer,Sat,94.92
ORD302941,69.0,5.7,1,17.2,14.5,Clothing,debit card,no,Monsoon,Fri,83.7
ORD300671,56.0,10.1,7,35.3,0.5,Home & Kitchen,credit card,yes,Spring,Sat,113.53
ORD301672,68.0,11.1,8,33.3,23.7,Toys,upi,yes,Winter,Sat,93.7
ORD301199,52.0,11.5,8,22.8,10.8,Clothing,credit card,no,Spring,Wed,99.66
ORD302229,37.0,0.2,10,19.3,11.8,Clothing,wallet,no,Spring,Fri,84.57
ORD303797,24.0,9.1,14,12.2,49.7,Sports,upi,no,Monsoon,Thu,142.91
ORD304981,35.0,0.0,2,31.7,10.055118434603502,Beauty,credit card,no,Spring,Mon,27.82
ORD300293,63.0,10.6,2,12.4,15.7,Home & Kitchen,debit card,yes,Summer,Mon,121.27
ORD302249,28.0,3.6,12,8.5,9.9,Clothing,debit card,no,Spring,Mon,145.44
ORD302690,67.0,7.6,2,25.2,22.3,Home & Kitchen,debit card,no,Summer,Sat,82.88
ORD300126,54.0,7.8,3,39.6,4.9,Sports,debit card,no,Spring,Sat,63.13
ORD302579,35.0,7.0,13,20.299269776876265,9.1,Clothing,credit card,no,Monsoon,Mon,103.8
ORD303479,27.0,4.2,7,29.8,18.5,Books,upi,no,Monsoon,Sun,42.46
ORD302247,44.0,5.933483606557377,1,5.6,4.0,Home & Kitchen,debit card,no,Winter,Fri,118.55
ORD303545,69.0,4.4,12,34.3,2.0,Electronics,wallet,yes,Winter,Thu,383.48
ORD304573,29.0,3.1,6,25.9,1.3,Clothing,wallet,yes,Spring,Fri,81.28
ORD304085,19.0,0.0,1,39.1,2.2,Clothing,debit card,no,Winter,Sun,52.83
ORD300692,36.0,10.2,9,2.4,11.6,Toys,debit card,yes,Summer,Sat,93.2
ORD302982,30.0,9.3,7,24.9,3.1,Beauty,wallet,yes,Spring,Mon,87.71
ORD300686,23.0,2.0,4,9.2,13.2,Clothing,upi,yes,Summer,Fri,78.94
ORD300817,50.0,10.7,4,19.8,1.9,Home & Kitchen,upi,no,Winter,Tue,125.29
ORD300216,59.0,1.7,13,20.8,15.9,Beauty,wallet,yes,Spring,Mon,90.14
ORD303838,49.0,9.9,9,27.8,5.1,Clothing,credit card,yes,Monsoon,Mon,107.5
ORD303325,48.0,8.5,10,2.2,9.8,Electronics,upi,no,Monsoon,Wed,469.41
ORD300152,28.0,3.6,9,13.7,4.5,Home & Kitchen,upi,no,Monsoon,Mon,154.0
ORD300706,61.0,1.9,10,18.6,10.2,Clothing,credit card,yes,Winter,Mon,86.8
ORD301992,34.0,7.4,1,5.3,1.0,Electronics,upi,yes,Monsoon,Fri,259.92
ORD303889,49.0,1.3,10,32.5,2.7,Beauty,debit card,no,Spring,Sat,69.54
ORD304645,39.0,3.2,4,33.2,13.6,Sports,debit card,yes,Monsoon,Sun,103.17
ORD304833,25.0,1.2,7,31.9,15.3,Clothing,upi,no,Winter,Wed,53.01
ORD302008,56.0,6.3,2,1.6,3.8,Beauty,wallet,no,Monsoon,Sat,29.94
ORD300478,51.0,1.8,4,4.1,6.1,Home & Kitchen,credit card,no,Spring,Tue,148.87
ORD301282,48.0,10.4,5,23.7,11.8,Sports,debit card,no,Spring,Fri,98.39
ORD301604,49.0,6.4,9,28.8,0.8,Beauty,upi,no,Monsoon,Tue,46.9
ORD304134,52.0,3.7,9,17.3,11.0,Clothing,credit card,no,Spring,Wed,105.25
ORD301666,64.0,7.5,11,20.7,3.0,Beauty,credit card,no,Summer,Thu,75.26
ORD304495,48.0,11.9,13,23.1,7.6,Beauty,credit card,no,Monsoon,Wed,70.68
ORD303198,24.0,6.3,9,34.4,21.8,Electronics,upi,no,Winter,Tue,311.59
ORD300812,25.0,10.5,10,19.6,17.3,Home & Kitchen,debit card,no,Summer,Fri,131.26
ORD303337,21.0,9.0,2,5.3,0.2,Clothing,debit card,no,Winter,Sat,26.02
ORD303602,65.0,10.9,8,20.9,4.0,Electronics,credit card,no,Summer,Thu,367.26
ORD300250,60.0,6.5,3,26.7,4.8,Beauty,upi,no,Summer,Thu,82.69
ORD300843,46.0,3.2,10,9.5,4.6,Electronics,debit card,no,Summer,Thu,447.8
ORD302125,51.0,10.3,8,13.0,17.0,Books,credit card,yes,Monsoon,Tue,79.63
ORD303312,23.0,1.1,4,32.4,10.8,Clothing,credit card,yes,Winter,Wed,58.8
ORD303056,25.0,10.1,8,3.5,4.2,Beauty,debit card,no,Spring,Mon,113.58
ORD302375,69.0,7.2,6,18.0,24.4,Books,wallet,no,Summer,Thu,63.53
ORD302032,18.0,10.9,5,4.1,5.2,Sports,credit card,no,Spring,Mon,127.2
ORD300967,25.0,0.4,7,17.8,3.5,Clothing,upi,no,Winter,Mon,43.71
ORD304562,57.0,3.6,8,34.5,1.2,Toys,wallet,no,Winter,Mon,48.55
ORD300080,45.0,12.0,3,19.1,21.5,Electronics,upi,no,Monsoon,Fri,232.47
ORD300972,25.0,0.3,7,32.9,17.5,Beauty,debit card,no,Winter,Mon,57.78
ORD301896,67.0,10.4,9,13.1,6.8,Clothing,debit card,no,Spring,Sat,129.46
ORD302235,69.0,4.6,9,27.5,13.2,Sports,credit card,yes,Winter,Sun,98.02
ORD300246,53.0,9.8,8,26.7,13.9,Electronics,debit card,no,Monsoon,Wed,318.69
ORD302704,41.0,3.6,1,39.2,3.8,Toys,debit card,no,Summer,Mon,21.84
ORD302203,38.0,3.3,6,30.6,13.3,Clothing,credit card,no,Spring,Thu,71.4
ORD304975,40.0,9.3,6,6.3,1.4,Sports,debit card,no,Monsoon,Sun,134.31
ORD304193,19.0,4.0,6,22.2,7.2,Clothing,debit card,yes,Winter,Wed,90.64
ORD304723,41.0,5.5,11,22.9,9.9,Sports,debit card,no,Summer,Sat,125.72
ORD303374,50.0,6.5,7,35.8,12.6,Books,credit card,yes,Winter,Sun,75.91
ORD304152,43.0,2.2,3,19.5,10.055118434603502,Sports,debit card,yes,Monsoon,Fri,88.59
ORD302331,43.0,5.933483606557377,4,11.6,29.9,Sports,debit card,yes,Winter,Mon,109.11
ORD304425,24.0,0.0,10,22.8,0.1,Books,credit card,yes,Monsoon,Tue,41.77
ORD304191,66.0,4.4,2,31.6,5.2,Electronics,credit card,yes,Summer,Wed,243.12
ORD304408,53.0,3.5,12,31.1,27.0,Sports,wallet,no,Spring,Sat,101.06
ORD301505,32.0,8.3,1,27.5,6.0,Home & Kitchen,debit card,no,Monsoon,Thu,83.96
ORD302951,61.0,5.1,10,19.6,33.3,Beauty,credit card,no,Winter,Tue,88.54
ORD301345,27.0,2.6,8,1.4,5.0,Electronics,upi,no,Summer,Sat,429.68
ORD303317,65.0,10.9,10,4.8,7.2,Electronics,credit card,no,Spring,Sat,496.4
ORD300591,55.0,9.4,3,32.7,9.2,Home & Kitchen,credit card,yes,Winter,Thu,119.32
ORD300975,42.0,8.1,5,6.5,1.0,Home & Kitchen,upi,no,Monsoon,Fri,133.71
ORD304277,62.0,10.8,12,10.0,10.055118434603502,Sports,upi,yes,Winter,Fri,165.48
ORD301645,27.0,3.1,10,21.0,4.6,Sports,debit card,no,Spring,Sat,98.95
ORD301679,40.0,4.1,1,2.9,2.9,Electronics,upi,no,Winter,Wed,239.51
ORD300122,18.0,7.7,4,5.0,20.3,Beauty,upi,no,Spring,Tue,52.24
ORD304514,41.0,8.0,6,34.8,0.5,Sports,credit card,yes,Monsoon,Wed,116.34
ORD303120,34.0,2.4,14,30.2,4.2,Clothing,credit card,yes,Summer,Thu,120.0
ORD301534,21.0,5.1,12,10.0,14.2,Clothing,debit card,no,Summer,Wed,83.17
ORD303352,45.0,6.0,12,8.2,10.055118434603502,Home & Kitchen,credit card,no,Spring,Mon,214.48
ORD304546,63.0,8.2,14,35.7,1.4,Books,credit card,no,Winter,Mon,37.07
ORD301710,46.0,11.2,9,9.8,5.7,Sports,wallet,no,Winter,Thu,132.43
ORD304500,31.0,6.1,6,39.7,9.2,Clothing,wallet,yes,Spring,Mon,100.22
ORD302100,62.0,11.6,9,17.9,30.1,Beauty,credit card,yes,Winter,Fri,113.87
ORD300869,52.0,5.0,3,24.9,0.6,Electronics,wallet,no,Spring,Tue,235.4
ORD304553,28.0,7.4,10,31.4,1.1,Clothing,credit card,yes,Winter,Sat,100.36
ORD301030,62.0,5.6,11,11.1,9.3,Books,credit card,no,Spring,Mon,31.83
ORD303463,30.0,5.1,11,4.0,0.3,Books,wallet,no,Summer,Sun,38.93
ORD301998,63.0,11.4,7,13.7,17.8,Beauty,credit card,no,Spring,Sat,51.14
ORD303590,56.0,7.9,8,8.3,21.6,Books,credit card,no,Summer,Fri,55.16
ORD301156,42.0,5.4,6,2.4,4.1,Clothing,wallet,yes,Winter,Tue,101.74
ORD303156,60.0,6.4,1,9.2,9.6,Electronics,credit card,no,Summer,Sat,2904.48
ORD301575,49.0,3.0,9,19.8,3.1,Sports,debit card,no,Spring,Mon,116.51
ORD304724,19.0,3.5,11,17.9,3.5,Clothing,credit card,yes,Spring,Sat,100.23
ORD300061,42.0,9.5,9,28.1,19.2,Electronics,debit card,yes,Monsoon,Sun,364.22
ORD300472,21.0,4.6,13,28.0,1.2,Toys,debit card,yes,Spring,Sun,73.21
ORD303454,42.0,4.7,3,14.2,27.2,Clothing,debit card,yes,Winter,Sat,55.25
ORD300865,33.0,1.3,14,20.299269776876265,11.6,Home & Kitchen,debit card,yes,Monsoon,Fri,195.95
ORD303583,45.0,7.2,11,39.7,2.3,Clothing,credit card,yes,Summer,Mon,107.63
ORD304786,31.0,9.5,4,24.5,4.6,Beauty,debit card,no,Summer,Thu,77.51
ORD303614,50.0,11.5,11,35.0,4.9,Electronics,debit card,no,Monsoon,Fri,341.35
ORD304867,52.0,11.0,12,20.4,21.7,Toys,upi,yes,Winter,Tue,1067.52
ORD303388,62.0,11.2,12,34.8,7.5,Beauty,debit card,no,Monsoon,Sun,102.2
ORD302180,33.0,2.0,11,14.8,0.1,Toys,credit card,no,Summer,Sun,58.24
ORD303281,59.0,5.9,4,8.8,4.6,Books,credit card,yes,Winter,Mon,48.02
ORD304169,18.0,7.4,14,18.0,12.4,Home & Kitchen,debit card,no,Monsoon,Mon,218.12
ORD301628,21.0,10.8,6,12.7,15.9,Beauty,debit card,no,Spring,Fri,71.8
ORD302438,39.0,11.1,5,28.9,0.5,Clothing,upi,no,Winter,Tue,89.33
ORD301149,22.0,6.4,1,39.0,2.3,Electronics,debit card,no,Spring,Sun,178.59
ORD301160,61.0,6.3,8,5.6,5.8,Home & Kitchen,credit card,no,Monsoon,Wed,140.38
ORD300256,32.0,3.1,14,26.4,2.2,Books,debit card,no,Summer,Tue,48.54
ORD302598,18.0,0.7,7,26.9,3.4,Home & Kitchen,credit card,no,Winter,Sun,85.4
ORD304525,35.0,10.3,4,31.6,10.055118434603502,Books,upi,yes,Summer,Sat,37.73
ORD301105,42.0,5.0,13,37.5,2.8,Home & Kitchen,credit card,no,Summer,Wed,129.89
ORD304199,26.0,3.6,1,9.5,33.8,Clothing,upi,no,Spring,Sun,47.28
ORD303407,54.0,9.7,10,18.4,24.9,Beauty,upi,no,Monsoon,Sun,64.69
ORD300557,56.0,9.9,12,6.7,0.3,Beauty,credit card,yes,Monsoon,Mon,106.77
ORD301850,37.0,5.2,7,20.1,11.7,Clothing,credit card,no,Spring,Wed,84.57
ORD302088,60.0,11.3,7,10.1,7.2,Electronics,credit card,yes,Winter,Thu,396.08
ORD302899,67.0,4.9,1,23.3,5.7,Clothing,debit card,no,Winter,Thu,48.51
ORD303220,63.0,11.1,13,12.0,29.2,Beauty,debit card,yes,Winter,Sun,131.79
ORD300261,60.0,10.9,11,14.4,14.7,Electronics,upi,yes,Spring,Wed,442.53
ORD304244,43.0,4.1,8,9.1,2.1,Beauty,wallet,no,Winter,Tue,92.37
ORD300627,32.0,1.5,13,11.8,2.4,Home & Kitchen,upi,yes,Monsoon,Mon,180.49
ORD301889,48.0,7.6,8,30.0,34.6,Electronics,debit card,no,Summer,Thu,301.56
ORD303042,25.0,4.5,3,29.0,15.5,Electronics,debit card,no,Monsoon,Thu,240.5
ORD302078,20.0,4.2,2,27.4,5.9,Electronics,credit card,no,Spring,Sun,204.87
ORD303585,64.0,0.1,1,29.2,18.2,Electronics,wallet,no,Summer,Sat,197.14
ORD301606,65.0,11.5,12,26.4,14.3,Beauty,upi,no,Winter,Tue,91.6
ORD301020,45.0,5.933483606557377,14,28.7,10.1,Home & Kitchen,credit card,no,Winter,Tue,191.31
ORD300608,33.0,1.7,6,24.9,31.9,Clothing,debit card,no,Spring,Fri,45.6
ORD301403,41.0,2.2,14,37.2,23.8,Clothing,upi,no,Summer,Sat,71.32
ORD303254,59.0,3.0,6,31.8,3.6,Toys,credit card,no,Summer,Sun,41.76
ORD302096,59.0,6.1,8,18.4,15.6,Clothing,wallet,no,Monsoon,Mon,90.03
ORD300209,41.0,3.8,11,6.3,22.3,Books,credit card,no,Monsoon,Sat,52.76
ORD303798,21.0,8.7,12,28.6,13.9,Home & Kitchen,debit card,yes,Spring,Fri,184.35
ORD303539,54.0,6.3,14,4.8,1.5,Books,credit card,no,Spring,Fri,66.27
ORD300153,52.0,6.1,1,30.9,10.4,Clothing,credit card,no,Spring,Tue,39.94
ORD301590,26.0,4.2,10,8.0,17.7,Books,debit card,no,Winter,Mon,36.23
ORD302442,47.0,1.0,4,12.9,31.4,Clothing,upi,yes,Monsoon,Sat,72.63
ORD301147,41.0,10.0,9,2.9,11.1,Toys,credit card,yes,Monsoon,Wed,132.65
ORD303427,50.0,8.8,14,33.6,11.6,Books,credit card,yes,Spring,Sat,55.03
ORD301967,32.0,2.8,6,20.2,8.5,Books,wallet,no,Monsoon,Sun,49.79
ORD303206,60.0,2.6,2,37.2,0.5,Home & Kitchen,credit card,yes,Spring,Mon,115.31
ORD302433,24.0,8.9,5,11.8,8.6,Home & Kitchen,upi,yes,Spring,Tue,167.78
ORD301633,65.0,6.9,2,5.1,13.2,Home & Kitchen,wallet,yes,Monsoon,Tue,141.53
ORD303292,33.0,2.8,12,25.2,46.3,Clothing,debit card,yes,Spring,Tue,81.82
ORD300597,47.0,10.5,14,22.1,10.9,Clothing,credit card,no,Monsoon,Mon,103.15
ORD303137,66.0,8.5,8,8.9,10.3,Electronics,wallet,yes,Summer,Mon,418.82
ORD301656,63.0,10.6,2,6.7,11.2,Beauty,upi,no,Monsoon,Wed,53.29
ORD304333,46.0,3.9,9,1.6,11.1,Clothing,credit card,no,Monsoon,Sat,104.93
ORD303297,38.0,6.4,12,29.3,10.1,Clothing,credit card,no,Spring,Mon,117.92
ORD301565,60.0,1.0,14,37.4,18.6,Electronics,wallet,yes,Spring,Tue,376.19
ORD301518,43.26208443809912,2.3,1,0.4,0.9,Home & Kitchen,credit card,no,Winter,Tue,73.01
ORD304248,53.0,8.6,4,37.5,0.4,Beauty,upi,no,Spring,Thu,80.45
ORD300225,30.0,9.9,6,31.1,12.4,Books,wallet,no,Spring,Thu,34.22
ORD302517,35.0,1.0,5,5.4,3.8,Sports,upi,no,Monsoon,Mon,133.03
ORD304237,34.0,1.4,3,37.4,21.5,Clothing,upi,no,Summer,Sun,40.17
ORD302393,67.0,7.3,14,34.5,0.2,Toys,credit card,no,Monsoon,Fri,47.84
ORD301760,18.0,8.2,3,0.6,6.2,Electronics,debit card,yes,Monsoon,Sat,318.93
ORD301360,20.0,8.1,1,31.3,25.9,Clothing,debit card,no,Summer,Thu,47.11
ORD303304,55.0,1.5,11,15.4,8.9,Home & Kitchen,upi,no,Monsoon,Wed,154.0
ORD302324,60.0,5.933483606557377,14,26.3,0.1,Clothing,upi,no,Winter,Fri,80.64
ORD303558,23.0,3.2,5,9.5,2.0,Clothing,debit card,no,Winter,Wed,63.55
ORD304321,25.0,9.6,14,7.4,10.055118434603502,Home & Kitchen,upi,no,Monsoon,Wed,232.55
ORD301833,25.0,2.4,9,32.0,13.1,Electronics,credit card,no,Spring,Mon,341.91
ORD303661,18.0,5.6,7,10.9,1.2,Home & Kitchen,credit card,yes,Winter,Tue,162.42
ORD302009,44.0,0.4,9,8.4,2.3,Clothing,debit card,yes,Summer,Sat,86.23
ORD303657,66.0,4.1,5,15.0,20.6,Clothing,upi,yes,Monsoon,Thu,61.82
ORD303857,57.0,1.0,11,33.3,4.0,Books,debit card,yes,Spring,Fri,51.04
ORD300693,58.0,8.3,12,28.2,3.1,Electronics,credit card,yes,Monsoon,Tue,426.34
ORD304575,30.0,7.7,10,28.4,8.0,Clothing,debit card,no,Summer,Sun,64.33
ORD302612,69.0,9.4,6,18.9,9.5,Clothing,upi,no,Spring,Mon,64.12
ORD301186,43.26208443809912,11.2,5,18.0,2.5,Home & Kitchen,upi,no,Spring,Fri,123.23
ORD301369,34.0,7.4,13,35.1,8.5,Toys,credit card,yes,Winter,Fri,82.21
ORD301907,59.0,2.4,5,3.9,2.4,Clothing,upi,no,Summer,Thu,45.05
ORD304088,24.0,7.9,11,7.0,8.1,Beauty,credit card,no,Winter,Thu,112.78
ORD302477,49.0,7.8,8,17.7,0.1,Clothing,credit card,no,Winter,Sun,77.87
ORD300016,61.0,0.7,8,14.8,6.1,Home & Kitchen,debit card,no,Winter,Thu,130.59
ORD302514,56.0,8.1,12,16.2,7.5,Clothing,credit card,no,Monsoon,Thu,92.82
ORD304657,41.0,1.6,14,21.9,3.2,Electronics,upi,yes,Monsoon,Sun,465.65
ORD302205,63.0,5.933483606557377,14,10.7,35.5,Electronics,wallet,no,Monsoon,Sat,535.04
ORD303595,58.0,5.933483606557377,11,25.7,5.2,Sports,debit card,no,Spring,Sun,96.19
ORD301486,41.0,2.7,14,7.2,7.4,Sports,debit card,no,Spring,Tue,164.3
ORD301676,42.0,2.1,12,20.0,5.4,Clothing,credit card,no,Summer,Sat,101.83
ORD302353,29.0,10.2,1,26.6,0.5,Toys,wallet,no,Spring,Sun,87.8
ORD300656,64.0,10.2,9,25.2,8.3,Sports,credit card,yes,Spring,Sat,123.48
ORD301571,18.0,8.0,10,22.8,9.4,Clothing,upi,no,Monsoon,Sat,85.44
ORD301737,29.0,10.0,8,32.0,30.4,Books,credit card,no,Summer,Sat,41.49
ORD303855,68.0,7.1,1,20.2,5.8,Clothing,debit card,yes,Monsoon,Sat,80.07
ORD302846,38.0,10.8,3,25.9,2.9,Clothing,wallet,no,Summer,Tue,77.94
ORD302980,29.0,1.7,1,15.8,10.055118434603502,Home & Kitchen,debit card,no,Summer,Sat,75.59
ORD300618,37.0,10.4,1,38.9,9.1,Clothing,credit card,no,Summer,Sun,87.14
ORD302847,40.0,9.1,7,9.5,2.6,Beauty,upi,no,Spring,Wed,93.49
ORD304448,66.0,2.6,12,33.3,0.0,Sports,credit card,yes,Summer,Thu,113.08
ORD300867,20.0,3.9,13,1.7,39.1,Beauty,upi,no,Spring,Wed,92.94
ORD302507,49.0,9.4,3,24.0,3.2,Clothing,debit card,yes,Summer,Fri,53.54
ORD302110,49.0,3.7,11,8.1,3.3,Clothing,wallet,yes,Winter,Thu,109.04
ORD300457,20.0,11.9,5,6.5,2.5,Clothing,wallet,no,Summer,Wed,115.4
ORD304221,49.0,1.8,14,7.0,1.8,Books,upi,no,Monsoon,Tue,54.75
ORD300790,51.0,5.2,10,4.7,12.9,Home & Kitchen,credit card,yes,Spring,Wed,181.19
ORD304301,37.0,3.3,2,37.9,12.3,Sports,upi,no,Winter,Thu,52.42
ORD303607,43.0,2.5,13,13.0,36.2,Home & Kitchen,upi,no,Monsoon,Thu,141.64
ORD303822,62.0,7.8,4,34.5,0.0,Clothing,wallet,no,Monsoon,Sun,63.48
ORD302260,39.0,5.2,3,1.3,12.8,Beauty,debit card,no,Spring,Sun,83.54
ORD304620,27.0,4.9,9,38.6,10.055118434603502,Clothing,credit card,no,Spring,Thu,70.22
ORD302808,47.0,5.933483606557377,2,12.1,11.0,Home & Kitchen,upi,no,Spring,Thu,101.94
ORD303518,50.0,4.3,10,27.8,5.7,Books,upi,no,Winter,Tue,56.54
ORD300733,42.0,10.3,6,30.5,13.6,Clothing,upi,no,Summer,Sat,43.65
ORD304898,34.0,3.1,3,18.4,10.055118434603502,Clothing,debit card,yes,Spring,Tue,58.2
ORD303958,68.0,0.9,3,38.8,1.4,Sports,credit card,no,Monsoon,Thu,83.56
ORD302133,61.0,7.8,5,18.0,1.0,Books,debit card,yes,Spring,Thu,50.32
ORD301944,23.0,11.3,10,38.6,3.5,Home & Kitchen,credit card,no,Winter,Mon,118.34
ORD302279,67.0,6.6,1,23.1,5.5,Home & Kitchen,upi,no,Summer,Fri,52.48
ORD300659,33.0,11.3,3,38.9,5.3,Beauty,upi,no,Summer,Wed,48.79
ORD302430,41.0,3.2,1,38.6,1.9,Clothing,wallet,no,Monsoon,Fri,14.8
ORD303751,32.0,8.2,7,8.1,3.6,Electronics,wallet,no,Winter,Thu,376.91
ORD302528,67.0,7.0,6,0.4,8.1,Home & Kitchen,upi,yes,Summer,Mon,188.67
ORD304694,38.0,11.0,12,18.5,3.3,Sports,upi,no,Monsoon,Fri,141.21
ORD300642,25.0,4.4,3,14.8,24.9,Clothing,credit card,no,Spring,Tue,88.55
ORD300168,59.0,4.7,1,17.3,12.2,Books,debit card,yes,Winter,Mon,21.56
ORD301517,36.0,1.8,7,36.9,0.9,Beauty,credit card,no,Summer,Fri,58.06
ORD301800,47.0,11.9,2,13.9,3.4,Electronics,wallet,no,Winter,Wed,263.68
ORD303394,43.26208443809912,11.8,9,17.6,10.9,Clothing,wallet,no,Monsoon,Wed,65.89
ORD301917,57.0,2.7,2,32.7,8.4,Clothing,upi,no,Spring,Thu,27.32
ORD300272,22.0,5.933483606557377,2,26.4,0.5,Toys,wallet,yes,Winter,Wed,64.61
ORD302468,47.0,1.2,2,6.1,5.2,Clothing,debit card,no,Monsoon,Sun,62.63
ORD304777,62.0,2.4,1,34.6,2.6,Clothing,credit card,no,Summer,Sat,46.22
ORD301066,26.0,8.1,6,10.6,1.8,Home & Kitchen,upi,no,Monsoon,Wed,187.47
ORD300494,66.0,9.9,9,18.5,17.5,Clothing,wallet,yes,Summer,Sun,112.44
ORD301912,47.0,11.1,9,33.4,2.7,Electronics,wallet,no,Winter,Fri,305.71
ORD303646,35.0,4.5,12,34.2,0.4,Electronics,wallet,yes,Monsoon,Fri,397.4
ORD300038,53.0,5.933483606557377,5,32.9,13.3,Electronics,upi,no,Summer,Wed,271.68
ORD300306,30.0,5.5,1,25.3,0.9,Clothing,credit card,no,Winter,Sun,65.43
ORD303740,60.0,7.7,2,29.2,7.9,Sports,wallet,yes,Winter,Sun,85.83
ORD304102,21.0,8.2,4,37.5,24.5,Beauty,wallet,no,Summer,Sun,56.48
ORD303152,58.0,10.6,5,33.2,2.7,Home & Kitchen,credit card,no,Summer,Fri,128.28
ORD302829,24.0,0.1,11,9.6,0.4,Sports,credit card,no,Monsoon,Mon,125.87
ORD300781,63.0,4.2,1,28.6,6.1,Home & Kitchen,credit card,no,Monsoon,Mon,72.11
ORD300534,41.0,0.8,4,31.5,21.6,Home & Kitchen,credit card,no,Spring,Sun,65.53
ORD300583,20.0,5.3,1,15.3,8.2,Beauty,debit card,no,Monsoon,Thu,24.28
ORD304143,55.0,3.7,1,23.7,9.6,Books,upi,yes,Summer,Thu,42.42
ORD303796,41.0,1.5,5,30.3,0.3,Books,upi,yes,Spring,Fri,40.07
ORD304839,18.0,4.4,13,35.8,0.8,Sports,credit card,no,Summer,Fri,101.01
ORD304945,39.0,4.1,13,27.3,14.6,Books,credit card,yes,Monsoon,Thu,46.99
ORD302861,19.0,3.7,3,26.8,3.1,Home & Kitchen,upi,yes,Summer,Mon,111.51
ORD300316,30.0,11.5,4,34.6,1.6,Clothing,debit card,no,Winter,Tue,113.66
ORD302197,67.0,0.2,6,36.4,8.5,Electronics,upi,no,Spring,Sat,246.65
ORD302564,49.0,6.0,5,27.7,21.1,Electronics,wallet,no,Monsoon,Fri,271.59
ORD304865,51.0,7.0,4,29.0,0.7,Clothing,credit card,yes,Winter,Fri,74.2
ORD304836,43.0,7.9,7,7.3,17.5,Beauty,debit card,no,Spring,Sat,84.04
ORD301794,25.0,8.6,3,25.4,32.4,Clothing,wallet,no,Summer,Mon,66.73
ORD304706,29.0,8.2,9,1.4,19.1,Home & Kitchen,credit card,yes,Spring,Sun,196.86
ORD304290,36.0,0.0,4,4.2,2.3,Toys,upi,yes,Winter,Thu,65.12
ORD300271,58.0,1.6,5,2.4,14.1,Electronics,debit card,yes,Spring,Tue,343.15
ORD300548,61.0,8.6,10,27.7,7.0,Clothing,credit card,yes,Monsoon,Thu,152.45
ORD301692,21.0,8.5,14,20.299269776876265,2.0,Home & Kitchen,debit card,yes,Spring,Mon,212.59
ORD303525,38.0,7.7,8,4.7,0.3,Home & Kitchen,upi,no,Winter,Sat,156.61
ORD303012,50.0,11.3,10,32.5,2.2,Books,credit card,no,Summer,Wed,79.76
ORD304847,65.0,10.8,14,37.4,0.5,Clothing,upi,yes,Spring,Thu,117.88
ORD302390,60.0,7.4,11,28.7,28.4,Home & Kitchen,debit card,no,Winter,Wed,1530.36
ORD303876,30.0,3.3,3,17.5,13.0,Sports,credit card,no,Spring,Mon,83.14
ORD300894,41.0,5.933483606557377,11,20.299269776876265,3.3,Sports,credit card,yes,Monsoon,Fri,161.43
ORD301999,50.0,9.0,12,26.4,24.8,Electronics,credit card,no,Winter,Thu,436.16
ORD302122,41.0,6.0,12,19.3,4.7,Electronics,upi,no,Spring,Sun,474.12
ORD304157,22.0,7.0,1,36.0,20.2,Beauty,wallet,yes,Summer,Sat,56.28
ORD301247,19.0,3.4,8,9.3,6.3,Beauty,wallet,no,Monsoon,Tue,73.3
ORD301259,66.0,3.0,10,26.1,1.0,Beauty,debit card,no,Spring,Fri,80.28
ORD300809,31.0,4.7,3,17.5,8.3,Toys,credit card,yes,Winter,Sat,80.94
ORD301049,57.0,2.5,11,32.1,10.055118434603502,Electronics,debit card,no,Summer,Wed,380.84
ORD301878,53.0,4.7,5,39.9,10.055118434603502,Clothing,credit card,no,Monsoon,Wed,64.88
ORD302879,54.0,0.9,5,18.1,8.8,Beauty,credit card,no,Monsoon,Wed,54.33
ORD300107,21.0,10.5,6,35.7,4.9,Clothing,wallet,no,Summer,Fri,65.05
ORD300673,69.0,9.9,13,18.1,7.8,Clothing,upi,no,Spring,Thu,85.56
ORD304519,22.0,2.5,6,30.1,2.4,Sports,credit card,yes,Summer,Thu,66.18
ORD304346,54.0,5.1,2,6.9,5.0,Toys,wallet,no,Spring,Sun,59.57
ORD301532,34.0,1.0,7,36.1,10.055118434603502,Beauty,credit card,no,Winter,Fri,69.32
ORD301855,28.0,4.8,11,8.9,3.9,Electronics,wallet,no,Spring,Mon,475.43
ORD300211,25.0,1.4,8,9.6,1.8,Clothing,wallet,no,Winter,Wed,82.09
ORD303147,40.0,8.2,1,27.1,7.0,Beauty,credit card,yes,Monsoon,Sun,88.87
ORD302256,64.0,0.4,8,13.6,4.7,Clothing,upi,no,Summer,Thu,77.22
ORD302105,68.0,9.4,6,30.4,2.7,Clothing,credit card,no,Winter,Wed,87.24
ORD303268,57.0,1.0,13,13.1,5.6,Beauty,upi,yes,Winter,Sat,89.28
ORD304820,39.0,10.3,14,30.2,25.8,Clothing,debit card,no,Winter,Fri,78.67
ORD301973,52.0,5.0,6,30.2,0.6,Home & Kitchen,debit card,no,Summer,Thu,147.8
ORD301501,21.0,8.0,6,31.1,15.6,Sports,wallet,no,Winter,Tue,42.41
ORD304182,40.0,10.7,4,37.7,21.5,Electronics,credit card,yes,Spring,Thu,254.28
ORD300646,19.0,3.9,12,20.9,19.1,Electronics,credit card,no,Winter,Tue,450.74
ORD303633,24.0,11.7,12,25.3,22.0,Electronics,credit card,no,Summer,Sun,411.62
ORD300771,46.0,2.2,5,33.4,16.6,Books,credit card,no,Monsoon,Sun,24.57
ORD300703,44.0,3.1,3,5.9,2.8,Clothing,debit card,yes,Spring,Mon,90.83
ORD303587,52.0,6.0,9,37.5,6.5,Books,upi,no,Spring,Thu,28.78
ORD301249,28.0,3.9,11,29.1,0.5,Electronics,debit card,yes,Monsoon,Sat,395.68
ORD302472,55.0,7.5,9,7.0,5.7,Clothing,debit card,no,Winter,Sun,108.24
ORD301860,53.0,1.5,11,26.2,10.055118434603502,Home & Kitchen,credit card,no,Monsoon,Sat,148.7
ORD300709,61.0,8.7,11,14.7,15.5,Electronics,debit card,no,Winter,Sun,429.27
ORD302672,50.0,9.6,5,16.7,21.2,Books,wallet,no,Monsoon,Fri,26.29
ORD301461,40.0,8.1,12,8.5,68.1,Clothing,debit card,yes,Spring,Sun,79.98
ORD301484,42.0,1.0,1,0.7,12.7,Beauty,wallet,no,Winter,Fri,46.34
ORD302545,43.0,4.5,5,21.6,5.8,Toys,credit card,no,Spring,Wed,54.75
ORD300230,36.0,0.4,10,4.0,1.2,Sports,wallet,no,Summer,Fri,121.54
ORD301356,29.0,6.1,3,31.9,19.2,Clothing,upi,no,Summer,Tue,33.7
ORD303011,35.0,2.6,13,13.0,27.6,Electronics,credit card,yes,Monsoon,Sun,490.14
ORD300851,57.0,3.6,8,34.1,15.3,Beauty,credit card,no,Winter,Tue,47.77
ORD301004,47.0,6.2,14,26.0,0.6,Clothing,credit card,no,Spring,Mon,115.11
ORD301996,45.0,2.4,4,28.9,13.2,Electronics,wallet,no,Spring,Mon,260.26
ORD301834,46.0,4.9,2,5.2,22.4,Electronics,wallet,no,Monsoon,Thu,276.05
ORD303973,28.0,0.2,2,18.2,13.2,Books,wallet,no,Winter,Wed,53.83
ORD301316,43.26208443809912,4.6,9,24.8,4.8,Beauty,upi,yes,Monsoon,Sat,45.21
ORD303327,27.0,0.4,9,34.5,2.0,Beauty,wallet,yes,Monsoon,Sun,27.5
ORD301623,32.0,7.8,10,31.2,6.9,Books,credit card,yes,Spring,Sat,77.09
ORD301480,43.26208443809912,1.0,4,28.7,8.9,Sports,credit card,yes,Spring,Thu,85.83
ORD303833,57.0,9.9,4,15.3,4.1,Sports,credit card,no,Winter,Fri,88.39
ORD301278,60.0,3.3,12,34.8,5.9,Sports,upi,no,Monsoon,Thu,93.67
ORD303080,40.0,4.8,14,17.9,5.4,Clothing,credit card,yes,Spring,Tue,129.29
ORD301823,30.0,5.4,2,11.3,4.1,Toys,credit card,yes,Spring,Fri,76.2
ORD301053,61.0,5.5,6,19.8,14.1,Electronics,upi,no,Spring,Sat,306.39
ORD304145,22.0,3.2,1,35.3,6.4,Electronics,wallet,yes,Winter,Sat,181.06
ORD300475,44.0,5.5,9,15.8,4.7,Home & Kitchen,wallet,no,Summer,Mon,201.16
ORD302282,40.0,9.2,1,21.3,2.8,Home & Kitchen,debit card,yes,Summer,Mon,99.41
ORD303711,41.0,3.5,11,15.6,11.6,Sports,wallet,no,Winter,Sat,128.62
ORD303146,53.0,10.6,4,16.6,0.6,Beauty,credit card,no,Summer,Fri,79.03
ORD300335,30.0,2.0,9,17.5,7.2,Sports,credit card,no,Winter,Wed,110.72
ORD302617,62.0,4.4,12,8.1,7.4,Home & Kitchen,upi,no,Summer,Fri,203.36
ORD303662,47.0,2.0,5,3.0,25.9,Books,upi,no,Spring,Sun,19.86
ORD300088,51.0,6.5,6,32.0,8.3,Beauty,debit card,yes,Monsoon,Fri,95.69
ORD300874,42.0,6.7,4,1.7,11.8,Sports,upi,no,Monsoon,Sun,84.42
ORD300543,56.0,9.4,3,20.299269776876265,5.3,Sports,credit card,no,Monsoon,Fri,93.27
ORD303000,63.0,9.0,13,18.2,12.6,Electronics,debit card,yes,Spring,Wed,465.4
ORD302760,58.0,1.7,6,19.8,14.8,Electronics,credit card,no,Monsoon,Thu,343.03
ORD304519,22.0,2.5,6,30.1,2.4,Sports,credit card,yes,Summer,Thu,66.18
ORD301880,19.0,6.0,7,18.4,1.5,Clothing,credit card,no,Spring,Sat,66.11
ORD304948,45.0,7.7,3,15.6,10.8,Beauty,debit card,no,Spring,Sun,60.74
ORD300926,65.0,10.1,10,7.4,18.6,Toys,wallet,no,Spring,Sat,81.16
ORD300319,49.0,1.9,14,38.4,0.9,Sports,debit card,no,Spring,Sun,111.52
ORD300878,37.0,11.8,2,1.4,32.5,Sports,upi,no,Monsoon,Wed,103.46
ORD303994,49.0,9.6,5,1.8,11.9,Books,upi,no,Monsoon,Mon,56.01
ORD303246,45.0,2.8,5,27.7,8.4,Electronics,credit card,no,Monsoon,Sun,268.91
ORD303078,20.0,10.9,2,16.6,16.4,Sports,upi,no,Monsoon,Wed,75.47
ORD303761,63.0,4.9,4,1.2,5.5,Clothing,credit card,yes,Winter,Mon,114.9
ORD304660,30.0,4.4,12,17.9,4.6,Clothing,debit card,no,Summer,Sun,113.96
ORD304234,66.0,1.7,14,30.5,0.2,Clothing,credit card,no,Summer,Thu,103.66
ORD301618,69.0,1.9,4,39.2,5.2,Books,credit card,no,Spring,Thu,27.8
ORD303726,23.0,3.9,8,6.2,15.1,Toys,credit card,no,Spring,Sat,69.56
ORD304903,48.0,6.6,12,26.0,13.0,Electronics,upi,no,Winter,Wed,405.55
ORD301045,46.0,7.0,14,25.5,33.3,Home & Kitchen,upi,no,Summer,Mon,156.47
ORD301750,33.0,2.3,4,24.6,8.4,Sports,debit card,no,Monsoon,Wed,100.5
ORD303878,43.26208443809912,2.7,13,38.5,5.4,Home & Kitchen,upi,no,Spring,Tue,156.68
ORD303917,43.26208443809912,2.5,1,17.7,1.6,Clothing,credit card,yes,Monsoon,Thu,49.05
ORD301043,21.0,1.0,1,9.2,1.3,Home & Kitchen,credit card,no,Winter,Tue,82.73
ORD303010,55.0,1.2,1,17.6,1.0,Sports,debit card,no,Monsoon,Wed,58.79
ORD303290,67.0,10.2,14,23.0,13.0,Electronics,debit card,yes,Monsoon,Sat,507.41
ORD302064,54.0,3.9,5,5.7,19.4,Clothing,upi,no,Winter,Sun,64.49
ORD302964,45.0,4.5,10,36.4,41.3,Beauty,wallet,no,Summer,Thu,53.27
ORD300641,57.0,9.5,2,24.0,14.9,Clothing,credit card,no,Summer,Tue,45.57
ORD300137,28.0,4.5,2,38.6,6.7,Toys,wallet,no,Winter,Fri,49.62
ORD300880,53.0,5.6,5,29.6,1.4,Sports,credit card,no,Monsoon,Sun,69.88
ORD301976,45.0,2.3,12,4.8,1.7,Toys,debit card,yes,Monsoon,Mon,90.12
ORD301581,41.0,11.6,7,33.0,7.6,Toys,credit card,yes,Summer,Sun,82.16
ORD301097,29.0,3.9,4,21.8,17.2,Home & Kitchen,credit card,no,Winter,Sun,95.17
ORD304725,65.0,3.2,2,20.299269776876265,1.0,Clothing,credit card,no,Summer,Thu,77.78
ORD301392,68.0,11.8,4,30.3,56.2,Home & Kitchen,credit card,no,Winter,Mon,89.51
ORD302083,54.0,11.8,1,1.8,5.3,Home & Kitchen,upi,no,Spring,Wed,114.55
ORD301266,68.0,5.933483606557377,12,3.3,9.3,Sports,upi,no,Winter,Fri,179.75
ORD304231,36.0,3.9,10,34.8,0.2,Toys,credit card,no,Monsoon,Mon,56.76
ORD302574,49.0,7.4,7,24.4,0.2,Toys,upi,no,Winter,Thu,113.45
ORD302135,24.0,5.933483606557377,8,21.2,33.7,Clothing,credit card,no,Monsoon,Mon,50.98
ORD301503,61.0,6.5,11,23.1,4.4,Clothing,wallet,yes,Winter,Mon,103.4
ORD303367,40.0,7.3,1,4.8,26.9,Beauty,debit card,no,Spring,Thu,28.03
ORD303729,43.0,0.9,8,20.9,25.7,Clothing,credit card,yes,Spring,Mon,76.11
ORD300148,21.0,2.9,4,39.4,5.0,Clothing,credit card,no,Summer,Mon,49.62
ORD300303,18.0,8.9,7,23.5,0.5,Electronics,credit card,no,Spring,Wed,356.06
ORD301924,36.0,9.1,11,15.6,10.055118434603502,Toys,credit card,no,Spring,Tue,80.87
ORD304824,51.0,6.9,10,11.1,1.6,Electronics,credit card,no,Summer,Tue,442.37
ORD302637,58.0,11.3,8,36.0,10.055118434603502,Toys,wallet,no,Summer,Tue,59.97
ORD301904,32.0,0.8,11,24.5,6.1,Beauty,wallet,no,Winter,Sun,45.55
ORD304715,28.0,6.4,7,1.0,1.8,Home & Kitchen,upi,yes,Winter,Tue,215.38
ORD304294,47.0,11.3,1,38.9,3.4,Books,debit card,no,Summer,Mon,75.29
ORD303842,62.0,6.0,5,12.0,7.7,Toys,credit card,yes,Monsoon,Mon,76.91
ORD304486,49.0,4.6,14,28.9,7.2,Clothing,upi,no,Monsoon,Fri,82.89
ORD301768,36.0,1.1,4,33.4,5.1,Home & Kitchen,credit card,no,Winter,Sun,60.36
ORD302875,54.0,11.1,8,18.6,15.5,Clothing,upi,no,Winter,Wed,84.49
ORD302240,64.0,2.0,14,35.8,11.3,Home & Kitchen,wallet,no,Monsoon,Sun,146.08
ORD301383,46.0,8.7,9,20.4,7.1,Clothing,wallet,no,Monsoon,Mon,109.96
ORD300483,57.0,6.2,12,9.6,1.5,Home & Kitchen,wallet,no,Winter,Sun,187.85
ORD301280,67.0,2.4,14,17.8,1.5,Beauty,credit card,no,Summer,Thu,71.49
ORD303680,48.0,7.9,2,33.1,24.3,Clothing,debit card,yes,Winter,Mon,29.49
ORD300791,62.0,8.4,10,6.2,2.0,Electronics,credit card,no,Monsoon,Mon,480.1
ORD301201,23.0,10.2,11,24.7,12.2,Electronics,debit card,yes,Spring,Sun,420.42
ORD303912,18.0,10.5,5,19.1,18.6,Toys,debit card,yes,Winter,Wed,79.13
ORD302362,32.0,2.8,8,12.6,21.5,Home & Kitchen,wallet,yes,Winter,Thu,133.21
ORD303069,23.0,3.0,7,2.5,3.5,Clothing,wallet,no,Spring,Mon,77.57
ORD303429,67.0,10.5,12,36.5,11.8,Beauty,upi,no,Summer,Fri,63.67
ORD300529,66.0,2.9,1,20.299269776876265,27.4,Books,upi,no,Winter,Tue,8.11
ORD304891,22.0,1.1,3,12.5,27.3,Clothing,debit card,yes,Winter,Mon,63.97
ORD302591,49.0,5.2,12,28.9,7.0,Books,upi,no,Spring,Sun,59.24
ORD302710,46.0,2.3,1,10.4,1.7,Home & Kitchen,wallet,no,Summer,Sat,85.23
ORD301529,69.0,2.1,13,17.0,33.9,Electronics,wallet,no,Summer,Thu,437.19
ORD302809,28.0,7.2,6,31.9,7.1,Clothing,upi,no,Monsoon,Wed,50.56
ORD300685,18.0,2.4,12,3.4,10.7,Clothing,wallet,no,Summer,Mon,126.38
ORD301551,30.0,7.5,6,24.1,0.3,Clothing,credit card,yes,Summer,Tue,114.62
ORD304255,61.0,3.1,13,7.9,19.3,Toys,credit card,no,Summer,Wed,63.85
ORD303871,55.0,6.9,2,14.0,33.0,Clothing,debit card,no,Monsoon,Wed,65.32
ORD300560,64.0,0.6,7,15.6,3.7,Clothing,debit card,no,Summer,Sun,29.78
ORD302250,63.0,1.1,7,2.5,5.5,Sports,debit card,no,Monsoon,Sat,85.58
ORD304734,47.0,1.6,3,26.8,8.5,Clothing,debit card,no,Spring,Sat,58.65
ORD303500,49.0,10.7,12,38.0,9.1,Clothing,upi,no,Spring,Thu,108.53
ORD302689,25.0,2.5,2,4.9,15.6,Clothing,credit card,no,Monsoon,Mon,67.21
ORD304208,20.0,5.8,10,36.4,2.4,Beauty,debit card,no,Monsoon,Tue,97.46
ORD304924,65.0,2.4,5,17.3,3.6,Books,credit card,yes,Summer,Mon,40.95
ORD303379,19.0,8.0,4,17.8,11.9,Electronics,upi,no,Spring,Sat,261.77
ORD303193,63.0,8.8,10,3.3,36.4,Clothing,debit card,no,Monsoon,Fri,92.21
ORD301446,55.0,8.5,4,35.2,9.0,Toys,credit card,no,Winter,Fri,60.68
ORD301952,43.26208443809912,5.2,3,33.7,25.7,Beauty,debit card,yes,Spring,Sat,42.96
ORD300922,47.0,10.7,5,37.2,0.9,Books,upi,yes,Summer,Sat,621.36
ORD301624,40.0,10.3,13,9.2,5.0,Electronics,upi,no,Spring,Thu,512.59
ORD300310,29.0,4.9,13,23.3,2.7,Clothing,wallet,no,Spring,Sat,112.18
ORD301319,63.0,2.5,3,5.0,2.7,Electronics,upi,no,Winter,Sun,305.94
ORD303531,47.0,3.6,7,10.5,0.1,Clothing,upi,no,Spring,Sun,75.37
ORD301663,23.0,2.6,3,1.8,18.9,Clothing,credit card,no,Monsoon,Tue,61.4
ORD300815,63.0,3.4,5,12.5,19.1,Clothing,credit card,no,Summer,Tue,64.33
ORD304587,48.0,3.8,2,20.299269776876265,0.6,Clothing,wallet,no,Winter,Fri,40.02
ORD302266,55.0,10.9,3,36.6,21.3,Clothing,credit card,yes,Spring,Wed,58.94
ORD301473,64.0,5.933483606557377,3,34.4,1.3,Clothing,wallet,yes,Summer,Sun,58.61
ORD301773,41.0,10.2,11,17.6,1.1,Sports,credit card,no,Summer,Wed,148.23
ORD304673,46.0,2.8,10,1.1,20.3,Clothing,upi,no,Summer,Mon,75.3
ORD301093,45.0,0.2,14,37.3,9.6,Clothing,debit card,yes,Monsoon,Mon,75.36
ORD304176,40.0,10.9,13,15.1,11.4,Electronics,credit card,no,Winter,Mon,506.22
ORD301950,35.0,2.3,1,6.6,6.2,Toys,upi,no,Monsoon,Sun,58.05
ORD303884,47.0,1.1,9,10.4,25.2,Sports,debit card,yes,Monsoon,Tue,127.31
ORD304914,44.0,11.4,11,21.3,9.9,Beauty,credit card,no,Monsoon,Sat,82.48
ORD304733,63.0,6.0,3,20.5,1.3,Beauty,credit card,no,Monsoon,Fri,72.13
ORD302800,41.0,4.3,14,3.8,6.9,Clothing,credit card,yes,Spring,Fri,156.64
ORD301239,18.0,1.5,8,35.7,7.0,Toys,upi,no,Winter,Tue,21.85
ORD300329,69.0,4.0,8,32.0,35.6,Clothing,credit card,no,Summer,Thu,46.56
ORD303102,53.0,1.1,13,1.0,9.3,Sports,debit card,yes,Spring,Sat,184.17
ORD300242,46.0,6.4,5,29.7,2.3,Clothing,credit card,no,Monsoon,Fri,119.29
ORD304951,51.0,8.1,2,4.4,15.3,Clothing,credit card,yes,Summer,Fri,93.08
ORD302257,57.0,0.2,9,5.6,16.0,Home & Kitchen,upi,no,Monsoon,Wed,153.33
ORD302818,28.0,6.1,9,27.6,6.8,Books,upi,no,Summer,Sun,27.05
ORD303824,52.0,6.4,8,29.2,0.6,Home & Kitchen,upi,yes,Summer,Sun,134.66
ORD300753,44.0,9.6,8,0.8,8.3,Sports,debit card,yes,Winter,Sat,126.66
ORD301563,24.0,5.4,8,28.5,8.6,Toys,upi,yes,Monsoon,Tue,85.57
ORD301934,58.0,11.0,6,1.1,5.9,Clothing,upi,yes,Summer,Fri,104.98
ORD304852,55.0,5.933483606557377,5,12.8,5.6,Electronics,credit card,no,Monsoon,Wed,339.62
ORD303493,45.0,1.4,6,30.6,2.1,Clothing,debit card,no,Summer,Mon,51.01
ORD303022,43.26208443809912,0.9,11,24.1,16.0,Electronics,upi,no,Winter,Sat,372.54
ORD302648,52.0,3.8,13,29.2,18.5,Sports,debit card,no,Spring,Tue,68.82
ORD301856,57.0,0.8,6,13.3,10.055118434603502,Beauty,wallet,no,Spring,Sat,50.03
ORD303563,57.0,4.0,12,17.9,0.9,Beauty,credit card,no,Winter,Sat,102.49
ORD301964,44.0,11.4,1,33.8,33.6,Clothing,debit card,no,Monsoon,Thu,71.02
ORD301013,33.0,9.5,5,19.9,1.3,Home & Kitchen,credit card,no,Monsoon,Mon,119.83
ORD301427,65.0,9.4,10,15.3,11.9,Beauty,debit card,yes,Winter,Mon,128.0
ORD303322,30.0,6.0,5,7.5,20.4,Electronics,credit card,yes,Monsoon,Tue,359.07
ORD301295,63.0,9.3,4,36.2,15.5,Sports,credit card,no,Summer,Wed,56.3
ORD300466,29.0,11.3,12,1.9,15.3,Books,debit card,no,Summer,Sat,78.77
ORD304028,33.0,1.3,11,18.0,2.4,Clothing,debit card,no,Monsoon,Mon,56.81
ORD300174,48.0,3.8,6,29.7,14.5,Electronics,credit card,no,Spring,Sat,267.42
ORD300277,34.0,4.8,9,17.3,1.1,Beauty,debit card,no,Spring,Wed,62.01
ORD301069,23.0,0.7,4,17.6,19.8,Beauty,credit card,no,Winter,Mon,28.05
ORD301548,38.0,6.2,12,31.9,27.2,Home & Kitchen,wallet,no,Winter,Thu,153.91
ORD301024,58.0,3.1,3,36.5,3.7,Electronics,debit card,no,Monsoon,Wed,143.22
ORD302834,44.0,2.3,5,21.4,8.9,Electronics,debit card,no,Winter,Thu,275.7
ORD301466,49.0,8.3,6,22.3,2.7,Sports,debit card,yes,Summer,Thu,126.23
ORD301713,31.0,4.5,10,27.4,5.6,Home & Kitchen,credit card,no,Winter,Sun,136.47
ORD303424,25.0,2.5,7,21.6,28.8,Sports,credit card,no,Spring,Sun,90.25
ORD302611,30.0,3.8,3,3.4,35.3,Electronics,debit card,yes,Monsoon,Fri,302.92
ORD300388,22.0,7.5,14,30.2,3.3,Electronics,debit card,no,Monsoon,Sun,403.37
ORD302070,61.0,3.6,8,36.5,1.4,Electronics,upi,yes,Spring,Wed,284.19
ORD303970,54.0,5.3,4,23.2,8.2,Sports,wallet,no,Summer,Wed,58.64
ORD303495,29.0,0.8,13,37.6,16.2,Beauty,debit card,no,Monsoon,Mon,29.23
ORD302821,42.0,4.9,5,20.299269776876265,26.4,Home & Kitchen,wallet,no,Summer,Wed,112.61
ORD301424,43.26208443809912,4.4,8,32.8,11.9,Electronics,wallet,yes,Winter,Sun,313.22
ORD303542,60.0,11.1,13,20.6,18.7,Home & Kitchen,wallet,yes,Summer,Mon,209.34
ORD304962,28.0,9.9,9,17.8,1.4,Electronics,upi,no,Winter,Fri,441.28
ORD303574,29.0,8.0,13,6.3,1.8,Electronics,credit card,no,Summer,Mon,522.3
ORD300050,68.0,4.0,2,2.9,5.2,Electronics,debit card,yes,Spring,Fri,285.72
ORD301887,52.0,3.7,8,26.5,3.3,Sports,wallet,no,Winter,Mon,80.44
ORD303695,31.0,6.7,3,32.2,21.9,Beauty,credit card,no,Spring,Tue,54.59
ORD304229,21.0,2.0,13,29.1,22.0,Home & Kitchen,credit card,no,Summer,Thu,139.17
ORD300482,23.0,9.5,10,38.6,2.2,Home & Kitchen,credit card,yes,Monsoon,Mon,152.07
ORD303393,31.0,2.8,14,0.8,25.1,Electronics,credit card,yes,Winter,Tue,611.1
ORD302251,68.0,5.9,4,20.299269776876265,11.1,Clothing,credit card,yes,Winter,Sat,96.61
ORD304162,57.0,2.7,3,27.0,8.5,Electronics,credit card,no,Spring,Sat,208.58
ORD302313,20.0,8.6,1,14.9,5.3,Beauty,credit card,no,Summer,Wed,33.56
ORD302849,63.0,9.0,3,29.8,0.5,Clothing,wallet,no,Winter,Wed,63.68
ORD303103,43.0,0.3,1,12.9,4.3,Electronics,upi,no,Summer,Tue,210.99
ORD304127,24.0,5.5,7,32.4,5.5,Clothing,credit card,no,Spring,Mon,62.63
ORD303867,30.0,8.6,11,1.8,5.4,Beauty,debit card,yes,Summer,Mon,95.63
ORD302465,64.0,0.8,1,14.0,6.2,Beauty,credit card,no,Winter,Sun,44.25
ORD302929,21.0,2.3,7,21.7,22.6,Clothing,upi,no,Summer,Sun,75.4
ORD304106,66.0,9.3,11,20.299269776876265,10.5,Clothing,upi,no,Monsoon,Sat,96.42
ORD300064,68.0,5.7,13,23.6,5.9,Clothing,debit card,no,Monsoon,Wed,95.11
ORD304795,27.0,9.2,7,27.4,0.4,Home & Kitchen,credit card,no,Spring,Thu,111.73
ORD300776,49.0,9.6,7,34.3,3.6,Clothing,credit card,no,Summer,Fri,57.51
ORD304173,57.0,1.9,10,38.3,3.9,Home & Kitchen,wallet,no,Winter,Fri,123.86
ORD302734,35.0,3.4,2,3.3,17.8,Home & Kitchen,credit card,no,Spring,Sat,68.67
ORD302580,48.0,10.0,4,21.2,30.2,Books,credit card,no,Monsoon,Mon,25.68
ORD303483,40.0,1.2,3,31.1,11.6,Clothing,credit card,no,Monsoon,Sun,59.43
ORD304939,29.0,4.9,13,1.7,5.9,Sports,debit card,yes,Summer,Fri,191.18
ORD302344,24.0,6.3,11,35.3,6.3,Clothing,credit card,yes,Summer,Wed,87.95
ORD302815,24.0,11.3,10,0.0,8.5,Clothing,credit card,yes,Monsoon,Wed,143.76
ORD304761,21.0,6.8,4,24.0,34.5,Clothing,credit card,no,Summer,Sun,56.32
ORD304026,38.0,1.6,11,7.1,14.3,Home & Kitchen,debit card,no,Summer,Sun,201.5
ORD300724,35.0,0.2,1,37.8,3.0,Home & Kitchen,debit card,yes,Winter,Fri,86.08
ORD304796,27.0,7.6,4,15.3,4.4,Home & Kitchen,credit card,no,Winter,Tue,93.81
ORD304623,28.0,4.4,14,16.5,3.4,Books,debit card,no,Summer,Sat,39.78
ORD303124,29.0,9.1,12,0.5,29.3,Home & Kitchen,credit card,yes,Summer,Sat,224.56
ORD304932,40.0,9.7,3,15.9,8.0,Beauty,credit card,yes,Winter,Mon,84.01
ORD301735,59.0,5.6,13,8.8,2.0,Toys,upi,no,Winter,Thu,69.42
ORD303124,29.0,9.1,12,0.5,29.3,Home & Kitchen,credit card,yes,Summer,Sat,224.56
ORD300273,52.0,3.9,9,11.7,38.8,Books,debit card,yes,Summer,Fri,81.18
ORD302944,26.0,1.5,14,2.5,0.4,Sports,debit card,yes,Monsoon,Sat,172.14
ORD304830,19.0,10.6,3,2.7,10.2,Home & Kitchen,credit card,no,Spring,Fri,107.45
ORD304617,68.0,5.3,5,20.5,7.3,Clothing,debit card,no,Monsoon,Mon,69.51
ORD301452,21.0,2.1,13,19.2,8.8,Electronics,debit card,no,Winter,Sat,443.72
ORD302715,50.0,4.1,11,19.1,7.8,Beauty,debit card,no,Monsoon,Tue,88.76
ORD304245,49.0,8.7,1,13.0,10.055118434603502,Electronics,debit card,no,Summer,Tue,240.44
ORD302692,20.0,0.3,9,27.3,10.055118434603502,Electronics,wallet,no,Winter,Sat,342.08
ORD302767,43.26208443809912,11.7,7,33.0,11.5,Home & Kitchen,credit card,yes,Summer,Wed,119.02
ORD300218,32.0,2.3,10,22.7,24.4,Beauty,debit card,no,Winter,Sat,58.06
ORD300239,19.0,10.1,9,19.8,17.9,Home & Kitchen,upi,no,Monsoon,Tue,117.98
ORD301131,41.0,4.4,5,37.1,1.8,Clothing,wallet,yes,Summer,Mon,967.32
ORD304801,29.0,10.2,3,22.6,10.055118434603502,Toys,credit card,no,Spring,Wed,47.49
ORD303264,41.0,7.9,5,3.3,3.0,Home & Kitchen,credit card,no,Summer,Mon,131.48
ORD302239,66.0,5.933483606557377,4,4.2,0.4,Electronics,credit card,no,Winter,Sun,323.05
ORD301383,46.0,8.7,9,20.4,7.1,Clothing,wallet,no,Monsoon,Mon,109.96
ORD303074,40.0,6.1,13,20.299269776876265,6.6,Home & Kitchen,credit card,no,Winter,Sun,160.35
ORD301357,60.0,11.6,5,20.0,9.3,Clothing,credit card,no,Spring,Tue,102.42
ORD302630,41.0,10.0,1,29.2,6.5,Home & Kitchen,wallet,yes,Winter,Sun,119.62
ORD302832,21.0,11.5,10,38.4,32.7,Toys,wallet,no,Monsoon,Sun,39.86
ORD300624,54.0,1.2,8,25.4,8.7,Clothing,wallet,no,Winter,Thu,88.72
ORD300839,39.0,0.9,9,33.7,10.055118434603502,Electronics,debit card,no,Spring,Fri,295.71
ORD300323,57.0,10.0,3,37.8,9.1,Electronics,debit card,no,Spring,Tue,180.37
ORD301250,34.0,9.3,8,38.0,13.8,Beauty,credit card,no,Summer,Sun,39.95
ORD301867,21.0,10.3,8,10.6,0.4,Electronics,debit card,yes,Summer,Tue,406.32
ORD302826,50.0,8.7,6,29.8,22.3,Sports,wallet,no,Spring,Sun,77.34
ORD304614,28.0,6.6,14,6.8,3.5,Sports,debit card,no,Winter,Mon,176.54
ORD300437,63.0,5.8,1,6.9,4.1,Beauty,debit card,yes,Spring,Wed,69.82
ORD300119,50.0,5.3,8,17.0,3.1,Books,upi,yes,Monsoon,Tue,597.84
ORD304583,43.0,4.5,6,28.7,7.9,Sports,credit card,no,Summer,Wed,46.78
ORD304756,64.0,2.3,3,6.2,11.8,Home & Kitchen,credit card,no,Monsoon,Tue,122.94
ORD301839,66.0,3.4,4,38.3,4.1,Electronics,upi,no,Monsoon,Tue,190.15
ORD301026,52.0,10.5,5,18.9,8.6,Clothing,wallet,no,Summer,Thu,112.32
ORD303301,41.0,11.3,12,0.7,2.2,Electronics,wallet,no,Summer,Mon,583.97
ORD304172,33.0,5.933483606557377,2,14.9,3.0,Electronics,wallet,yes,Winter,Sat,274.27
ORD303101,55.0,11.7,2,26.3,0.6,Clothing,upi,no,Winter,Thu,51.6
ORD300900,47.0,3.0,10,15.2,8.8,Clothing,upi,no,Winter,Fri,82.04
ORD304467,43.0,10.1,1,25.4,1.3,Clothing,wallet,no,Summer,Mon,65.42
ORD301204,42.0,11.2,4,25.0,0.6,Beauty,credit card,no,Spring,Fri,110.13
ORD304662,36.0,9.3,7,24.5,35.6,Beauty,wallet,no,Summer,Wed,36.5
ORD300764,19.0,10.9,9,17.2,1.2,Electronics,credit card,no,Summer,Tue,397.63
ORD304050,35.0,0.3,11,6.4,1.3,Clothing,credit card,no,Winter,Fri,140.86
ORD300552,41.0,4.3,13,22.3,0.0,Home & Kitchen,credit card,no,Winter,Wed,184.63
ORD300406,40.0,11.6,2,34.1,10.055118434603502,Electronics,upi,yes,Summer,Mon,193.23
ORD304598,30.0,2.5,9,0.9,3.1,Electronics,upi,no,Winter,Sun,473.09
ORD301613,52.0,1.4,7,11.6,6.4,Clothing,upi,yes,Spring,Sat,88.07
ORD302934,47.0,9.5,3,36.4,2.3,Clothing,credit card,yes,Spring,Mon,68.56
ORD303298,62.0,0.0,12,16.8,15.5,Books,credit card,no,Spring,Fri,49.58
ORD302833,55.0,5.933483606557377,4,9.9,11.8,Beauty,debit card,no,Winter,Tue,68.93
ORD302349,28.0,8.4,1,7.2,12.6,Books,debit card,no,Summer,Fri,50.66
ORD303109,62.0,0.0,9,11.0,0.1,Electronics,credit card,no,Winter,Sun,391.82
ORD301738,22.0,8.3,8,6.8,10.2,Beauty,debit card,yes,Monsoon,Fri,95.36
ORD300236,52.0,7.4,2,36.1,22.2,Home & Kitchen,upi,no,Spring,Thu,88.88
ORD303163,40.0,1.2,9,15.4,4.4,Clothing,credit card,no,Summer,Tue,79.6
ORD300499,61.0,5.3,9,37.9,0.5,Home & Kitchen,credit card,no,Summer,Wed,128.35
ORD303625,57.0,5.0,1,19.8,11.0,Sports,wallet,no,Summer,Tue,76.17
ORD303127,69.0,9.0,12,32.9,14.6,Home & Kitchen,upi,no,Winter,Fri,145.79
ORD300794,38.0,4.0,4,26.4,7.8,Toys,upi,no,Monsoon,Fri,53.5
ORD303358,22.0,3.9,3,37.2,11.1,Beauty,upi,no,Winter,Mon,22.6
ORD303291,21.0,0.7,3,20.7,10.055118434603502,Clothing,upi,no,Winter,Mon,55.06
ORD303972,51.0,2.1,9,23.3,4.4,Electronics,credit card,no,Winter,Tue,344.82
ORD300990,29.0,7.9,5,33.9,6.8,Electronics,debit card,yes,Summer,Mon,241.8
ORD302435,24.0,5.6,10,3.1,0.2,Home & Kitchen,credit card,no,Spring,Sun,193.72
ORD303376,65.0,8.5,10,5.0,12.4,Electronics,debit card,yes,Summer,Sat,468.33
ORD300390,23.0,5.933483606557377,3,0.0,5.9,Electronics,debit card,no,Monsoon,Thu,334.6
ORD302400,29.0,4.4,8,32.2,9.4,Electronics,credit card,no,Monsoon,Sun,263.02
ORD301217,28.0,8.9,5,1.0,10.055118434603502,Toys,credit card,yes,Summer,Sat,83.05
ORD300235,47.0,5.8,11,36.9,2.3,Home & Kitchen,upi,no,Spring,Fri,136.61
ORD300331,68.0,5.3,2,15.4,5.2,Home & Kitchen,debit card,no,Summer,Mon,90.06
ORD304576,45.0,1.8,8,33.6,10.8,Toys,credit card,yes,Winter,Tue,44.47
ORD303188,43.0,10.0,12,22.8,6.6,Home & Kitchen,credit card,no,Summer,Sat,183.94
ORD300044,30.0,2.3,14,6.7,1.0,Sports,credit card,no,Monsoon,Tue,163.66
ORD304757,58.0,8.4,14,32.0,5.9,Home & Kitchen,upi,no,Monsoon,Tue,193.52
ORD304216,52.0,9.6,3,9.4,7.2,Clothing,credit card,no,Summer,Wed,56.81
ORD303436,60.0,4.8,7,32.5,6.0,Beauty,credit card,no,Monsoon,Mon,37.62
ORD303072,55.0,1.1,4,20.9,10.055118434603502,Clothing,upi,no,Spring,Sat,34.9
ORD303134,19.0,9.6,5,27.4,21.0,Clothing,credit card,no,Summer,Thu,80.05
ORD304045,35.0,5.1,9,19.8,2.7,Clothing,credit card,no,Monsoon,Sun,63.82
ORD301594,27.0,1.2,6,10.4,3.0,Toys,debit card,yes,Summer,Sun,52.84
ORD300223,64.0,3.1,13,4.5,4.4,Electronics,credit card,no,Spring,Sat,519.69
ORD302891,45.0,9.7,4,34.1,8.7,Home & Kitchen,upi,yes,Monsoon,Sat,106.0
ORD301245,60.0,6.8,9,14.7,3.6,Books,upi,no,Winter,Thu,81.2
ORD301540,20.0,1.5,3,31.7,5.1,Home & Kitchen,upi,no,Winter,Sat,72.08
ORD303537,36.0,10.8,3,29.3,3.2,Electronics,upi,no,Spring,Tue,225.86
ORD304148,25.0,4.6,12,10.3,5.2,Toys,credit card,no,Spring,Sat,80.1
ORD302533,57.0,5.8,10,22.2,0.6,Clothing,credit card,no,Winter,Sat,91.47
ORD304998,48.0,7.9,10,30.6,3.3,Clothing,upi,no,Monsoon,Thu,78.52
ORD300818,43.26208443809912,5.2,9,35.5,5.2,Clothing,debit card,no,Winter,Sun,40.03
ORD303458,21.0,3.3,4,17.4,5.0,Electronics,upi,yes,Winter,Sun,315.49
ORD300155,24.0,8.6,10,7.2,7.1,Clothing,upi,no,Summer,Wed,111.65
ORD304949,54.0,9.2,11,35.5,6.6,Sports,credit card,yes,Summer,Mon,140.2
ORD300248,43.0,6.4,2,30.4,0.7,Clothing,wallet,yes,Monsoon,Tue,70.17
ORD303927,34.0,0.1,7,12.3,8.7,Toys,credit card,no,Spring,Thu,41.67
ORD304014,57.0,9.2,7,31.2,10.055118434603502,Electronics,debit card,yes,Monsoon,Mon,319.83
ORD302636,62.0,5.6,12,28.9,3.6,Beauty,credit card,no,Winter,Fri,73.66
ORD300793,25.0,4.0,10,8.3,0.5,Electronics,upi,no,Winter,Sun,443.3
ORD301725,45.0,1.6,3,32.7,10.055118434603502,Home & Kitchen,credit card,yes,Spring,Sat,84.93
ORD303189,54.0,5.933483606557377,8,31.7,15.2,Electronics,credit card,no,Winter,Wed,354.08
ORD302649,64.0,4.6,10,10.6,23.8,Sports,credit card,no,Spring,Sun,123.17
ORD300628,19.0,6.0,9,3.3,2.9,Clothing,wallet,no,Spring,Thu,101.71
ORD304809,32.0,4.8,12,5.4,16.2,Home & Kitchen,credit card,no,Summer,Fri,197.59
ORD302339,38.0,4.0,2,36.5,4.2,Sports,debit card,yes,Summer,Fri,59.66
ORD304930,18.0,0.3,4,39.5,3.0,Home & Kitchen,upi,no,Spring,Fri,111.99
ORD301620,60.0,3.5,2,28.8,3.0,Beauty,wallet,yes,Spring,Tue,45.03
ORD301451,42.0,8.9,3,33.1,3.4,Toys,credit card,yes,Spring,Wed,71.23
ORD302902,43.26208443809912,8.9,3,9.2,9.5,Clothing,debit card,no,Spring,Mon,85.98
ORD301828,30.0,0.5,7,27.8,0.9,Beauty,debit card,no,Spring,Sat,61.38
ORD300826,47.0,7.6,6,20.6,16.0,Clothing,wallet,no,Winter,Mon,53.83
ORD301639,32.0,7.3,9,15.7,18.6,Books,debit card,no,Winter,Tue,26.83
ORD303864,22.0,10.9,8,9.0,12.0,Toys,upi,no,Winter,Thu,96.22
ORD302913,37.0,9.8,1,37.8,2.1,Books,debit card,no,Winter,Tue,26.87
ORD303791,52.0,1.2,12,0.6,17.7,Home & Kitchen,credit card,yes,Winter,Tue,197.27
ORD302939,66.0,8.2,12,37.0,1.1,Home & Kitchen,upi,no,Summer,Sun,165.31
ORD303420,18.0,7.6,3,38.6,3.4,Sports,wallet,no,Monsoon,Wed,59.93
ORD303996,27.0,3.9,14,32.7,33.0,Electronics,upi,yes,Winter,Mon,412.38
ORD303767,29.0,9.3,8,28.0,10.055118434603502,Beauty,upi,yes,Monsoon,Wed,75.15
ORD300535,51.0,11.2,2,1.3,3.2,Home & Kitchen,debit card,no,Summer,Thu,161.51
ORD302663,41.0,6.2,12,39.7,12.7,Home & Kitchen,upi,no,Summer,Tue,140.9
ORD303241,60.0,5.8,12,11.0,12.0,Clothing,debit card,no,Summer,Fri,102.73
ORD303149,35.0,8.2,1,33.5,0.4,Sports,wallet,yes,Winter,Wed,63.41
ORD302952,37.0,0.6,11,39.5,5.5,Clothing,credit card,no,Winter,Sat,103.71
ORD301311,66.0,2.3,14,30.8,3.5,Sports,debit card,yes,Winter,Thu,124.75
ORD300322,36.0,0.8,9,36.8,5.3,Clothing,credit card,yes,Summer,Sun,29.34
ORD304110,55.0,11.3,3,22.7,2.8,Sports,debit card,yes,Winter,Sat,102.77
ORD303330,32.0,7.2,12,38.3,8.0,Beauty,credit card,no,Monsoon,Thu,71.49
ORD303985,24.0,2.1,12,4.3,4.2,Clothing,wallet,yes,Monsoon,Sun,147.85
ORD301798,28.0,0.1,7,7.8,14.2,Clothing,upi,no,Winter,Mon,85.98
ORD300082,63.0,7.4,10,29.4,3.4,Electronics,credit card,no,Winter,Thu,358.63
ORD302560,40.0,11.6,3,6.3,0.3,Electronics,upi,yes,Spring,Sun,3678.480000000001
ORD301943,55.0,6.8,11,1.4,7.9,Sports,upi,yes,Spring,Tue,152.54
ORD301988,18.0,6.2,8,7.4,1.8,Beauty,debit card,no,Monsoon,Sun,96.24
ORD303536,35.0,0.5,1,21.3,0.9,Books,credit card,no,Spring,Sun,15.2
ORD301574,49.0,2.8,6,4.2,20.5,Electronics,debit card,yes,Winter,Sat,393.34
ORD302977,23.0,5.0,13,35.4,0.8,Home & Kitchen,credit card,yes,Winter,Sun,149.75
ORD302723,31.0,6.4,11,3.1,6.1,Clothing,wallet,no,Monsoon,Sun,137.0
ORD303405,57.0,1.1,14,10.7,12.1,Electronics,debit card,no,Spring,Fri,554.27
ORD302058,43.0,0.8,2,28.0,0.9,Home & Kitchen,debit card,no,Winter,Tue,65.31
ORD301762,62.0,5.9,8,31.1,13.4,Home & Kitchen,upi,yes,Monsoon,Sun,129.23
ORD301494,27.0,2.8,13,32.7,25.1,Toys,credit card,no,Winter,Mon,57.69
ORD302080,40.0,6.8,6,10.5,24.7,Toys,credit card,no,Summer,Tue,68.85
ORD301174,34.0,3.7,1,1.9,0.9,Electronics,credit card,yes,Summer,Sat,250.41
ORD304509,56.0,9.4,11,6.1,6.6,Sports,upi,no,Summer,Fri,154.1
ORD302628,38.0,6.6,7,34.0,2.1,Clothing,debit card,no,Winter,Wed,77.48
ORD304261,52.0,10.3,14,14.4,0.9,Clothing,debit card,yes,Monsoon,Mon,123.95
ORD304699,57.0,8.8,5,13.3,19.3,Beauty,upi,no,Summer,Mon,52.9
ORD300614,35.0,7.4,11,9.3,21.0,Electronics,upi,no,Summer,Tue,482.54
ORD303093,49.0,0.7,3,26.7,2.7,Sports,upi,no,Winter,Mon,89.74
ORD303450,29.0,3.9,12,14.4,0.4,Electronics,debit card,no,Monsoon,Sat,469.19
ORD301014,36.0,11.8,5,8.2,23.8,Beauty,upi,no,Winter,Sun,92.29
ORD303057,25.0,8.0,10,4.2,22.7,Clothing,upi,no,Winter,Tue,103.18
ORD304848,21.0,0.6,8,40.0,32.0,Home & Kitchen,wallet,yes,Winter,Mon,105.53
ORD303905,30.0,2.4,6,22.4,3.6,Clothing,upi,yes,Winter,Wed,39.42
ORD302181,53.0,4.8,13,25.1,20.6,Clothing,wallet,no,Monsoon,Thu,72.91
ORD303418,59.0,0.4,1,32.5,14.4,Toys,upi,yes,Spring,Fri,41.28
ORD304651,50.0,3.6,6,38.7,16.8,Beauty,credit card,yes,Monsoon,Wed,60.31
ORD303100,49.0,7.8,8,10.8,4.1,Toys,credit card,no,Spring,Sat,69.18
ORD301211,35.0,11.8,11,26.7,13.2,Home & Kitchen,upi,no,Spring,Sun,167.98
ORD300634,64.0,11.1,5,16.7,3.2,Electronics,wallet,yes,Spring,Mon,346.48
ORD301055,53.0,5.4,10,18.2,10.055118434603502,Electronics,credit card,no,Spring,Tue,376.13
ORD302340,54.0,1.8,5,38.9,6.3,Electronics,wallet,yes,Spring,Mon,216.65
ORD300796,55.0,0.5,3,0.6,11.0,Clothing,upi,yes,Spring,Tue,86.66
ORD304270,18.0,6.4,14,27.9,9.2,Toys,debit card,no,Spring,Mon,82.98
ORD302814,59.0,5.2,14,25.9,3.0,Electronics,upi,yes,Spring,Thu,475.45
ORD304341,48.0,10.0,9,25.8,1.3,Books,debit card,no,Summer,Thu,72.36
ORD301080,29.0,11.4,7,31.3,27.2,Clothing,upi,no,Monsoon,Tue,55.01
ORD301654,18.0,5.2,3,5.4,11.2,Electronics,credit card,no,Spring,Sat,293.33
ORD301607,37.0,7.2,2,35.5,18.4,Toys,debit card,no,Winter,Fri,27.97
ORD300144,45.0,2.2,7,38.4,3.9,Sports,credit card,yes,Summer,Sun,105.69
ORD304241,62.0,11.4,13,9.1,0.9,Electronics,wallet,no,Monsoon,Tue,558.28
ORD300090,47.0,5.3,9,28.0,10.8,Home & Kitchen,credit card,yes,Winter,Wed,111.8
ORD300682,49.0,11.1,6,17.0,13.2,Beauty,credit card,yes,Winter,Tue,66.34
ORD304406,63.0,10.2,14,31.7,1.4,Books,wallet,no,Spring,Mon,22.07
ORD303431,55.0,7.2,3,29.3,1.5,Electronics,upi,no,Spring,Sun,236.28
ORD300093,48.0,1.4,5,36.4,9.6,Clothing,upi,no,Spring,Tue,76.97
ORD300834,27.0,5.0,10,4.5,1.6,Electronics,upi,no,Winter,Sun,487.41
ORD304845,41.0,4.8,10,27.5,2.5,Books,upi,yes,Monsoon,Wed,71.27
ORD301400,52.0,8.2,14,26.0,1.1,Electronics,credit card,no,Summer,Wed,463.5
ORD303979,24.0,4.5,14,16.7,2.6,Beauty,credit card,no,Spring,Sun,39.76
ORD302291,41.0,10.4,1,26.3,1.1,Toys,debit card,no,Spring,Tue,42.35
ORD301500,56.0,3.6,10,29.3,15.6,Books,debit card,no,Summer,Thu,7.88
ORD302262,43.26208443809912,3.4,8,13.1,1.8,Clothing,credit card,yes,Monsoon,Fri,90.99
ORD301468,19.0,6.1,7,10.9,10.055118434603502,Electronics,credit card,no,Monsoon,Fri,386.66
ORD303928,28.0,10.9,8,21.3,22.7,Clothing,upi,yes,Summer,Sun,85.31
ORD303245,59.0,8.7,11,13.1,7.0,Clothing,upi,no,Spring,Sun,120.31
ORD300998,18.0,5.933483606557377,4,34.1,7.3,Electronics,debit card,no,Monsoon,Sun,225.04
ORD300853,23.0,7.8,12,9.4,1.9,Sports,upi,no,Winter,Wed,131.74
ORD303875,22.0,5.4,12,7.8,2.4,Toys,upi,no,Monsoon,Thu,100.36
ORD301142,43.26208443809912,6.3,8,26.3,22.4,Books,credit card,yes,Spring,Thu,60.0
ORD302274,59.0,7.5,11,27.9,19.5,Home & Kitchen,upi,no,Summer,Fri,155.37
ORD304497,58.0,1.3,13,5.6,20.8,Beauty,debit card,no,Summer,Fri,68.53
ORD301103,63.0,3.1,7,20.299269776876265,1.7,Books,credit card,yes,Winter,Mon,51.82
ORD300084,43.26208443809912,1.6,12,5.9,8.0,Beauty,upi,yes,Winter,Sat,85.4
ORD302210,50.0,6.5,8,10.5,21.1,Clothing,credit card,yes,Summer,Wed,97.9
ORD304210,29.0,10.2,10,3.7,19.1,Electronics,wallet,no,Summer,Tue,472.56
ORD304730,44.0,2.0,11,4.4,12.4,Home & Kitchen,upi,no,Monsoon,Tue,174.84
ORD303440,18.0,9.0,10,35.8,2.6,Beauty,credit card,yes,Winter,Thu,94.62
ORD301567,45.0,3.3,7,2.4,6.2,Beauty,debit card,no,Summer,Sun,85.32
ORD301660,29.0,8.7,14,20.4,14.2,Books,upi,yes,Spring,Wed,100.87
ORD301556,40.0,6.3,12,21.1,0.8,Books,credit card,yes,Winter,Fri,53.88
ORD304721,26.0,5.5,1,32.6,15.2,Beauty,credit card,no,Summer,Sun,348.6
ORD303764,40.0,5.2,12,27.6,9.7,Electronics,credit card,no,Summer,Sat,393.4
ORD303584,43.26208443809912,0.3,10,28.4,5.6,Toys,credit card,yes,Summer,Mon,81.74
ORD301885,56.0,0.6,9,35.9,1.4,Sports,upi,no,Spring,Sat,78.13
ORD303144,43.0,5.7,12,30.1,10.055118434603502,Electronics,wallet,no,Spring,Fri,396.5
ORD301866,28.0,6.7,12,6.1,19.5,Books,credit card,yes,Winter,Sun,69.49
ORD302874,50.0,9.8,11,38.2,1.7,Home & Kitchen,debit card,no,Winter,Wed,152.15
ORD304330,60.0,2.6,6,28.1,6.3,Books,credit card,yes,Winter,Mon,52.25
ORD303588,64.0,5.4,4,18.8,1.6,Toys,debit card,no,Spring,Thu,50.66
ORD303267,25.0,5.0,10,9.2,8.6,Electronics,upi,yes,Winter,Fri,483.08
ORD302884,60.0,11.3,4,31.1,10.3,Books,debit card,no,Winter,Sat,61.91
ORD302890,57.0,1.9,9,21.1,14.1,Clothing,credit card,yes,Summer,Fri,109.1
ORD303007,27.0,5.2,5,7.6,6.3,Books,credit card,no,Summer,Wed,44.94
ORD301826,37.0,5.4,8,24.3,17.4,Home & Kitchen,wallet,no,Monsoon,Wed,142.66
ORD303923,45.0,5.5,9,36.8,2.9,Beauty,credit card,yes,Summer,Wed,72.47
ORD302640,48.0,5.3,6,0.6,21.1,Books,wallet,no,Spring,Fri,45.82
ORD301525,63.0,3.0,14,10.5,7.0,Clothing,upi,no,Winter,Thu,119.44
ORD301562,39.0,7.7,14,30.2,13.0,Sports,debit card,no,Monsoon,Sun,162.3
ORD300343,34.0,10.8,3,35.3,2.0,Books,wallet,no,Spring,Mon,40.94
ORD302542,69.0,5.933483606557377,4,38.2,22.5,Home & Kitchen,credit card,no,Winter,Thu,64.67
ORD303385,61.0,8.7,3,29.6,8.1,Electronics,credit card,no,Summer,Sun,262.95
ORD302412,67.0,10.7,11,27.5,28.6,Toys,debit card,no,Summer,Thu,53.14
ORD302707,46.0,1.6,11,34.6,17.5,Home & Kitchen,upi,yes,Winter,Sat,153.69
ORD301110,39.0,9.1,7,11.7,1.5,Clothing,wallet,yes,Winter,Thu,135.34
ORD303442,53.0,4.1,12,38.1,1.1,Clothing,credit card,no,Winter,Mon,78.01
ORD302213,34.0,2.8,5,13.9,2.1,Beauty,credit card,no,Spring,Sat,36.53
ORD302107,46.0,4.0,4,20.3,11.4,Books,credit card,no,Monsoon,Thu,54.59
ORD301378,53.0,4.3,11,19.3,26.2,Home & Kitchen,debit card,no,Summer,Thu,146.41
ORD302828,57.0,1.5,7,37.2,0.7,Electronics,wallet,no,Summer,Sun,257.5
ORD300424,51.0,3.5,2,24.1,2.6,Sports,wallet,no,Monsoon,Tue,54.59
ORD300292,58.0,3.3,7,35.5,3.9,Home & Kitchen,debit card,no,Spring,Thu,100.92
ORD301065,33.0,1.5,11,26.4,1.3,Books,credit card,no,Summer,Wed,23.35
ORD302377,31.0,4.5,11,22.0,25.2,Electronics,upi,no,Monsoon,Tue,427.36
ORD302127,53.0,6.3,7,32.4,10.6,Beauty,credit card,no,Summer,Tue,64.71
ORD301717,63.0,5.933483606557377,9,6.4,0.7,Toys,debit card,no,Spring,Tue,73.39
ORD300937,28.0,5.9,5,33.4,10.0,Electronics,credit card,yes,Monsoon,Thu,271.59
ORD303779,40.0,7.4,12,26.0,1.8,Sports,debit card,no,Winter,Thu,121.84
ORD303964,25.0,10.7,4,13.7,3.0,Books,wallet,no,Spring,Fri,58.22
ORD303990,18.0,9.1,14,31.9,0.5,Home & Kitchen,credit card,no,Winter,Fri,195.51
ORD300254,26.0,0.8,11,21.0,2.3,Electronics,credit card,no,Spring,Sun,394.65
ORD304877,40.0,6.2,13,8.1,3.7,Home & Kitchen,wallet,no,Monsoon,Fri,191.39
ORD301482,58.0,7.3,11,38.4,4.0,Home & Kitchen,upi,no,Winter,Tue,144.25
ORD300944,58.0,7.5,11,5.8,4.1,Sports,credit card,no,Monsoon,Sat,138.85
ORD303183,23.0,2.8,7,2.0,2.1,Home & Kitchen,wallet,yes,Summer,Sat,168.89
ORD303266,66.0,3.1,8,0.7,20.1,Clothing,upi,yes,Summer,Mon,126.22
ORD302907,52.0,8.3,12,39.3,1.1,Sports,credit card,no,Spring,Fri,120.67
ORD300969,19.0,2.3,14,33.4,8.7,Toys,credit card,no,Winter,Mon,71.31
ORD300496,23.0,9.9,10,40.0,16.8,Clothing,credit card,no,Monsoon,Sat,86.66
ORD301829,56.0,10.4,5,31.8,9.7,Sports,debit card,no,Spring,Tue,81.28
ORD302177,57.0,1.5,2,13.9,5.2,Electronics,credit card,no,Summer,Tue,241.48
ORD300337,50.0,7.0,3,39.0,72.4,Electronics,upi,no,Summer,Fri,1887.36
ORD304704,56.0,4.8,12,8.8,10.055118434603502,Home & Kitchen,debit card,no,Winter,Sat,169.66
ORD301148,56.0,10.5,5,28.9,4.5,Electronics,debit card,no,Spring,Sun,268.79
ORD302243,59.0,0.4,12,31.7,6.5,Home & Kitchen,debit card,no,Monsoon,Sat,166.12
ORD303033,35.0,2.7,10,18.9,22.4,Clothing,wallet,no,Winter,Sun,54.95
ORD303968,25.0,5.933483606557377,1,38.6,2.7,Clothing,credit card,yes,Spring,Sun,51.06
ORD302151,38.0,9.4,6,18.9,5.8,Electronics,wallet,no,Summer,Sun,332.72
ORD302010,38.0,8.5,2,37.5,3.4,Electronics,wallet,no,Summer,Tue,185.2
ORD302491,56.0,6.9,10,29.2,0.8,Books,wallet,no,Monsoon,Tue,111.12
ORD304964,32.0,10.8,10,14.8,10.0,Electronics,upi,no,Winter,Fri,450.32
ORD301810,48.0,8.6,11,22.3,5.7,Home & Kitchen,wallet,no,Winter,Wed,176.95
ORD301994,61.0,8.8,11,9.4,16.4,Books,wallet,no,Monsoon,Thu,49.31
ORD302932,33.0,9.4,4,29.6,2.0,Clothing,credit card,yes,Summer,Fri,89.8
ORD302824,58.0,7.7,5,19.7,9.1,Electronics,upi,no,Winter,Fri,339.64
ORD302897,27.0,7.0,14,4.5,13.2,Sports,upi,no,Monsoon,Tue,146.7
ORD302275,68.0,8.7,9,39.3,17.3,Books,wallet,no,Summer,Fri,35.67
ORD300434,20.0,5.933483606557377,3,16.7,2.8,Electronics,wallet,no,Winter,Sat,273.39
ORD304501,52.0,2.3,9,39.1,4.4,Toys,wallet,yes,Monsoon,Tue,21.24
ORD302823,24.0,10.9,6,15.6,11.5,Beauty,credit card,no,Summer,Thu,82.8
ORD303755,68.0,5.933483606557377,2,33.9,24.5,Books,upi,yes,Monsoon,Mon,44.27
ORD302504,60.0,2.7,12,25.7,24.0,Beauty,credit card,no,Winter,Sat,63.72
ORD303211,46.0,4.3,9,18.2,8.7,Beauty,credit card,no,Summer,Mon,66.66
ORD304641,43.26208443809912,7.9,11,6.4,4.3,Electronics,upi,no,Spring,Tue,496.14
ORD304308,24.0,10.2,2,33.1,0.6,Clothing,wallet,no,Monsoon,Fri,31.38
ORD303540,68.0,9.5,14,22.8,8.4,Sports,debit card,no,Summer,Thu,106.34
ORD303270,66.0,9.6,13,16.2,11.1,Clothing,debit card,no,Summer,Tue,148.14
ORD301941,29.0,1.6,3,2.1,5.7,Beauty,debit card,no,Spring,Thu,66.08
ORD301891,51.0,5.933483606557377,10,3.4,7.3,Toys,credit card,no,Winter,Sat,49.66
ORD303599,18.0,7.4,4,31.5,25.8,Clothing,credit card,no,Winter,Wed,51.35
ORD301265,49.0,7.3,13,1.2,12.3,Sports,debit card,no,Monsoon,Tue,165.98
ORD304438,28.0,5.8,8,36.4,4.8,Home & Kitchen,wallet,no,Spring,Thu,140.91
ORD302597,26.0,0.8,6,26.4,2.5,Toys,wallet,no,Monsoon,Mon,34.66
ORD301410,60.0,3.7,2,1.5,3.1,Electronics,debit card,yes,Monsoon,Thu,282.31
ORD301214,46.0,8.8,1,26.9,36.1,Electronics,credit card,no,Spring,Mon,188.99
ORD300966,60.0,10.0,1,19.8,3.3,Clothing,credit card,no,Monsoon,Thu,51.3
ORD301230,40.0,6.0,12,18.6,10.2,Electronics,credit card,no,Summer,Mon,458.05
ORD304791,55.0,8.2,8,36.1,10.055118434603502,Home & Kitchen,debit card,yes,Spring,Fri,126.35
ORD300605,21.0,9.3,4,32.6,3.3,Electronics,debit card,yes,Winter,Wed,257.85
ORD300104,45.0,0.8,12,18.5,1.1,Beauty,debit card,no,Monsoon,Sat,66.41
ORD300645,39.0,0.1,12,26.9,0.3,Electronics,upi,no,Spring,Sat,400.64
ORD304590,54.0,0.8,7,0.2,40.6,Clothing,upi,no,Monsoon,Tue,49.73
ORD303088,59.0,5.0,13,15.4,0.5,Electronics,debit card,yes,Spring,Thu,539.83
ORD301019,18.0,10.1,3,26.8,14.9,Home & Kitchen,upi,yes,Winter,Tue,129.04
ORD300091,49.0,3.1,11,21.4,11.2,Clothing,upi,yes,Spring,Sun,123.34
ORD302870,43.26208443809912,6.0,11,35.8,0.2,Home & Kitchen,credit card,yes,Winter,Wed,139.46
ORD300908,20.0,3.1,5,39.6,1.1,Beauty,upi,no,Summer,Sun,41.2
ORD302150,28.0,10.7,4,27.1,5.1,Electronics,debit card,no,Spring,Sun,259.72
ORD300238,23.0,5.0,5,37.0,16.0,Electronics,credit card,no,Spring,Sat,225.34
ORD303140,42.0,2.2,11,23.0,0.6,Clothing,wallet,no,Winter,Mon,59.35
ORD300942,35.0,4.3,4,13.7,6.1,Beauty,wallet,yes,Monsoon,Sun,67.59
ORD301270,69.0,6.0,10,23.2,12.3,Sports,credit card,no,Summer,Thu,118.17
ORD300938,18.0,3.0,11,5.0,20.1,Electronics,upi,no,Spring,Thu,509.84
ORD303229,52.0,5.933483606557377,12,35.8,2.9,Clothing,upi,yes,Spring,Mon,60.83
ORD303551,54.0,11.2,3,39.3,1.6,Beauty,credit card,yes,Summer,Fri,88.48
ORD301862,40.0,9.3,1,31.9,2.0,Sports,wallet,no,Monsoon,Wed,62.04
ORD301669,27.0,4.7,8,29.7,0.8,Electronics,debit card,no,Summer,Thu,324.36
ORD300005,36.0,9.9,4,38.6,1.2,Electronics,debit card,no,Spring,Sun,226.55
ORD304343,34.0,5.1,8,19.3,10.5,Electronics,upi,no,Spring,Sat,398.44
ORD303943,49.0,5.5,1,34.0,6.5,Clothing,upi,no,Summer,Fri,43.6
ORD303013,52.0,7.1,9,15.5,5.3,Beauty,credit card,no,Winter,Thu,84.3
ORD300018,20.0,1.7,4,18.9,3.6,Electronics,upi,no,Summer,Sun,268.48
ORD301970,49.0,7.4,12,9.0,10.055118434603502,Home & Kitchen,wallet,yes,Spring,Sat,198.89
ORD302709,43.26208443809912,0.5,1,4.8,5.7,Clothing,upi,yes,Winter,Sun,63.28
ORD302232,23.0,7.0,7,38.9,19.1,Home & Kitchen,upi,no,Winter,Wed,122.51
ORD300811,52.0,11.7,5,22.5,10.2,Electronics,debit card,no,Summer,Sun,301.49
ORD301300,23.0,10.8,8,39.1,46.8,Electronics,debit card,no,Spring,Tue,235.59
ORD304965,63.0,4.2,2,11.5,22.1,Clothing,debit card,no,Spring,Tue,53.96
ORD300260,39.0,5.6,12,16.4,4.3,Clothing,wallet,no,Winter,Sat,129.28
ORD301804,57.0,6.0,8,4.8,2.3,Clothing,credit card,yes,Spring,Wed,101.73
ORD301570,43.26208443809912,7.6,12,7.9,9.9,Electronics,debit card,no,Winter,Mon,509.23
ORD304280,41.0,3.7,3,30.4,15.2,Electronics,credit card,yes,Winter,Sat,215.21
ORD302454,58.0,5.933483606557377,7,0.7,8.0,Sports,credit card,yes,Monsoon,Fri,142.87
ORD301743,51.0,7.5,3,23.7,21.9,Clothing,wallet,yes,Summer,Sat,52.92
ORD301630,22.0,7.0,5,37.4,31.6,Books,wallet,no,Summer,Sat,5.0
ORD301716,55.0,7.7,7,21.2,2.1,Beauty,upi,no,Monsoon,Sat,92.16
ORD300520,25.0,3.7,13,35.3,6.2,Toys,credit card,yes,Spring,Sat,81.7
ORD303937,51.0,10.3,5,16.4,11.7,Books,credit card,yes,Spring,Thu,46.72
ORD303482,43.26208443809912,10.6,13,37.3,0.2,Electronics,debit card,no,Winter,Wed,377.12
ORD301658,46.0,9.7,3,21.6,18.4,Clothing,upi,no,Spring,Mon,47.67
ORD303472,51.0,1.4,13,12.4,4.3,Toys,debit card,no,Summer,Mon,67.94
ORD302475,20.0,7.5,12,32.4,29.7,Toys,credit card,no,Spring,Sat,83.96
ORD303948,32.0,4.3,6,19.5,8.4,Electronics,wallet,no,Winter,Mon,324.52
ORD303934,62.0,1.5,11,20.299269776876265,33.9,Beauty,upi,yes,Winter,Fri,37.73
ORD303645,37.0,4.3,3,2.9,13.1,Books,wallet,no,Summer,Fri,37.57
ORD300763,46.0,9.2,12,34.6,3.2,Sports,upi,yes,Monsoon,Mon,135.37
ORD304703,18.0,11.6,4,1.4,0.4,Toys,credit card,yes,Winter,Wed,80.59
ORD304326,42.0,8.1,6,36.3,5.5,Books,upi,no,Summer,Mon,55.28
ORD304427,64.0,2.5,10,4.3,13.8,Books,upi,yes,Winter,Mon,37.76
ORD301091,56.0,8.1,2,17.1,6.0,Home & Kitchen,wallet,no,Winter,Wed,99.23
ORD303608,62.0,6.1,7,25.0,15.9,Sports,credit card,yes,Monsoon,Fri,96.93
ORD301101,58.0,8.1,10,23.0,10.9,Sports,upi,no,Summer,Mon,105.39
ORD304557,29.0,9.8,12,40.0,25.7,Clothing,credit card,no,Spring,Fri,72.3
ORD300958,56.0,10.8,4,32.5,25.7,Electronics,debit card,no,Summer,Thu,251.63
ORD300559,49.0,5.8,9,24.1,0.6,Toys,credit card,no,Summer,Tue,65.66
ORD301519,40.0,1.7,14,20.1,0.1,Clothing,upi,yes,Summer,Fri,89.92
ORD304963,27.0,5.0,5,10.6,23.5,Electronics,credit card,no,Spring,Thu,313.34
ORD302484,42.0,11.7,7,33.8,4.3,Beauty,debit card,no,Monsoon,Mon,81.52
ORD300366,28.0,7.9,11,19.4,0.3,Beauty,debit card,yes,Monsoon,Fri,85.64
ORD303901,28.0,0.0,11,24.2,5.7,Home & Kitchen,credit card,no,Monsoon,Tue,167.13
ORD301948,52.0,7.6,14,20.1,2.6,Clothing,wallet,no,Winter,Mon,114.75
ORD304165,63.0,4.2,14,7.5,8.0,Toys,upi,no,Monsoon,Sat,76.05
ORD301572,49.0,7.2,3,20.299269776876265,13.3,Home & Kitchen,credit card,no,Monsoon,Sun,91.78
ORD300808,29.0,3.1,9,0.8,4.6,Home & Kitchen,credit card,no,Winter,Mon,165.45
ORD303232,40.0,3.5,14,19.7,12.3,Home & Kitchen,credit card,yes,Spring,Fri,186.51
ORD303946,66.0,10.3,9,29.8,26.8,Sports,credit card,yes,Summer,Tue,149.97
ORD300011,67.0,9.5,10,26.2,0.2,Electronics,debit card,no,Spring,Mon,404.16
ORD302025,26.0,1.4,6,7.3,3.7,Electronics,credit card,yes,Summer,Sun,372.94
ORD300176,39.0,1.0,1,39.4,30.0,Sports,credit card,yes,Monsoon,Thu,72.33
ORD302488,29.0,3.4,2,15.0,5.3,Toys,debit card,no,Spring,Sun,63.97
ORD303886,33.0,6.1,1,22.3,0.4,Sports,wallet,no,Monsoon,Sun,33.55
ORD302569,63.0,2.4,4,34.7,5.2,Beauty,debit card,no,Summer,Sat,34.12
ORD303520,43.26208443809912,0.4,1,26.8,4.4,Electronics,debit card,yes,Summer,Fri,188.01
ORD303760,43.26208443809912,11.3,9,31.0,10.1,Clothing,upi,no,Monsoon,Mon,127.95
ORD303282,24.0,5.933483606557377,13,39.0,0.2,Sports,upi,no,Monsoon,Wed,116.92
ORD301664,42.0,5.8,6,9.0,18.9,Clothing,debit card,yes,Winter,Tue,111.28
ORD302191,49.0,1.7,14,4.2,45.6,Books,upi,no,Monsoon,Sun,20.63
ORD303341,53.0,2.0,8,6.3,1.2,Clothing,credit card,no,Summer,Thu,60.65
ORD303370,57.0,10.0,1,34.9,0.5,Home & Kitchen,upi,no,Monsoon,Fri,92.89
ORD302660,18.0,3.9,11,35.1,0.9,Sports,upi,yes,Monsoon,Wed,123.78
ORD304252,43.0,7.7,11,13.2,2.5,Toys,credit card,no,Spring,Wed,71.03
ORD303578,54.0,11.5,4,35.6,1.8,Electronics,credit card,no,Spring,Sun,214.71
ORD302046,59.0,3.6,9,33.3,2.2,Beauty,wallet,no,Monsoon,Fri,72.95
ORD302624,57.0,6.2,9,28.5,3.3,Beauty,wallet,no,Winter,Wed,93.74
ORD303410,47.0,9.8,6,26.5,12.4,Home & Kitchen,credit card,yes,Spring,Mon,185.64
ORD301185,23.0,9.8,1,20.299269776876265,41.9,Home & Kitchen,debit card,yes,Monsoon,Sun,95.33
ORD301006,60.0,1.3,11,36.8,4.0,Toys,debit card,no,Spring,Thu,42.71
ORD303569,19.0,4.1,2,32.2,10.055118434603502,Books,credit card,no,Spring,Fri,64.88
ORD303737,38.0,7.2,9,32.8,2.1,Clothing,upi,no,Spring,Sat,99.5
ORD304656,23.0,1.7,4,36.4,3.5,Home & Kitchen,credit card,no,Winter,Fri,64.66
ORD302049,28.0,7.5,9,10.4,0.2,Beauty,credit card,yes,Winter,Mon,99.78
ORD304011,44.0,7.9,9,10.9,1.2,Books,credit card,no,Summer,Sat,112.3
ORD300269,51.0,5.7,3,37.7,31.5,Electronics,credit card,no,Spring,Fri,203.41
ORD301993,46.0,1.1,2,34.4,1.1,Clothing,credit card,no,Winter,Mon,51.49
ORD300265,57.0,3.6,8,13.7,7.0,Toys,debit card,no,Summer,Mon,112.47
ORD300914,43.0,10.4,6,21.2,23.9,Electronics,credit card,no,Spring,Sun,338.83
ORD302278,18.0,9.2,4,13.4,7.2,Books,credit card,no,Summer,Tue,51.74
ORD302231,24.0,0.6,4,4.7,0.1,Clothing,upi,no,Spring,Fri,77.17
ORD300290,67.0,8.3,13,11.8,5.8,Clothing,credit card,no,Summer,Mon,106.25
ORD302912,49.0,9.5,5,27.5,11.2,Clothing,credit card,no,Summer,Wed,89.81
ORD302093,30.0,11.8,1,26.7,15.5,Toys,credit card,no,Monsoon,Sat,62.71
ORD304571,24.0,11.9,7,31.2,22.3,Home & Kitchen,wallet,yes,Summer,Fri,125.28
ORD301652,30.0,7.3,10,30.2,9.5,Beauty,credit card,yes,Summer,Wed,83.47
ORD304141,28.0,7.6,10,11.5,13.6,Home & Kitchen,debit card,no,Summer,Thu,137.45
ORD304257,53.0,7.3,9,3.7,14.1,Beauty,upi,no,Winter,Sat,64.79
ORD303039,48.0,3.5,4,5.6,0.7,Home & Kitchen,debit card,no,Monsoon,Fri,82.84
ORD302677,52.0,11.2,9,20.4,20.6,Clothing,wallet,no,Winter,Sun,110.78
ORD300288,44.0,7.0,1,27.0,15.5,Toys,debit card,yes,Winter,Sun,14.37
ORD303107,53.0,7.7,13,5.4,5.6,Electronics,wallet,no,Summer,Mon,585.28
ORD304119,53.0,3.5,6,26.4,3.9,Electronics,credit card,no,Summer,Sun,292.96
ORD300575,42.0,7.4,10,28.0,5.4,Clothing,credit card,no,Summer,Tue,90.05
ORD300850,64.0,10.8,4,33.1,9.8,Beauty,debit card,no,Spring,Tue,43.64
ORD303883,51.0,9.1,13,2.8,2.9,Home & Kitchen,upi,no,Winter,Tue,227.66
ORD301722,43.26208443809912,3.0,13,30.5,20.1,Home & Kitchen,credit card,no,Monsoon,Mon,132.08
ORD303949,23.0,10.3,4,7.1,2.1,Clothing,wallet,no,Spring,Sat,102.41
ORD301100,26.0,1.5,14,26.0,7.4,Clothing,wallet,no,Winter,Thu,84.09
ORD301207,52.0,3.4,7,21.1,17.2,Toys,credit card,no,Winter,Wed,54.24
ORD301843,53.0,2.6,14,4.5,0.3,Electronics,upi,yes,Summer,Sun,591.78
ORD301848,29.0,5.6,12,18.4,15.5,Home & Kitchen,wallet,no,Winter,Wed,183.54
ORD302524,36.0,11.3,13,21.1,8.3,Clothing,wallet,yes,Winter,Tue,134.78
ORD301694,39.0,5.933483606557377,4,32.1,13.3,Sports,debit card,no,Summer,Wed,46.46
ORD304181,19.0,6.6,10,12.4,15.4,Electronics,credit card,yes,Monsoon,Sun,462.12
ORD304565,49.0,1.7,1,8.0,6.1,Electronics,credit card,yes,Summer,Mon,2657.4
ORD303960,51.0,5.933483606557377,8,34.8,10.055118434603502,Beauty,credit card,yes,Winter,Thu,92.08
ORD300233,48.0,1.7,3,1.5,12.5,Electronics,wallet,no,Winter,Mon,320.9
ORD303332,22.0,7.5,12,34.6,21.7,Beauty,debit card,yes,Summer,Mon,117.54
ORD302647,69.0,2.9,3,29.3,5.0,Home & Kitchen,debit card,no,Monsoon,Tue,86.58
ORD304041,37.0,11.8,9,39.0,4.1,Books,credit card,no,Summer,Fri,20.45
ORD301711,46.0,2.5,13,8.5,0.2,Toys,credit card,yes,Spring,Sat,96.94
ORD300182,41.0,6.6,5,19.4,23.0,Sports,upi,no,Spring,Wed,73.17
ORD301462,26.0,0.7,3,20.299269776876265,28.2,Electronics,credit card,no,Monsoon,Thu,245.5
ORD300049,29.0,5.933483606557377,3,15.5,7.3,Clothing,credit card,no,Monsoon,Wed,72.54
ORD304972,43.0,6.3,13,37.5,15.6,Clothing,credit card,yes,Summer,Mon,129.64
ORD304582,20.0,1.8,7,6.7,10.5,Sports,upi,yes,Winter,Mon,107.8
ORD300106,50.0,6.4,4,15.8,7.6,Electronics,credit card,no,Summer,Fri,289.21
ORD300443,60.0,7.9,12,3.0,6.6,Beauty,debit card,no,Summer,Mon,111.93
ORD301954,28.0,11.1,12,24.0,4.5,Electronics,wallet,no,Monsoon,Mon,426.59
ORD304742,18.0,7.1,10,33.9,9.8,Sports,upi,yes,Spring,Tue,99.85
ORD300726,43.26208443809912,10.6,12,26.8,12.2,Beauty,credit card,yes,Summer,Wed,127.11
ORD302238,61.0,11.4,8,38.7,16.6,Clothing,upi,no,Summer,Sun,104.53
ORD302330,50.0,7.9,5,34.3,18.7,Books,upi,yes,Monsoon,Mon,66.89
ORD304125,36.0,4.7,14,20.299269776876265,10.8,Clothing,debit card,no,Summer,Sat,105.14
ORD300169,43.0,10.8,2,5.2,2.5,Books,upi,no,Summer,Tue,33.04
ORD301001,25.0,1.0,3,9.6,8.4,Clothing,credit card,yes,Summer,Wed,71.56
ORD303252,60.0,1.6,3,37.3,5.6,Beauty,wallet,no,Monsoon,Wed,59.05
ORD302148,60.0,2.0,14,9.7,3.9,Toys,credit card,no,Spring,Sun,73.56
ORD300197,21.0,8.0,8,22.8,35.0,Beauty,debit card,no,Summer,Tue,64.85
ORD304591,38.0,5.933483606557377,8,5.1,2.3,Sports,upi,no,Winter,Wed,81.28
ORD303793,49.0,9.8,5,30.4,5.5,Electronics,credit card,yes,Spring,Wed,300.53
ORD300647,27.0,9.7,14,6.1,31.5,Sports,debit card,yes,Monsoon,Fri,171.56
ORD303035,25.0,3.3,9,13.9,12.6,Beauty,debit card,no,Winter,Thu,36.43
ORD304140,60.0,8.9,11,35.8,10.055118434603502,Books,debit card,no,Winter,Sun,45.22
ORD303733,55.0,9.3,2,38.4,8.4,Beauty,credit card,yes,Winter,Fri,40.69
ORD302758,30.0,6.5,14,15.4,8.6,Clothing,credit card,no,Monsoon,Fri,123.72
ORD300373,56.0,10.1,8,35.3,9.5,Sports,upi,no,Winter,Tue,101.23
ORD304774,31.0,8.8,11,0.6,7.6,Electronics,debit card,yes,Monsoon,Fri,559.14
ORD300566,60.0,6.0,1,23.9,3.0,Beauty,upi,yes,Monsoon,Sun,68.22
ORD303720,57.0,8.0,2,10.3,3.2,Home & Kitchen,credit card,no,Summer,Tue,103.2
ORD302895,37.0,1.7,6,30.8,5.0,Beauty,upi,no,Monsoon,Mon,24.58
ORD304556,39.0,8.9,5,7.1,2.2,Electronics,credit card,no,Winter,Tue,327.33
ORD303485,35.0,6.5,9,7.7,1.8,Electronics,wallet,no,Summer,Fri,462.07
ORD301155,53.0,4.8,10,5.7,14.4,Clothing,upi,no,Spring,Mon,75.21
ORD304135,23.0,7.9,9,18.0,8.4,Clothing,wallet,no,Summer,Sun,100.87
ORD300973,69.0,11.1,5,26.6,0.7,Electronics,credit card,no,Winter,Fri,292.23
ORD303287,34.0,11.8,7,33.0,11.7,Books,credit card,yes,Spring,Wed,50.67
ORD303627,31.0,1.4,9,14.3,3.0,Sports,debit card,no,Summer,Thu,126.51
ORD303638,23.0,2.9,4,13.2,12.7,Sports,upi,yes,Monsoon,Sat,67.63
ORD301835,56.0,2.8,14,37.3,8.5,Beauty,credit card,no,Monsoon,Sat,77.77
ORD302308,22.0,11.4,7,3.1,2.7,Clothing,credit card,no,Summer,Wed,105.82
ORD301840,27.0,0.4,10,25.3,1.9,Beauty,upi,no,Summer,Tue,40.56
ORD304923,64.0,5.5,12,15.5,18.4,Electronics,debit card,yes,Winter,Wed,494.97
ORD302044,47.0,0.0,10,27.3,2.1,Home & Kitchen,credit card,no,Monsoon,Wed,143.2
ORD304405,56.0,5.7,9,3.4,10.055118434603502,Clothing,credit card,no,Spring,Sat,84.38
ORD304372,55.0,4.8,9,13.0,1.3,Electronics,credit card,no,Monsoon,Mon,414.16
ORD304732,23.0,11.5,9,36.4,18.0,Clothing,debit card,no,Spring,Sun,62.91
ORD304750,39.0,8.0,13,37.0,2.0,Beauty,wallet,yes,Winter,Sat,59.91
ORD304718,40.0,11.5,2,15.3,0.7,Electronics,debit card,no,Monsoon,Mon,244.82
ORD300844,55.0,9.9,14,38.3,1.1,Beauty,credit card,no,Summer,Tue,77.35
ORD304489,67.0,0.9,10,22.7,1.2,Home & Kitchen,upi,no,Summer,Fri,127.92
ORD302155,31.0,1.2,7,19.4,6.9,Electronics,upi,no,Winter,Wed,333.33
ORD300349,37.0,11.1,14,32.0,15.6,Toys,credit card,no,Summer,Fri,63.62
ORD300784,59.0,6.3,7,2.1,26.9,Toys,credit card,yes,Summer,Mon,101.51
ORD300047,19.0,4.2,1,12.0,6.7,Sports,wallet,no,Monsoon,Sun,72.75
ORD303651,57.0,5.1,12,16.7,4.8,Sports,credit card,no,Summer,Mon,144.91
ORD304498,63.0,0.8,6,1.2,9.1,Toys,upi,no,Monsoon,Wed,50.04
ORD304018,19.0,8.6,11,22.0,33.5,Sports,credit card,no,Monsoon,Thu,93.12
ORD301439,59.0,5.933483606557377,13,10.8,12.7,Home & Kitchen,debit card,no,Spring,Wed,237.25
ORD301865,30.0,9.0,4,10.2,8.1,Books,credit card,no,Monsoon,Thu,36.91
ORD303195,67.0,0.7,1,12.5,1.7,Clothing,wallet,no,Monsoon,Tue,22.37
ORD300033,27.0,7.2,1,16.6,0.4,Toys,upi,no,Summer,Wed,23.22
ORD300787,45.0,11.2,14,35.8,10.9,Electronics,credit card,no,Summer,Thu,399.89
ORD304577,43.26208443809912,11.4,10,39.2,4.3,Beauty,debit card,yes,Winter,Tue,66.89
ORD302627,29.0,1.5,2,16.0,30.3,Clothing,debit card,no,Winter,Sun,63.57
ORD300931,45.0,8.9,2,9.5,23.4,Books,credit card,no,Monsoon,Tue,56.6
ORD302404,43.26208443809912,0.9,10,19.5,3.9,Home & Kitchen,credit card,no,Monsoon,Fri,142.86
ORD301685,50.0,11.3,13,1.5,7.0,Beauty,upi,no,Monsoon,Fri,120.94
ORD301248,66.0,2.2,8,22.4,3.5,Home & Kitchen,credit card,no,Winter,Tue,134.67
ORD304855,63.0,7.9,2,32.0,2.1,Sports,credit card,no,Monsoon,Tue,55.73
ORD300092,29.0,6.1,4,30.9,2.4,Beauty,upi,no,Spring,Fri,27.15
ORD302851,65.0,8.3,6,22.0,4.0,Home & Kitchen,upi,no,Winter,Mon,128.75
ORD302793,20.0,10.7,2,36.2,2.9,Clothing,debit card,no,Spring,Sun,74.61
ORD300764,19.0,10.9,9,17.2,1.2,Electronics,credit card,no,Summer,Tue,397.63
ORD302988,45.0,9.0,4,18.5,3.7,Home & Kitchen,debit card,no,Spring,Tue,96.27
ORD302448,65.0,7.3,5,21.7,12.6,Clothing,debit card,no,Winter,Wed,83.49
ORD301728,50.0,11.7,9,0.4,0.1,Home & Kitchen,upi,no,Summer,Tue,195.66
ORD300257,37.0,6.5,13,38.2,12.6,Electronics,credit card,no,Winter,Fri,346.03
ORD301219,51.0,10.7,2,15.7,8.5,Home & Kitchen,debit card,no,Monsoon,Fri,117.28
ORD301161,64.0,4.4,8,30.7,4.1,Toys,upi,yes,Winter,Fri,90.2
ORD300772,63.0,8.8,13,34.1,5.7,Sports,upi,no,Spring,Fri,117.62
ORD300312,53.0,0.9,5,14.1,3.8,Beauty,debit card,no,Winter,Wed,43.88
ORD304386,24.0,11.1,12,6.4,0.4,Beauty,credit card,no,Spring,Thu,123.13
ORD304032,35.0,0.9,8,38.6,12.9,Electronics,debit card,yes,Monsoon,Fri,276.9
ORD304859,24.0,5.933483606557377,13,19.0,8.9,Sports,upi,no,Spring,Wed,117.6
ORD302997,36.0,0.5,11,18.1,0.6,Electronics,credit card,no,Monsoon,Mon,444.23
ORD304279,53.0,8.6,11,30.5,5.4,Sports,credit card,no,Summer,Sun,125.16
ORD301176,53.0,9.0,9,4.0,0.9,Sports,credit card,no,Winter,Wed,159.02
ORD303896,62.0,1.2,7,22.4,4.2,Clothing,wallet,no,Winter,Thu,69.15
ORD301349,46.0,11.3,11,20.3,6.2,Toys,debit card,no,Summer,Wed,81.13
ORD303775,52.0,3.5,9,4.4,10.3,Electronics,wallet,no,Monsoon,Thu,441.69
ORD303116,19.0,10.8,2,37.9,13.9,Electronics,wallet,no,Spring,Thu,243.42
ORD303516,48.0,11.2,6,34.7,16.0,Toys,credit card,yes,Spring,Tue,80.81
ORD302298,69.0,8.6,9,4.5,1.3,Electronics,credit card,no,Monsoon,Wed,452.89
ORD302871,29.0,0.5,5,22.2,0.5,Beauty,debit card,no,Winter,Sun,52.84
ORD300391,59.0,1.7,3,35.8,20.0,Electronics,upi,no,Monsoon,Mon,168.23
ORD301456,59.0,6.5,6,0.9,0.6,Sports,upi,yes,Monsoon,Wed,134.54
ORD301092,61.0,6.1,11,22.7,2.3,Books,debit card,yes,Monsoon,Thu,48.84
ORD303239,52.0,6.6,1,20.299269776876265,7.5,Clothing,upi,yes,Winter,Mon,87.02
ORD302191,49.0,1.7,14,4.2,45.6,Books,upi,no,Monsoon,Sun,20.63
ORD302778,63.0,2.8,5,16.7,6.8,Sports,credit card,no,Winter,Sat,98.61
ORD304462,26.0,9.0,4,35.0,9.3,Home & Kitchen,debit card,no,Monsoon,Thu,95.08
ORD304441,43.26208443809912,6.7,10,10.1,7.6,Electronics,upi,no,Monsoon,Tue,454.99
ORD303656,43.0,2.1,2,5.7,29.9,Home & Kitchen,credit card,no,Monsoon,Mon,109.79
ORD302583,46.0,3.0,12,10.7,21.1,Sports,debit card,no,Monsoon,Wed,138.33
ORD303257,39.0,2.2,4,17.1,0.5,Electronics,wallet,no,Summer,Mon,236.78
ORD301372,50.0,9.4,8,1.3,5.7,Clothing,credit card,no,Summer,Wed,105.72
ORD300919,30.0,6.9,6,33.0,14.7,Books,upi,no,Winter,Mon,35.51
ORD304307,32.0,10.9,14,2.3,6.2,Electronics,credit card,no,Winter,Thu,616.54
ORD302550,24.0,1.4,8,31.7,2.4,Electronics,upi,no,Monsoon,Sat,309.25
ORD300537,52.0,6.3,12,16.0,9.3,Beauty,credit card,yes,Winter,Mon,85.02
ORD301220,35.0,8.3,14,31.9,9.1,Sports,credit card,no,Monsoon,Fri,157.28
ORD304271,18.0,12.0,12,29.3,2.8,Books,credit card,yes,Monsoon,Sun,61.1
